sample_id	gene_id	seq_loc	description
SAMPLE_000001	FRAG_000001	hg38:21:7713773-7728864:-	15092
SAMPLE_000002	FRAG_000002	hg19:8:38456926-38486681:+	29756
SAMPLE_000003	FRAG_000003	hg38:22:147395715-147493294:+	97580
SAMPLE_000004	FRAG_000004	hg19:19:9531599-9587400:+	55802
SAMPLE_000005	FRAG_000005	hg38:3:63454433-63483589:+	29157
SAMPLE_000006	FRAG_000006	hg19:18:193205051-193231612:-	26562
SAMPLE_000007	FRAG_000007	hg38:8:159179802-159239179:-	59378
SAMPLE_000008	FRAG_000008	hg19:1:43858220-43958177:-	99958
SAMPLE_000009	FRAG_000009	hg38:11:42736211-42773131:+	36921
SAMPLE_000010	FRAG_000010	hg19:11:25896273-25910168:-	13896
SAMPLE_000011	FRAG_000011	hg38:4:93329911-93377462:-	47552
SAMPLE_000012	FRAG_000012	hg19:2:124325926-124422072:+	96147
SAMPLE_000013	FRAG_000013	hg38:13:149187279-149198106:-	10828
SAMPLE_000014	FRAG_000014	hg19:21:98075663-98157232:+	81570
SAMPLE_000015	FRAG_000015	hg38:X:13300889-13310504:+	9616
SAMPLE_000016	FRAG_000016	hg19:10:63489327-63500284:+	10958
SAMPLE_000017	FRAG_000017	hg38:13:122711401-122748334:-	36934
SAMPLE_000018	FRAG_000018	hg19:6:96367253-96416272:+	49020
SAMPLE_000019	FRAG_000019	hg38:22:189393455-189428947:+	35493
SAMPLE_000020	FRAG_000020	hg19:20:46939680-47023406:+	83727
SAMPLE_000021	FRAG_000021	hg38:6:102859295-102920383:-	61089
SAMPLE_000022	FRAG_000022	hg19:21:150505059-150595756:+	90698
SAMPLE_000023	FRAG_000023	hg38:22:16015728-16058731:+	43004
SAMPLE_000024	FRAG_000024	hg19:2:108686853-108728699:-	41847
SAMPLE_000025	FRAG_000025	hg38:3:153251235-153279387:-	28153
SAMPLE_000026	FRAG_000026	hg19:7:135011371-135097779:-	86409
SAMPLE_000027	FRAG_000027	hg38:21:39351800-39412441:-	60642
SAMPLE_000028	FRAG_000028	hg19:5:151691111-151723935:-	32825
SAMPLE_000029	FRAG_000029	hg38:Y:116006828-116083949:-	77122
SAMPLE_000030	FRAG_000030	hg19:12:38133144-38162389:-	29246
SAMPLE_000031	FRAG_000031	hg38:3:13647705-13747265:+	99561
SAMPLE_000032	FRAG_000032	hg19:5:43944840-44027579:-	82740
SAMPLE_000033	FRAG_000033	hg38:20:104285188-104294013:-	8826
SAMPLE_000034	FRAG_000034	hg19:20:143033050-143094897:-	61848
SAMPLE_000035	FRAG_000035	hg38:18:183612186-183614189:+	2004
SAMPLE_000036	FRAG_000036	hg19:22:72625340-72696220:-	70881
SAMPLE_000037	FRAG_000037	hg38:4:117706409-117745377:+	38969
SAMPLE_000038	FRAG_000038	hg19:15:194835111-194836035:-	925
SAMPLE_000039	FRAG_000039	hg38:17:137279761-137303676:+	23916
SAMPLE_000040	FRAG_000040	hg19:21:172516698-172556314:+	39617
SAMPLE_000041	FRAG_000041	hg38:5:44365489-44414997:+	49509
SAMPLE_000042	FRAG_000042	hg19:20:132159096-132202082:+	42987
SAMPLE_000043	FRAG_000043	hg38:4:83547695-83595770:+	48076
SAMPLE_000044	FRAG_000044	hg19:2:153298718-153330788:+	32071
SAMPLE_000045	FRAG_000045	hg38:3:131457070-131553501:+	96432
SAMPLE_000046	FRAG_000046	hg19:18:35464821-35481803:-	16983
SAMPLE_000047	FRAG_000047	hg38:18:72150596-72172738:-	22143
SAMPLE_000048	FRAG_000048	hg19:7:196939378-197010563:+	71186
SAMPLE_000049	FRAG_000049	hg38:X:108103679-108145035:-	41357
SAMPLE_000050	FRAG_000050	hg19:15:122194888-122263226:+	68339
SAMPLE_000051	FRAG_000051	hg38:8:18186821-18216771:-	29951
SAMPLE_000052	FRAG_000052	hg19:1:149692176-149769785:+	77610
SAMPLE_000053	FRAG_000053	hg38:19:2930277-2959640:+	29364
SAMPLE_000054	FRAG_000054	hg19:X:16803806-16887024:+	83219
SAMPLE_000055	FRAG_000055	hg38:3:89698723-89703339:+	4617
SAMPLE_000056	FRAG_000056	hg19:17:75753171-75784865:-	31695
SAMPLE_000057	FRAG_000057	hg38:7:36517190-36588367:-	71178
SAMPLE_000058	FRAG_000058	hg19:8:110269327-110331819:+	62493
SAMPLE_000059	FRAG_000059	hg38:4:177894335-177907538:-	13204
SAMPLE_000060	FRAG_000060	hg19:12:111354427-111410445:-	56019
SAMPLE_000061	FRAG_000061	hg38:Y:181754918-181762517:+	7600
SAMPLE_000062	FRAG_000062	hg19:2:196478346-196531617:-	53272
SAMPLE_000063	FRAG_000063	hg38:4:52429568-52462658:+	33091
SAMPLE_000064	FRAG_000064	hg19:18:38629899-38689198:-	59300
SAMPLE_000065	FRAG_000065	hg38:6:125185777-125222785:+	37009
SAMPLE_000066	FRAG_000066	hg19:3:148726826-148785407:+	58582
SAMPLE_000067	FRAG_000067	hg38:2:146112968-146198944:+	85977
SAMPLE_000068	FRAG_000068	hg19:3:64452636-64551906:+	99271
SAMPLE_000069	FRAG_000069	hg38:14:130213667-130277819:+	64153
SAMPLE_000070	FRAG_000070	hg19:13:45194440-45202624:-	8185
SAMPLE_000071	FRAG_000071	hg38:1:72189903-72241575:-	51673
SAMPLE_000072	FRAG_000072	hg19:10:187989857-188045800:-	55944
SAMPLE_000073	FRAG_000073	hg38:5:80646901-80672290:+	25390
SAMPLE_000074	FRAG_000074	hg19:2:198497944-198574357:+	76414
SAMPLE_000075	FRAG_000075	hg38:Y:16345186-16386789:+	41604
SAMPLE_000076	FRAG_000076	hg19:19:135982870-136045862:+	62993
SAMPLE_000077	FRAG_000077	hg38:2:22504757-22571818:+	67062
SAMPLE_000078	FRAG_000078	hg19:3:19243105-19321596:+	78492
SAMPLE_000079	FRAG_000079	hg38:13:153921079-153937291:+	16213
SAMPLE_000080	FRAG_000080	hg19:19:11668071-11746494:+	78424
SAMPLE_000081	FRAG_000081	hg38:14:157678336-157764998:-	86663
SAMPLE_000082	FRAG_000082	hg19:9:180778197-180805468:-	27272
SAMPLE_000083	FRAG_000083	hg38:8:107242954-107278267:+	35314
SAMPLE_000084	FRAG_000084	hg19:22:81529852-81614958:-	85107
SAMPLE_000085	FRAG_000085	hg38:11:20473144-20572191:+	99048
SAMPLE_000086	FRAG_000086	hg19:15:152127454-152209369:+	81916
SAMPLE_000087	FRAG_000087	hg38:3:58218174-58289141:-	70968
SAMPLE_000088	FRAG_000088	hg19:5:19466026-19512270:+	46245
SAMPLE_000089	FRAG_000089	hg38:12:43344843-43382695:-	37853
SAMPLE_000090	FRAG_000090	hg19:18:82206326-82299039:+	92714
SAMPLE_000091	FRAG_000091	hg38:22:81363870-81437061:+	73192
SAMPLE_000092	FRAG_000092	hg19:5:31985146-32020309:+	35164
SAMPLE_000093	FRAG_000093	hg38:Y:42727730-42800741:-	73012
SAMPLE_000094	FRAG_000094	hg19:10:57540466-57620241:-	79776
SAMPLE_000095	FRAG_000095	hg38:7:171251954-171342564:-	90611
SAMPLE_000096	FRAG_000096	hg19:17:68409847-68474378:+	64532
SAMPLE_000097	FRAG_000097	hg38:3:114702755-114786390:-	83636
SAMPLE_000098	FRAG_000098	hg19:2:90538401-90539364:+	964
SAMPLE_000099	FRAG_000099	hg38:21:44374331-44409165:-	34835
SAMPLE_000100	FRAG_000100	hg19:18:115806332-115899324:+	92993
SAMPLE_000101	FRAG_000101	hg38:4:186494166-186504527:+	10362
SAMPLE_000102	FRAG_000102	hg19:18:100110661-100115882:+	5222
SAMPLE_000103	FRAG_000103	hg38:14:12228349-12245552:-	17204
SAMPLE_000104	FRAG_000104	hg19:12:97048684-97054412:+	5729
SAMPLE_000105	FRAG_000105	hg38:22:180028575-180061780:+	33206
SAMPLE_000106	FRAG_000106	hg19:12:110086099-110159983:+	73885
SAMPLE_000107	FRAG_000107	hg38:8:48527133-48548931:-	21799
SAMPLE_000108	FRAG_000108	hg19:1:198720018-198744026:-	24009
SAMPLE_000109	FRAG_000109	hg38:14:198315504-198403809:+	88306
SAMPLE_000110	FRAG_000110	hg19:9:189247930-189269295:+	21366
SAMPLE_000111	FRAG_000111	hg38:13:127349890-127355464:+	5575
SAMPLE_000112	FRAG_000112	hg19:7:94860718-94921549:-	60832
SAMPLE_000113	FRAG_000113	hg38:8:7352373-7382091:+	29719
SAMPLE_000114	FRAG_000114	hg19:13:75786938-75830462:+	43525
SAMPLE_000115	FRAG_000115	hg38:9:173196443-173242967:-	46525
SAMPLE_000116	FRAG_000116	hg19:22:89892365-89963146:+	70782
SAMPLE_000117	FRAG_000117	hg38:4:48933933-48968669:-	34737
SAMPLE_000118	FRAG_000118	hg19:2:161140876-161155583:-	14708
SAMPLE_000119	FRAG_000119	hg38:12:85202113-85298103:-	95991
SAMPLE_000120	FRAG_000120	hg19:20:32043429-32110961:-	67533
SAMPLE_000121	FRAG_000121	hg38:19:69376552-69401965:+	25414
SAMPLE_000122	FRAG_000122	hg19:X:1453998-1511651:+	57654
SAMPLE_000123	FRAG_000123	hg38:12:19783450-19840480:-	57031
SAMPLE_000124	FRAG_000124	hg19:20:179076718-179118362:+	41645
SAMPLE_000125	FRAG_000125	hg38:Y:137129661-137169523:-	39863
SAMPLE_000126	FRAG_000126	hg19:22:88559056-88613083:-	54028
SAMPLE_000127	FRAG_000127	hg38:X:149823967-149863218:+	39252
SAMPLE_000128	FRAG_000128	hg19:7:179490634-179546241:-	55608
SAMPLE_000129	FRAG_000129	hg38:22:47715108-47813666:-	98559
SAMPLE_000130	FRAG_000130	hg19:13:1108968-1181286:-	72319
SAMPLE_000131	FRAG_000131	hg38:10:116397220-116425268:-	28049
SAMPLE_000132	FRAG_000132	hg19:15:119691366-119749770:+	58405
SAMPLE_000133	FRAG_000133	hg38:17:198558147-198620667:+	62521
SAMPLE_000134	FRAG_000134	hg19:22:77178333-77189946:-	11614
SAMPLE_000135	FRAG_000135	hg38:3:64047058-64146010:-	98953
SAMPLE_000136	FRAG_000136	hg19:8:40555028-40581627:+	26600
SAMPLE_000137	FRAG_000137	hg38:2:128543440-128576031:+	32592
SAMPLE_000138	FRAG_000138	hg19:15:170051357-170106177:+	54821
SAMPLE_000139	FRAG_000139	hg38:X:104073435-104165206:-	91772
SAMPLE_000140	FRAG_000140	hg19:13:40613380-40645858:+	32479
SAMPLE_000141	FRAG_000141	hg38:4:59744720-59800943:+	56224
SAMPLE_000142	FRAG_000142	hg19:X:125701661-125770049:+	68389
SAMPLE_000143	FRAG_000143	hg38:18:33576951-33610112:-	33162
SAMPLE_000144	FRAG_000144	hg19:5:180201532-180262932:-	61401
SAMPLE_000145	FRAG_000145	hg38:15:194078632-194159432:-	80801
SAMPLE_000146	FRAG_000146	hg19:18:43723624-43782569:-	58946
SAMPLE_000147	FRAG_000147	hg38:15:67367911-67402382:-	34472
SAMPLE_000148	FRAG_000148	hg19:17:169241502-169305518:+	64017
SAMPLE_000149	FRAG_000149	hg38:9:21799279-21857432:-	58154
SAMPLE_000150	FRAG_000150	hg19:8:91153387-91189500:-	36114
SAMPLE_000151	FRAG_000151	hg38:18:38144504-38155564:+	11061
SAMPLE_000152	FRAG_000152	hg19:8:187280735-187331439:+	50705
SAMPLE_000153	FRAG_000153	hg38:X:18241301-18269843:-	28543
SAMPLE_000154	FRAG_000154	hg19:14:146656069-146699937:-	43869
SAMPLE_000155	FRAG_000155	hg38:14:56521683-56530343:-	8661
SAMPLE_000156	FRAG_000156	hg19:13:187703030-187780085:+	77056
SAMPLE_000157	FRAG_000157	hg38:19:129038272-129088628:+	50357
SAMPLE_000158	FRAG_000158	hg19:12:105686243-105725881:-	39639
SAMPLE_000159	FRAG_000159	hg38:18:198201829-198300306:+	98478
SAMPLE_000160	FRAG_000160	hg19:16:74265515-74294774:-	29260
SAMPLE_000161	FRAG_000161	hg38:16:105383060-105387363:-	4304
SAMPLE_000162	FRAG_000162	hg19:22:109532929-109622444:+	89516
SAMPLE_000163	FRAG_000163	hg38:15:168035831-168053058:+	17228
SAMPLE_000164	FRAG_000164	hg19:13:152502819-152580898:+	78080
SAMPLE_000165	FRAG_000165	hg38:3:116054864-116139609:+	84746
SAMPLE_000166	FRAG_000166	hg19:15:14498178-14522496:-	24319
SAMPLE_000167	FRAG_000167	hg38:13:57817125-57860530:-	43406
SAMPLE_000168	FRAG_000168	hg19:11:102770918-102815653:-	44736
SAMPLE_000169	FRAG_000169	hg38:14:22986536-23020100:-	33565
SAMPLE_000170	FRAG_000170	hg19:1:145799199-145897874:+	98676
SAMPLE_000171	FRAG_000171	hg38:12:175521727-175551615:+	29889
SAMPLE_000172	FRAG_000172	hg19:21:9329551-9335326:+	5776
SAMPLE_000173	FRAG_000173	hg38:7:167788520-167791690:+	3171
SAMPLE_000174	FRAG_000174	hg19:8:128120579-128137622:+	17044
SAMPLE_000175	FRAG_000175	hg38:19:125831609-125860677:-	29069
SAMPLE_000176	FRAG_000176	hg19:12:163643081-163665572:+	22492
SAMPLE_000177	FRAG_000177	hg38:6:30017537-30058804:+	41268
SAMPLE_000178	FRAG_000178	hg19:10:182824027-182899996:-	75970
SAMPLE_000179	FRAG_000179	hg38:13:54238744-54332961:+	94218
SAMPLE_000180	FRAG_000180	hg19:19:169374098-169465117:+	91020
SAMPLE_000181	FRAG_000181	hg38:4:81955484-82047365:+	91882
SAMPLE_000182	FRAG_000182	hg19:19:94201800-94207682:-	5883
SAMPLE_000183	FRAG_000183	hg38:22:19510432-19559502:-	49071
SAMPLE_000184	FRAG_000184	hg19:1:132587518-132643074:+	55557
SAMPLE_000185	FRAG_000185	hg38:14:171613577-171661548:-	47972
SAMPLE_000186	FRAG_000186	hg19:X:117900190-117920741:+	20552
SAMPLE_000187	FRAG_000187	hg38:Y:175605833-175674718:-	68886
SAMPLE_000188	FRAG_000188	hg19:20:130787873-130858911:-	71039
SAMPLE_000189	FRAG_000189	hg38:14:160041194-160137510:-	96317
SAMPLE_000190	FRAG_000190	hg19:11:24263394-24296070:-	32677
SAMPLE_000191	FRAG_000191	hg38:15:125744229-125776691:-	32463
SAMPLE_000192	FRAG_000192	hg19:11:133689390-133693650:-	4261
SAMPLE_000193	FRAG_000193	hg38:6:57940488-58004891:-	64404
SAMPLE_000194	FRAG_000194	hg19:9:76070252-76115359:-	45108
SAMPLE_000195	FRAG_000195	hg38:18:139681071-139682900:+	1830
SAMPLE_000196	FRAG_000196	hg19:3:194293571-194325705:-	32135
SAMPLE_000197	FRAG_000197	hg38:16:65511464-65584731:-	73268
SAMPLE_000198	FRAG_000198	hg19:21:132753848-132847649:-	93802
SAMPLE_000199	FRAG_000199	hg38:1:79983262-79995957:+	12696
SAMPLE_000200	FRAG_000200	hg19:13:66311732-66402904:-	91173
SAMPLE_000201	FRAG_000201	hg38:22:100058173-100134897:-	76725
SAMPLE_000202	FRAG_000202	hg19:18:93276672-93346759:-	70088
SAMPLE_000203	FRAG_000203	hg38:Y:89796113-89868752:-	72640
SAMPLE_000204	FRAG_000204	hg19:X:73723574-73783546:-	59973
SAMPLE_000205	FRAG_000205	hg38:9:33388316-33419032:+	30717
SAMPLE_000206	FRAG_000206	hg19:11:144844886-144861055:+	16170
SAMPLE_000207	FRAG_000207	hg38:7:199267676-199296536:-	28861
SAMPLE_000208	FRAG_000208	hg19:9:159266029-159361500:-	95472
SAMPLE_000209	FRAG_000209	hg38:4:80523054-80548996:+	25943
SAMPLE_000210	FRAG_000210	hg19:12:82139339-82163357:+	24019
SAMPLE_000211	FRAG_000211	hg38:X:34979354-35049863:-	70510
SAMPLE_000212	FRAG_000212	hg19:2:149541166-149548811:-	7646
SAMPLE_000213	FRAG_000213	hg38:X:172226831-172243881:-	17051
SAMPLE_000214	FRAG_000214	hg19:4:155099191-155101297:-	2107
SAMPLE_000215	FRAG_000215	hg38:16:119237443-119300688:-	63246
SAMPLE_000216	FRAG_000216	hg19:6:68774150-68781383:-	7234
SAMPLE_000217	FRAG_000217	hg38:4:108564084-108573147:-	9064
SAMPLE_000218	FRAG_000218	hg19:3:169965544-170041674:+	76131
SAMPLE_000219	FRAG_000219	hg38:5:152086102-152106156:-	20055
SAMPLE_000220	FRAG_000220	hg19:3:32796599-32829628:-	33030
SAMPLE_000221	FRAG_000221	hg38:20:167005412-167084046:+	78635
SAMPLE_000222	FRAG_000222	hg19:17:121934054-121984409:-	50356
SAMPLE_000223	FRAG_000223	hg38:10:116113132-116190770:-	77639
SAMPLE_000224	FRAG_000224	hg19:19:17167949-17249847:+	81899
SAMPLE_000225	FRAG_000225	hg38:7:57646645-57729131:-	82487
SAMPLE_000226	FRAG_000226	hg19:22:43159692-43170832:+	11141
SAMPLE_000227	FRAG_000227	hg38:6:21150073-21222922:+	72850
SAMPLE_000228	FRAG_000228	hg19:1:121931166-121985210:-	54045
SAMPLE_000229	FRAG_000229	hg38:10:63136428-63141205:-	4778
SAMPLE_000230	FRAG_000230	hg19:X:189706784-189744339:-	37556
SAMPLE_000231	FRAG_000231	hg38:3:63659224-63749819:-	90596
SAMPLE_000232	FRAG_000232	hg19:21:178484970-178562773:+	77804
SAMPLE_000233	FRAG_000233	hg38:14:147179851-147195393:+	15543
SAMPLE_000234	FRAG_000234	hg19:21:72305173-72325200:+	20028
SAMPLE_000235	FRAG_000235	hg38:3:45539558-45547873:-	8316
SAMPLE_000236	FRAG_000236	hg19:20:153795352-153894018:-	98667
SAMPLE_000237	FRAG_000237	hg38:15:126815152-126831950:-	16799
SAMPLE_000238	FRAG_000238	hg19:X:74080530-74133786:-	53257
SAMPLE_000239	FRAG_000239	hg38:15:161534244-161545286:+	11043
SAMPLE_000240	FRAG_000240	hg19:14:87522540-87619315:-	96776
SAMPLE_000241	FRAG_000241	hg38:1:62451429-62463898:+	12470
SAMPLE_000242	FRAG_000242	hg19:22:155685122-155720946:+	35825
SAMPLE_000243	FRAG_000243	hg38:6:140308294-140370462:-	62169
SAMPLE_000244	FRAG_000244	hg19:9:158123224-158147511:-	24288
SAMPLE_000245	FRAG_000245	hg38:21:25492696-25557646:-	64951
SAMPLE_000246	FRAG_000246	hg19:12:90471791-90525813:-	54023
SAMPLE_000247	FRAG_000247	hg38:22:44171093-44185302:-	14210
SAMPLE_000248	FRAG_000248	hg19:14:134001453-134092873:-	91421
SAMPLE_000249	FRAG_000249	hg38:22:148665435-148718422:+	52988
SAMPLE_000250	FRAG_000250	hg19:15:85427556-85439597:-	12042
SAMPLE_000251	FRAG_000251	hg38:11:109494915-109510608:+	15694
SAMPLE_000252	FRAG_000252	hg19:22:125010831-125082448:-	71618
SAMPLE_000253	FRAG_000253	hg38:2:140167515-140192600:-	25086
SAMPLE_000254	FRAG_000254	hg19:20:134813222-134912869:-	99648
SAMPLE_000255	FRAG_000255	hg38:2:72687363-72714542:+	27180
SAMPLE_000256	FRAG_000256	hg19:10:188435065-188492988:-	57924
SAMPLE_000257	FRAG_000257	hg38:4:170120316-170124598:+	4283
SAMPLE_000258	FRAG_000258	hg19:X:84416355-84437612:+	21258
SAMPLE_000259	FRAG_000259	hg38:18:26020655-26074630:+	53976
SAMPLE_000260	FRAG_000260	hg19:4:32532078-32593059:+	60982
SAMPLE_000261	FRAG_000261	hg38:16:79345990-79440415:-	94426
SAMPLE_000262	FRAG_000262	hg19:14:127760532-127824273:+	63742
SAMPLE_000263	FRAG_000263	hg38:15:39827032-39899786:-	72755
SAMPLE_000264	FRAG_000264	hg19:7:137429875-137508935:+	79061
SAMPLE_000265	FRAG_000265	hg38:3:112385258-112421965:-	36708
SAMPLE_000266	FRAG_000266	hg19:17:1688606-1724123:-	35518
SAMPLE_000267	FRAG_000267	hg38:Y:158554894-158594525:-	39632
SAMPLE_000268	FRAG_000268	hg19:5:145574123-145633151:-	59029
SAMPLE_000269	FRAG_000269	hg38:12:149154203-149198275:-	44073
SAMPLE_000270	FRAG_000270	hg19:15:51640985-51683660:+	42676
SAMPLE_000271	FRAG_000271	hg38:19:63696440-63747135:-	50696
SAMPLE_000272	FRAG_000272	hg19:2:127963594-128005797:-	42204
SAMPLE_000273	FRAG_000273	hg38:13:176025017-176112507:+	87491
SAMPLE_000274	FRAG_000274	hg19:16:34888974-34894325:-	5352
SAMPLE_000275	FRAG_000275	hg38:4:27766155-27824365:-	58211
SAMPLE_000276	FRAG_000276	hg19:1:39696424-39791615:-	95192
SAMPLE_000277	FRAG_000277	hg38:21:21086555-21107286:-	20732
SAMPLE_000278	FRAG_000278	hg19:9:168304921-168349795:-	44875
SAMPLE_000279	FRAG_000279	hg38:21:89198652-89209678:-	11027
SAMPLE_000280	FRAG_000280	hg19:11:193929239-194011893:-	82655
SAMPLE_000281	FRAG_000281	hg38:18:166748012-166753216:+	5205
SAMPLE_000282	FRAG_000282	hg19:8:184717110-184800336:-	83227
SAMPLE_000283	FRAG_000283	hg38:8:25261017-25359396:-	98380
SAMPLE_000284	FRAG_000284	hg19:4:189949255-190032820:+	83566
SAMPLE_000285	FRAG_000285	hg38:15:187294518-187316822:-	22305
SAMPLE_000286	FRAG_000286	hg19:1:88073661-88080188:+	6528
SAMPLE_000287	FRAG_000287	hg38:10:101620638-101668121:-	47484
SAMPLE_000288	FRAG_000288	hg19:5:143583873-143616379:-	32507
SAMPLE_000289	FRAG_000289	hg38:19:49333653-49423516:+	89864
SAMPLE_000290	FRAG_000290	hg19:6:164609205-164620054:-	10850
SAMPLE_000291	FRAG_000291	hg38:20:65647255-65737293:-	90039
SAMPLE_000292	FRAG_000292	hg19:19:63327610-63346867:-	19258
SAMPLE_000293	FRAG_000293	hg38:21:124365016-124398804:-	33789
SAMPLE_000294	FRAG_000294	hg19:22:125890469-125892199:-	1731
SAMPLE_000295	FRAG_000295	hg38:22:43406259-43478401:+	72143
SAMPLE_000296	FRAG_000296	hg19:15:158725078-158770870:-	45793
SAMPLE_000297	FRAG_000297	hg38:21:186304622-186360736:-	56115
SAMPLE_000298	FRAG_000298	hg19:15:54476905-54517003:-	40099
SAMPLE_000299	FRAG_000299	hg38:16:64674421-64688899:-	14479
SAMPLE_000300	FRAG_000300	hg19:19:155299903-155347451:-	47549
SAMPLE_000301	FRAG_000301	hg38:X:6889365-6928560:-	39196
SAMPLE_000302	FRAG_000302	hg19:9:152915413-152916973:+	1561
SAMPLE_000303	FRAG_000303	hg38:20:134339215-134437385:-	98171
SAMPLE_000304	FRAG_000304	hg19:8:95575436-95655504:+	80069
SAMPLE_000305	FRAG_000305	hg38:21:167669203-167694622:-	25420
SAMPLE_000306	FRAG_000306	hg19:22:194522737-194622271:+	99535
SAMPLE_000307	FRAG_000307	hg38:21:169432003-169445237:+	13235
SAMPLE_000308	FRAG_000308	hg19:10:9956222-10014500:-	58279
SAMPLE_000309	FRAG_000309	hg38:Y:25194993-25212716:-	17724
SAMPLE_000310	FRAG_000310	hg19:11:112535762-112634234:+	98473
SAMPLE_000311	FRAG_000311	hg38:7:145796166-145813987:-	17822
SAMPLE_000312	FRAG_000312	hg19:17:74156003-74222273:+	66271
SAMPLE_000313	FRAG_000313	hg38:9:80226429-80290084:-	63656
SAMPLE_000314	FRAG_000314	hg19:4:21213018-21274902:+	61885
SAMPLE_000315	FRAG_000315	hg38:8:195405442-195494588:-	89147
SAMPLE_000316	FRAG_000316	hg19:18:25240492-25288933:-	48442
SAMPLE_000317	FRAG_000317	hg38:1:145035033-145070195:+	35163
SAMPLE_000318	FRAG_000318	hg19:15:181610992-181659802:-	48811
SAMPLE_000319	FRAG_000319	hg38:19:172409263-172459703:-	50441
SAMPLE_000320	FRAG_000320	hg19:4:63766089-63855040:-	88952
SAMPLE_000321	FRAG_000321	hg38:1:151701646-151783350:-	81705
SAMPLE_000322	FRAG_000322	hg19:20:174852863-174882377:+	29515
SAMPLE_000323	FRAG_000323	hg38:21:189193969-189255320:-	61352
SAMPLE_000324	FRAG_000324	hg19:21:32319958-32373973:+	54016
SAMPLE_000325	FRAG_000325	hg38:2:82702244-82707620:-	5377
SAMPLE_000326	FRAG_000326	hg19:4:64028652-64041890:+	13239
SAMPLE_000327	FRAG_000327	hg38:13:100592645-100652603:-	59959
SAMPLE_000328	FRAG_000328	hg19:19:196044974-196142763:+	97790
SAMPLE_000329	FRAG_000329	hg38:14:27580917-27667257:-	86341
SAMPLE_000330	FRAG_000330	hg19:20:76092173-76146164:+	53992
SAMPLE_000331	FRAG_000331	hg38:X:59322886-59371951:-	49066
SAMPLE_000332	FRAG_000332	hg19:15:98357793-98389239:+	31447
SAMPLE_000333	FRAG_000333	hg38:22:147153940-147202586:-	48647
SAMPLE_000334	FRAG_000334	hg19:2:75056361-75109044:+	52684
SAMPLE_000335	FRAG_000335	hg38:4:25608396-25668495:+	60100
SAMPLE_000336	FRAG_000336	hg19:21:161295147-161379465:+	84319
SAMPLE_000337	FRAG_000337	hg38:2:66382526-66426738:+	44213
SAMPLE_000338	FRAG_000338	hg19:19:19417397-19444792:+	27396
SAMPLE_000339	FRAG_000339	hg38:19:63545106-63573910:-	28805
SAMPLE_000340	FRAG_000340	hg19:5:1761162-1839777:-	78616
SAMPLE_000341	FRAG_000341	hg38:5:146012983-146030520:-	17538
SAMPLE_000342	FRAG_000342	hg19:6:178451308-178466215:+	14908
SAMPLE_000343	FRAG_000343	hg38:5:97164928-97167374:+	2447
SAMPLE_000344	FRAG_000344	hg19:19:5236202-5279138:+	42937
SAMPLE_000345	FRAG_000345	hg38:9:35026486-35033853:-	7368
SAMPLE_000346	FRAG_000346	hg19:17:18061230-18076625:-	15396
SAMPLE_000347	FRAG_000347	hg38:15:138771264-138819216:+	47953
SAMPLE_000348	FRAG_000348	hg19:15:60471808-60538346:+	66539
SAMPLE_000349	FRAG_000349	hg38:Y:140975995-141062857:-	86863
SAMPLE_000350	FRAG_000350	hg19:15:9361936-9446758:+	84823
SAMPLE_000351	FRAG_000351	hg38:16:115426953-115480092:+	53140
SAMPLE_000352	FRAG_000352	hg19:16:120067856-120161730:+	93875
SAMPLE_000353	FRAG_000353	hg38:3:164288597-164331315:+	42719
SAMPLE_000354	FRAG_000354	hg19:3:74824044-74841083:-	17040
SAMPLE_000355	FRAG_000355	hg38:13:143420266-143499066:-	78801
SAMPLE_000356	FRAG_000356	hg19:15:163518017-163584779:-	66763
SAMPLE_000357	FRAG_000357	hg38:4:31712792-31805274:+	92483
SAMPLE_000358	FRAG_000358	hg19:14:62335777-62395462:-	59686
SAMPLE_000359	FRAG_000359	hg38:11:108033318-108093258:-	59941
SAMPLE_000360	FRAG_000360	hg19:Y:84899059-84912021:-	12963
SAMPLE_000361	FRAG_000361	hg38:11:69421458-69509134:-	87677
SAMPLE_000362	FRAG_000362	hg19:5:128310317-128400839:+	90523
SAMPLE_000363	FRAG_000363	hg38:3:26026264-26037951:-	11688
SAMPLE_000364	FRAG_000364	hg19:4:199319041-199417134:-	98094
SAMPLE_000365	FRAG_000365	hg38:5:17101021-17174444:-	73424
SAMPLE_000366	FRAG_000366	hg19:22:111275603-111292123:-	16521
SAMPLE_000367	FRAG_000367	hg38:22:114531247-114630087:+	98841
SAMPLE_000368	FRAG_000368	hg19:10:84872363-84951558:-	79196
SAMPLE_000369	FRAG_000369	hg38:4:137207519-137283766:+	76248
SAMPLE_000370	FRAG_000370	hg19:5:130436731-130523309:+	86579
SAMPLE_000371	FRAG_000371	hg38:4:150321376-150367765:-	46390
SAMPLE_000372	FRAG_000372	hg19:4:155108797-155145808:+	37012
SAMPLE_000373	FRAG_000373	hg38:14:167892712-167966737:+	74026
SAMPLE_000374	FRAG_000374	hg19:20:187152254-187238976:-	86723
SAMPLE_000375	FRAG_000375	hg38:1:74355461-74379607:-	24147
SAMPLE_000376	FRAG_000376	hg19:11:2639010-2685518:+	46509
SAMPLE_000377	FRAG_000377	hg38:5:177454606-177529333:-	74728
SAMPLE_000378	FRAG_000378	hg19:3:199902367-199921461:+	19095
SAMPLE_000379	FRAG_000379	hg38:3:143400362-143498655:+	98294
SAMPLE_000380	FRAG_000380	hg19:13:122774614-122830141:-	55528
SAMPLE_000381	FRAG_000381	hg38:6:84654518-84703520:-	49003
SAMPLE_000382	FRAG_000382	hg19:19:23805481-23884128:+	78648
SAMPLE_000383	FRAG_000383	hg38:5:166849674-166870805:+	21132
SAMPLE_000384	FRAG_000384	hg19:22:74042050-74053242:-	11193
SAMPLE_000385	FRAG_000385	hg38:22:131368821-131424896:-	56076
SAMPLE_000386	FRAG_000386	hg19:14:58866353-58902656:+	36304
SAMPLE_000387	FRAG_000387	hg38:12:30766746-30823594:-	56849
SAMPLE_000388	FRAG_000388	hg19:22:160218262-160307691:-	89430
SAMPLE_000389	FRAG_000389	hg38:17:83790700-83878641:+	87942
SAMPLE_000390	FRAG_000390	hg19:8:161880069-161932375:+	52307
SAMPLE_000391	FRAG_000391	hg38:1:81911642-81938935:+	27294
SAMPLE_000392	FRAG_000392	hg19:5:78697872-78731862:-	33991
SAMPLE_000393	FRAG_000393	hg38:4:134515857-134517369:-	1513
SAMPLE_000394	FRAG_000394	hg19:6:103061158-103078589:+	17432
SAMPLE_000395	FRAG_000395	hg38:17:180327815-180401547:-	73733
SAMPLE_000396	FRAG_000396	hg19:3:12355427-12407970:-	52544
SAMPLE_000397	FRAG_000397	hg38:1:21901084-21961843:-	60760
SAMPLE_000398	FRAG_000398	hg19:19:154920805-154977571:-	56767
SAMPLE_000399	FRAG_000399	hg38:X:113123868-113208271:-	84404
SAMPLE_000400	FRAG_000400	hg19:4:6598638-6652225:-	53588
SAMPLE_000401	FRAG_000401	hg38:6:124506320-124587837:-	81518
SAMPLE_000402	FRAG_000402	hg19:3:29417419-29475158:+	57740
SAMPLE_000403	FRAG_000403	hg38:14:108494928-108572611:+	77684
SAMPLE_000404	FRAG_000404	hg19:13:92137403-92178570:+	41168
SAMPLE_000405	FRAG_000405	hg38:11:21502932-21525468:+	22537
SAMPLE_000406	FRAG_000406	hg19:17:53050628-53117967:-	67340
SAMPLE_000407	FRAG_000407	hg38:12:174259778-174355616:+	95839
SAMPLE_000408	FRAG_000408	hg19:8:40310821-40324794:-	13974
SAMPLE_000409	FRAG_000409	hg38:7:162705246-162728485:+	23240
SAMPLE_000410	FRAG_000410	hg19:21:48552300-48562675:-	10376
SAMPLE_000411	FRAG_000411	hg38:15:152326590-152425975:-	99386
SAMPLE_000412	FRAG_000412	hg19:22:173601805-173676293:-	74489
SAMPLE_000413	FRAG_000413	hg38:21:41522318-41564253:-	41936
SAMPLE_000414	FRAG_000414	hg19:3:119704322-119766283:-	61962
SAMPLE_000415	FRAG_000415	hg38:9:16078588-16156605:-	78018
SAMPLE_000416	FRAG_000416	hg19:17:84324472-84334695:-	10224
SAMPLE_000417	FRAG_000417	hg38:15:16271307-16276735:-	5429
SAMPLE_000418	FRAG_000418	hg19:10:174051337-174061893:+	10557
SAMPLE_000419	FRAG_000419	hg38:20:137114981-137193347:-	78367
SAMPLE_000420	FRAG_000420	hg19:15:149798166-149874729:+	76564
SAMPLE_000421	FRAG_000421	hg38:15:175976285-176051712:+	75428
SAMPLE_000422	FRAG_000422	hg19:11:128675694-128755492:+	79799
SAMPLE_000423	FRAG_000423	hg38:2:28783573-28843122:-	59550
SAMPLE_000424	FRAG_000424	hg19:X:136438841-136450393:+	11553
SAMPLE_000425	FRAG_000425	hg38:2:190950754-190983725:-	32972
SAMPLE_000426	FRAG_000426	hg19:15:141324106-141393295:+	69190
SAMPLE_000427	FRAG_000427	hg38:12:76938667-76988036:-	49370
SAMPLE_000428	FRAG_000428	hg19:14:183240218-183285067:+	44850
SAMPLE_000429	FRAG_000429	hg38:21:90831750-90917092:+	85343
SAMPLE_000430	FRAG_000430	hg19:11:150777109-150789995:-	12887
SAMPLE_000431	FRAG_000431	hg38:10:195275772-195309300:+	33529
SAMPLE_000432	FRAG_000432	hg19:11:157427947-157439128:+	11182
SAMPLE_000433	FRAG_000433	hg38:12:177108347-177149508:-	41162
SAMPLE_000434	FRAG_000434	hg19:5:191276181-191354673:+	78493
SAMPLE_000435	FRAG_000435	hg38:10:102114081-102187839:-	73759
SAMPLE_000436	FRAG_000436	hg19:5:189664725-189753057:+	88333
SAMPLE_000437	FRAG_000437	hg38:21:114657281-114745658:-	88378
SAMPLE_000438	FRAG_000438	hg19:1:83910605-83958630:+	48026
SAMPLE_000439	FRAG_000439	hg38:7:131532356-131577646:+	45291
SAMPLE_000440	FRAG_000440	hg19:8:42592779-42611308:+	18530
SAMPLE_000441	FRAG_000441	hg38:10:137281919-137295674:+	13756
SAMPLE_000442	FRAG_000442	hg19:22:166901559-166946198:+	44640
SAMPLE_000443	FRAG_000443	hg38:20:42406910-42456786:+	49877
SAMPLE_000444	FRAG_000444	hg19:6:168702495-168793806:+	91312
SAMPLE_000445	FRAG_000445	hg38:Y:12728597-12786462:-	57866
SAMPLE_000446	FRAG_000446	hg19:12:194162308-194251459:+	89152
SAMPLE_000447	FRAG_000447	hg38:15:77484758-77565288:-	80531
SAMPLE_000448	FRAG_000448	hg19:8:65201304-65271796:-	70493
SAMPLE_000449	FRAG_000449	hg38:16:99741554-99767483:-	25930
SAMPLE_000450	FRAG_000450	hg19:15:103508101-103545532:-	37432
SAMPLE_000451	FRAG_000451	hg38:6:163313108-163339781:+	26674
SAMPLE_000452	FRAG_000452	hg19:9:173115186-173122524:-	7339
SAMPLE_000453	FRAG_000453	hg38:12:28538720-28611903:+	73184
SAMPLE_000454	FRAG_000454	hg19:10:44033515-44045007:-	11493
SAMPLE_000455	FRAG_000455	hg38:15:40553602-40621387:-	67786
SAMPLE_000456	FRAG_000456	hg19:3:122098747-122128348:-	29602
SAMPLE_000457	FRAG_000457	hg38:1:15296037-15350917:-	54881
SAMPLE_000458	FRAG_000458	hg19:17:64291194-64340708:-	49515
SAMPLE_000459	FRAG_000459	hg38:3:61274165-61323804:+	49640
SAMPLE_000460	FRAG_000460	hg19:11:192851967-192865453:-	13487
SAMPLE_000461	FRAG_000461	hg38:5:11281935-11300469:-	18535
SAMPLE_000462	FRAG_000462	hg19:16:38256879-38348613:-	91735
SAMPLE_000463	FRAG_000463	hg38:15:2409606-2490759:+	81154
SAMPLE_000464	FRAG_000464	hg19:1:58889378-58923421:+	34044
SAMPLE_000465	FRAG_000465	hg38:18:164445007-164540826:-	95820
SAMPLE_000466	FRAG_000466	hg19:4:64791063-64829324:-	38262
SAMPLE_000467	FRAG_000467	hg38:4:65005616-65012373:-	6758
SAMPLE_000468	FRAG_000468	hg19:21:123705503-123787635:+	82133
SAMPLE_000469	FRAG_000469	hg38:4:161185916-161251928:+	66013
SAMPLE_000470	FRAG_000470	hg19:21:155363127-155431177:+	68051
SAMPLE_000471	FRAG_000471	hg38:X:79187728-79207045:-	19318
SAMPLE_000472	FRAG_000472	hg19:1:95708334-95789417:+	81084
SAMPLE_000473	FRAG_000473	hg38:19:51281694-51336793:+	55100
SAMPLE_000474	FRAG_000474	hg19:17:19167529-19215293:+	47765
SAMPLE_000475	FRAG_000475	hg38:13:12686183-12748303:-	62121
SAMPLE_000476	FRAG_000476	hg19:12:5359991-5393736:-	33746
SAMPLE_000477	FRAG_000477	hg38:3:65726746-65772438:+	45693
SAMPLE_000478	FRAG_000478	hg19:19:90259784-90356645:+	96862
SAMPLE_000479	FRAG_000479	hg38:2:147569448-147616123:-	46676
SAMPLE_000480	FRAG_000480	hg19:21:184793076-184816524:-	23449
SAMPLE_000481	FRAG_000481	hg38:X:170580301-170643522:+	63222
SAMPLE_000482	FRAG_000482	hg19:5:193211881-193220650:-	8770
SAMPLE_000483	FRAG_000483	hg38:2:55114170-55153131:+	38962
SAMPLE_000484	FRAG_000484	hg19:7:85717106-85723097:-	5992
SAMPLE_000485	FRAG_000485	hg38:17:146768692-146821387:-	52696
SAMPLE_000486	FRAG_000486	hg19:9:174651031-174656329:+	5299
SAMPLE_000487	FRAG_000487	hg38:10:13832296-13879584:-	47289
SAMPLE_000488	FRAG_000488	hg19:9:99789394-99806208:-	16815
SAMPLE_000489	FRAG_000489	hg38:13:119040903-119138828:-	97926
SAMPLE_000490	FRAG_000490	hg19:11:134198539-134223524:-	24986
SAMPLE_000491	FRAG_000491	hg38:12:72597290-72665851:+	68562
SAMPLE_000492	FRAG_000492	hg19:Y:22186806-22242945:-	56140
SAMPLE_000493	FRAG_000493	hg38:20:147424668-147448819:-	24152
SAMPLE_000494	FRAG_000494	hg19:11:22493335-22507281:-	13947
SAMPLE_000495	FRAG_000495	hg38:22:83274355-83313604:-	39250
SAMPLE_000496	FRAG_000496	hg19:20:115384662-115479226:+	94565
SAMPLE_000497	FRAG_000497	hg38:X:95367675-95426357:-	58683
SAMPLE_000498	FRAG_000498	hg19:2:95639419-95735183:-	95765
SAMPLE_000499	FRAG_000499	hg38:9:16396939-16481254:+	84316
SAMPLE_000500	FRAG_000500	hg19:22:110041228-110125287:-	84060
SAMPLE_000501	FRAG_000501	hg38:17:183377896-183476685:+	98790
SAMPLE_000502	FRAG_000502	hg19:1:164094108-164113321:-	19214
SAMPLE_000503	FRAG_000503	hg38:2:19047818-19064862:+	17045
SAMPLE_000504	FRAG_000504	hg19:21:98214057-98262571:-	48515
SAMPLE_000505	FRAG_000505	hg38:19:163428906-163433649:+	4744
SAMPLE_000506	FRAG_000506	hg19:22:100580027-100639498:-	59472
SAMPLE_000507	FRAG_000507	hg38:15:155060954-155071530:+	10577
SAMPLE_000508	FRAG_000508	hg19:17:107846451-107895046:-	48596
SAMPLE_000509	FRAG_000509	hg38:21:68004617-68041644:+	37028
SAMPLE_000510	FRAG_000510	hg19:1:50941892-51038817:-	96926
SAMPLE_000511	FRAG_000511	hg38:17:151772870-151824092:+	51223
SAMPLE_000512	FRAG_000512	hg19:9:189988711-190023326:-	34616
SAMPLE_000513	FRAG_000513	hg38:7:77658958-77739656:-	80699
SAMPLE_000514	FRAG_000514	hg19:7:37434319-37450892:+	16574
SAMPLE_000515	FRAG_000515	hg38:15:192493772-192516901:-	23130
SAMPLE_000516	FRAG_000516	hg19:3:86788688-86878568:-	89881
SAMPLE_000517	FRAG_000517	hg38:X:148638734-148647744:-	9011
SAMPLE_000518	FRAG_000518	hg19:10:192074800-192095943:+	21144
SAMPLE_000519	FRAG_000519	hg38:12:61194400-61261582:+	67183
SAMPLE_000520	FRAG_000520	hg19:7:64548385-64567086:-	18702
SAMPLE_000521	FRAG_000521	hg38:1:149718997-149766799:-	47803
SAMPLE_000522	FRAG_000522	hg19:15:35835198-35908002:+	72805
SAMPLE_000523	FRAG_000523	hg38:3:107880254-107921292:-	41039
SAMPLE_000524	FRAG_000524	hg19:17:110906474-110960816:+	54343
SAMPLE_000525	FRAG_000525	hg38:5:173426452-173468504:+	42053
SAMPLE_000526	FRAG_000526	hg19:15:183565366-183626922:-	61557
SAMPLE_000527	FRAG_000527	hg38:5:172743374-172816133:+	72760
SAMPLE_000528	FRAG_000528	hg19:5:135986469-136043672:+	57204
SAMPLE_000529	FRAG_000529	hg38:4:42074776-42143183:-	68408
SAMPLE_000530	FRAG_000530	hg19:6:87613584-87635312:+	21729
SAMPLE_000531	FRAG_000531	hg38:12:77248637-77317148:+	68512
SAMPLE_000532	FRAG_000532	hg19:9:171471839-171498067:-	26229
SAMPLE_000533	FRAG_000533	hg38:5:82288860-82371281:+	82422
SAMPLE_000534	FRAG_000534	hg19:17:46267854-46352368:+	84515
SAMPLE_000535	FRAG_000535	hg38:6:168632354-168719194:-	86841
SAMPLE_000536	FRAG_000536	hg19:19:8616451-8622349:+	5899
SAMPLE_000537	FRAG_000537	hg38:2:155825849-155910424:-	84576
SAMPLE_000538	FRAG_000538	hg19:21:154581911-154610041:-	28131
SAMPLE_000539	FRAG_000539	hg38:20:9129809-9214061:-	84253
SAMPLE_000540	FRAG_000540	hg19:21:78758143-78830151:-	72009
SAMPLE_000541	FRAG_000541	hg38:16:184875828-184908423:-	32596
SAMPLE_000542	FRAG_000542	hg19:10:20588546-20648491:+	59946
SAMPLE_000543	FRAG_000543	hg38:6:112567612-112625730:-	58119
SAMPLE_000544	FRAG_000544	hg19:15:92319746-92346986:+	27241
SAMPLE_000545	FRAG_000545	hg38:11:86715840-86810496:-	94657
SAMPLE_000546	FRAG_000546	hg19:13:100466126-100483764:+	17639
SAMPLE_000547	FRAG_000547	hg38:11:126217776-126249960:+	32185
SAMPLE_000548	FRAG_000548	hg19:9:67550218-67609646:+	59429
SAMPLE_000549	FRAG_000549	hg38:4:78903190-78910321:-	7132
SAMPLE_000550	FRAG_000550	hg19:20:67644544-67699848:+	55305
SAMPLE_000551	FRAG_000551	hg38:11:194576439-194652656:-	76218
SAMPLE_000552	FRAG_000552	hg19:7:134752136-134773520:-	21385
SAMPLE_000553	FRAG_000553	hg38:16:134511816-134552756:+	40941
SAMPLE_000554	FRAG_000554	hg19:3:136679214-136731256:-	52043
SAMPLE_000555	FRAG_000555	hg38:8:157590242-157618940:-	28699
SAMPLE_000556	FRAG_000556	hg19:2:76526016-76533139:-	7124
SAMPLE_000557	FRAG_000557	hg38:20:181528375-181614629:-	86255
SAMPLE_000558	FRAG_000558	hg19:10:3195104-3265948:+	70845
SAMPLE_000559	FRAG_000559	hg38:14:71993902-72011956:-	18055
SAMPLE_000560	FRAG_000560	hg19:13:13144663-13193126:-	48464
SAMPLE_000561	FRAG_000561	hg38:2:151811567-151886813:+	75247
SAMPLE_000562	FRAG_000562	hg19:12:78470929-78543940:+	73012
SAMPLE_000563	FRAG_000563	hg38:13:121891082-121957674:-	66593
SAMPLE_000564	FRAG_000564	hg19:20:165025645-165115325:+	89681
SAMPLE_000565	FRAG_000565	hg38:5:106737723-106750894:-	13172
SAMPLE_000566	FRAG_000566	hg19:11:99141713-99215328:+	73616
SAMPLE_000567	FRAG_000567	hg38:7:137666534-137745999:-	79466
SAMPLE_000568	FRAG_000568	hg19:17:13161027-13166802:+	5776
SAMPLE_000569	FRAG_000569	hg38:5:90399933-90493963:-	94031
SAMPLE_000570	FRAG_000570	hg19:17:40980954-41041351:+	60398
SAMPLE_000571	FRAG_000571	hg38:11:86504754-86585609:+	80856
SAMPLE_000572	FRAG_000572	hg19:13:199459529-199540833:-	81305
SAMPLE_000573	FRAG_000573	hg38:19:137181329-137225917:-	44589
SAMPLE_000574	FRAG_000574	hg19:X:81474417-81548699:-	74283
SAMPLE_000575	FRAG_000575	hg38:1:89916450-89965230:+	48781
SAMPLE_000576	FRAG_000576	hg19:14:83591639-83668645:+	77007
SAMPLE_000577	FRAG_000577	hg38:20:72277782-72340486:+	62705
SAMPLE_000578	FRAG_000578	hg19:Y:157638337-157645567:-	7231
SAMPLE_000579	FRAG_000579	hg38:6:169852676-169921887:-	69212
SAMPLE_000580	FRAG_000580	hg19:5:66014144-66103867:+	89724
SAMPLE_000581	FRAG_000581	hg38:19:30499854-30592171:+	92318
SAMPLE_000582	FRAG_000582	hg19:1:85206184-85264490:-	58307
SAMPLE_000583	FRAG_000583	hg38:5:186354753-186409379:+	54627
SAMPLE_000584	FRAG_000584	hg19:14:165142391-165208664:-	66274
SAMPLE_000585	FRAG_000585	hg38:Y:17718505-17814346:+	95842
SAMPLE_000586	FRAG_000586	hg19:17:151561896-151589571:-	27676
SAMPLE_000587	FRAG_000587	hg38:22:142056698-142119898:-	63201
SAMPLE_000588	FRAG_000588	hg19:11:124389988-124413186:-	23199
SAMPLE_000589	FRAG_000589	hg38:18:182427089-182474025:-	46937
SAMPLE_000590	FRAG_000590	hg19:20:52610519-52674480:+	63962
SAMPLE_000591	FRAG_000591	hg38:9:81127759-81201407:+	73649
SAMPLE_000592	FRAG_000592	hg19:10:190220404-190258783:+	38380
SAMPLE_000593	FRAG_000593	hg38:X:132265765-132358668:-	92904
SAMPLE_000594	FRAG_000594	hg19:16:151454741-151500958:-	46218
SAMPLE_000595	FRAG_000595	hg38:10:154941506-154957979:-	16474
SAMPLE_000596	FRAG_000596	hg19:13:40319385-40365121:-	45737
SAMPLE_000597	FRAG_000597	hg38:2:192700843-192739042:+	38200
SAMPLE_000598	FRAG_000598	hg19:12:177086157-177144639:-	58483
SAMPLE_000599	FRAG_000599	hg38:Y:58441647-58504939:+	63293
SAMPLE_000600	FRAG_000600	hg19:18:151865563-151901599:-	36037
SAMPLE_000601	FRAG_000601	hg38:5:166269544-166284359:+	14816
SAMPLE_000602	FRAG_000602	hg19:8:180807185-180814337:+	7153
SAMPLE_000603	FRAG_000603	hg38:21:15090474-15121491:+	31018
SAMPLE_000604	FRAG_000604	hg19:14:193564337-193608128:-	43792
SAMPLE_000605	FRAG_000605	hg38:4:37901026-37990810:+	89785
SAMPLE_000606	FRAG_000606	hg19:18:110228387-110249587:-	21201
SAMPLE_000607	FRAG_000607	hg38:16:54541054-54626820:-	85767
SAMPLE_000608	FRAG_000608	hg19:11:174381902-174419810:+	37909
SAMPLE_000609	FRAG_000609	hg38:3:155117749-155203746:+	85998
SAMPLE_000610	FRAG_000610	hg19:18:195110422-195207742:+	97321
SAMPLE_000611	FRAG_000611	hg38:6:48187920-48243192:+	55273
SAMPLE_000612	FRAG_000612	hg19:13:51012646-51078075:-	65430
SAMPLE_000613	FRAG_000613	hg38:2:81099049-81100762:+	1714
SAMPLE_000614	FRAG_000614	hg19:11:122963400-123001197:-	37798
SAMPLE_000615	FRAG_000615	hg38:5:126633369-126699956:-	66588
SAMPLE_000616	FRAG_000616	hg19:7:89767337-89782600:+	15264
SAMPLE_000617	FRAG_000617	hg38:Y:175022771-175083420:-	60650
SAMPLE_000618	FRAG_000618	hg19:X:4780696-4805600:-	24905
SAMPLE_000619	FRAG_000619	hg38:10:182033177-182108096:+	74920
SAMPLE_000620	FRAG_000620	hg19:6:172456649-172537227:-	80579
SAMPLE_000621	FRAG_000621	hg38:14:89027143-89095180:+	68038
SAMPLE_000622	FRAG_000622	hg19:13:26604744-26692963:+	88220
SAMPLE_000623	FRAG_000623	hg38:5:87866161-87929240:+	63080
SAMPLE_000624	FRAG_000624	hg19:1:103964967-103999647:+	34681
SAMPLE_000625	FRAG_000625	hg38:15:72670742-72770037:-	99296
SAMPLE_000626	FRAG_000626	hg19:10:195047300-195124143:+	76844
SAMPLE_000627	FRAG_000627	hg38:9:97516529-97602707:+	86179
SAMPLE_000628	FRAG_000628	hg19:2:32735741-32823768:-	88028
SAMPLE_000629	FRAG_000629	hg38:10:109828192-109849625:-	21434
SAMPLE_000630	FRAG_000630	hg19:X:172452765-172468653:-	15889
SAMPLE_000631	FRAG_000631	hg38:12:60283766-60364825:+	81060
SAMPLE_000632	FRAG_000632	hg19:5:42120437-42183612:-	63176
SAMPLE_000633	FRAG_000633	hg38:Y:101294154-101374048:-	79895
SAMPLE_000634	FRAG_000634	hg19:X:127386949-127459437:+	72489
SAMPLE_000635	FRAG_000635	hg38:8:160937727-161027399:+	89673
SAMPLE_000636	FRAG_000636	hg19:17:142780392-142839447:-	59056
SAMPLE_000637	FRAG_000637	hg38:3:31120819-31195264:+	74446
SAMPLE_000638	FRAG_000638	hg19:18:55266047-55332801:+	66755
SAMPLE_000639	FRAG_000639	hg38:6:140678118-140721624:-	43507
SAMPLE_000640	FRAG_000640	hg19:4:56137041-56226707:-	89667
SAMPLE_000641	FRAG_000641	hg38:3:120583348-120650742:+	67395
SAMPLE_000642	FRAG_000642	hg19:15:138773918-138791711:-	17794
SAMPLE_000643	FRAG_000643	hg38:15:16498598-16573009:-	74412
SAMPLE_000644	FRAG_000644	hg19:22:195154019-195194910:+	40892
SAMPLE_000645	FRAG_000645	hg38:13:1809459-1843310:+	33852
SAMPLE_000646	FRAG_000646	hg19:19:13157388-13167459:-	10072
SAMPLE_000647	FRAG_000647	hg38:12:18115421-18207720:+	92300
SAMPLE_000648	FRAG_000648	hg19:3:9518765-9581139:-	62375
SAMPLE_000649	FRAG_000649	hg38:14:37353909-37377998:-	24090
SAMPLE_000650	FRAG_000650	hg19:12:121403269-121453900:-	50632
SAMPLE_000651	FRAG_000651	hg38:13:184269032-184280049:+	11018
SAMPLE_000652	FRAG_000652	hg19:21:32845349-32891430:+	46082
SAMPLE_000653	FRAG_000653	hg38:18:142960089-143012106:+	52018
SAMPLE_000654	FRAG_000654	hg19:Y:1932354-1962041:+	29688
SAMPLE_000655	FRAG_000655	hg38:10:181791240-181852425:-	61186
SAMPLE_000656	FRAG_000656	hg19:18:62649978-62700189:+	50212
SAMPLE_000657	FRAG_000657	hg38:15:42640077-42685947:-	45871
SAMPLE_000658	FRAG_000658	hg19:7:31291503-31387032:+	95530
SAMPLE_000659	FRAG_000659	hg38:22:166067190-166122639:+	55450
SAMPLE_000660	FRAG_000660	hg19:8:19063265-19090775:+	27511
SAMPLE_000661	FRAG_000661	hg38:20:120840610-120845509:+	4900
SAMPLE_000662	FRAG_000662	hg19:8:12874707-12972270:-	97564
SAMPLE_000663	FRAG_000663	hg38:15:145890670-145921884:+	31215
SAMPLE_000664	FRAG_000664	hg19:2:136263511-136282377:-	18867
SAMPLE_000665	FRAG_000665	hg38:8:155648441-155744821:-	96381
SAMPLE_000666	FRAG_000666	hg19:19:181531407-181610276:-	78870
SAMPLE_000667	FRAG_000667	hg38:8:39456178-39496229:+	40052
SAMPLE_000668	FRAG_000668	hg19:14:74861069-74900955:+	39887
SAMPLE_000669	FRAG_000669	hg38:18:198356997-198435046:+	78050
SAMPLE_000670	FRAG_000670	hg19:21:115675783-115765247:-	89465
SAMPLE_000671	FRAG_000671	hg38:2:173688840-173734482:-	45643
SAMPLE_000672	FRAG_000672	hg19:17:187913864-187956140:-	42277
SAMPLE_000673	FRAG_000673	hg38:14:81500704-81520761:-	20058
SAMPLE_000674	FRAG_000674	hg19:6:145399019-145498400:-	99382
SAMPLE_000675	FRAG_000675	hg38:8:81728316-81758351:+	30036
SAMPLE_000676	FRAG_000676	hg19:15:151964329-151972380:-	8052
SAMPLE_000677	FRAG_000677	hg38:14:143268594-143342137:+	73544
SAMPLE_000678	FRAG_000678	hg19:13:69449872-69482202:+	32331
SAMPLE_000679	FRAG_000679	hg38:11:22225307-22310571:-	85265
SAMPLE_000680	FRAG_000680	hg19:12:144783569-144796187:+	12619
SAMPLE_000681	FRAG_000681	hg38:2:102245257-102280943:+	35687
SAMPLE_000682	FRAG_000682	hg19:3:158728295-158753456:+	25162
SAMPLE_000683	FRAG_000683	hg38:16:90379426-90407304:-	27879
SAMPLE_000684	FRAG_000684	hg19:1:52009096-52037357:+	28262
SAMPLE_000685	FRAG_000685	hg38:Y:129559343-129658713:+	99371
SAMPLE_000686	FRAG_000686	hg19:X:189916441-189996160:+	79720
SAMPLE_000687	FRAG_000687	hg38:13:149197657-149229525:-	31869
SAMPLE_000688	FRAG_000688	hg19:10:126158155-126208548:-	50394
SAMPLE_000689	FRAG_000689	hg38:10:97541366-97576148:-	34783
SAMPLE_000690	FRAG_000690	hg19:15:194921416-194934839:-	13424
SAMPLE_000691	FRAG_000691	hg38:11:100510345-100537468:-	27124
SAMPLE_000692	FRAG_000692	hg19:14:152001581-152008072:+	6492
SAMPLE_000693	FRAG_000693	hg38:Y:5353996-5373621:-	19626
SAMPLE_000694	FRAG_000694	hg19:18:156462494-156539543:-	77050
SAMPLE_000695	FRAG_000695	hg38:10:53664831-53685306:-	20476
SAMPLE_000696	FRAG_000696	hg19:8:153951707-154001992:+	50286
SAMPLE_000697	FRAG_000697	hg38:16:176719986-176792658:-	72673
SAMPLE_000698	FRAG_000698	hg19:9:195228607-195293150:-	64544
SAMPLE_000699	FRAG_000699	hg38:15:197702048-197724597:-	22550
SAMPLE_000700	FRAG_000700	hg19:6:194357690-194376533:-	18844
SAMPLE_000701	FRAG_000701	hg38:6:173284414-173355971:+	71558
SAMPLE_000702	FRAG_000702	hg19:17:20952917-20957849:+	4933
SAMPLE_000703	FRAG_000703	hg38:1:37907600-37962152:+	54553
SAMPLE_000704	FRAG_000704	hg19:3:41541712-41634901:+	93190
SAMPLE_000705	FRAG_000705	hg38:7:123409161-123475947:-	66787
SAMPLE_000706	FRAG_000706	hg19:2:172188965-172270444:-	81480
SAMPLE_000707	FRAG_000707	hg38:22:5222964-5287407:+	64444
SAMPLE_000708	FRAG_000708	hg19:18:111417840-111490644:+	72805
SAMPLE_000709	FRAG_000709	hg38:1:194862133-194932023:-	69891
SAMPLE_000710	FRAG_000710	hg19:18:5601680-5639755:-	38076
SAMPLE_000711	FRAG_000711	hg38:6:26854062-26868587:+	14526
SAMPLE_000712	FRAG_000712	hg19:8:167371152-167396807:-	25656
SAMPLE_000713	FRAG_000713	hg38:12:107541072-107576609:+	35538
SAMPLE_000714	FRAG_000714	hg19:12:124211269-124264986:+	53718
SAMPLE_000715	FRAG_000715	hg38:X:81523829-81553931:+	30103
SAMPLE_000716	FRAG_000716	hg19:21:9505245-9590926:+	85682
SAMPLE_000717	FRAG_000717	hg38:13:102245685-102295894:-	50210
SAMPLE_000718	FRAG_000718	hg19:2:3536760-3620718:+	83959
SAMPLE_000719	FRAG_000719	hg38:3:117476735-117542751:-	66017
SAMPLE_000720	FRAG_000720	hg19:19:142776650-142789648:+	12999
SAMPLE_000721	FRAG_000721	hg38:8:186834567-186862776:-	28210
SAMPLE_000722	FRAG_000722	hg19:9:20957655-20964256:-	6602
SAMPLE_000723	FRAG_000723	hg38:18:177659855-177734214:+	74360
SAMPLE_000724	FRAG_000724	hg19:6:5203187-5244906:+	41720
SAMPLE_000725	FRAG_000725	hg38:19:192317008-192336406:-	19399
SAMPLE_000726	FRAG_000726	hg19:3:44607406-44647131:+	39726
SAMPLE_000727	FRAG_000727	hg38:19:182740189-182791695:-	51507
SAMPLE_000728	FRAG_000728	hg19:13:199573833-199673371:+	99539
SAMPLE_000729	FRAG_000729	hg38:X:22052772-22148188:-	95417
SAMPLE_000730	FRAG_000730	hg19:2:118329984-118343286:+	13303
SAMPLE_000731	FRAG_000731	hg38:3:163448746-163493887:-	45142
SAMPLE_000732	FRAG_000732	hg19:11:171221083-171225465:-	4383
SAMPLE_000733	FRAG_000733	hg38:15:62240432-62305235:-	64804
SAMPLE_000734	FRAG_000734	hg19:18:116923300-116973006:+	49707
SAMPLE_000735	FRAG_000735	hg38:22:178347764-178425054:-	77291
SAMPLE_000736	FRAG_000736	hg19:3:80290325-80371907:+	81583
SAMPLE_000737	FRAG_000737	hg38:X:23021911-23032044:-	10134
SAMPLE_000738	FRAG_000738	hg19:5:192039380-192089686:+	50307
SAMPLE_000739	FRAG_000739	hg38:Y:86007665-86059232:-	51568
SAMPLE_000740	FRAG_000740	hg19:4:2394581-2407075:-	12495
SAMPLE_000741	FRAG_000741	hg38:15:73414878-73462552:+	47675
SAMPLE_000742	FRAG_000742	hg19:5:51302599-51314540:-	11942
SAMPLE_000743	FRAG_000743	hg38:15:149911884-149985388:-	73505
SAMPLE_000744	FRAG_000744	hg19:4:25056874-25060815:-	3942
SAMPLE_000745	FRAG_000745	hg38:18:161235714-161248411:-	12698
SAMPLE_000746	FRAG_000746	hg19:13:79342177-79344293:-	2117
SAMPLE_000747	FRAG_000747	hg38:13:195573787-195585387:+	11601
SAMPLE_000748	FRAG_000748	hg19:19:46522069-46590870:-	68802
SAMPLE_000749	FRAG_000749	hg38:6:73187385-73206082:-	18698
SAMPLE_000750	FRAG_000750	hg19:9:40174081-40239214:+	65134
SAMPLE_000751	FRAG_000751	hg38:6:75077950-75135422:-	57473
SAMPLE_000752	FRAG_000752	hg19:10:21648421-21712389:-	63969
SAMPLE_000753	FRAG_000753	hg38:9:194514973-194547793:-	32821
SAMPLE_000754	FRAG_000754	hg19:20:53492076-53573403:-	81328
SAMPLE_000755	FRAG_000755	hg38:4:82781009-82799266:+	18258
SAMPLE_000756	FRAG_000756	hg19:13:167481572-167525615:-	44044
SAMPLE_000757	FRAG_000757	hg38:11:90855070-90913269:-	58200
SAMPLE_000758	FRAG_000758	hg19:21:37540635-37619042:-	78408
SAMPLE_000759	FRAG_000759	hg38:11:187641105-187720668:+	79564
SAMPLE_000760	FRAG_000760	hg19:16:48684141-48725820:-	41680
SAMPLE_000761	FRAG_000761	hg38:11:198266335-198305034:-	38700
SAMPLE_000762	FRAG_000762	hg19:19:88479421-88511695:-	32275
SAMPLE_000763	FRAG_000763	hg38:9:98983113-99035114:+	52002
SAMPLE_000764	FRAG_000764	hg19:19:159974732-160001419:+	26688
SAMPLE_000765	FRAG_000765	hg38:22:8225236-8297837:-	72602
SAMPLE_000766	FRAG_000766	hg19:X:118696855-118724833:-	27979
SAMPLE_000767	FRAG_000767	hg38:X:110828109-110837672:-	9564
SAMPLE_000768	FRAG_000768	hg19:5:82291019-82374530:+	83512
SAMPLE_000769	FRAG_000769	hg38:9:42377508-42464339:-	86832
SAMPLE_000770	FRAG_000770	hg19:13:121545429-121555622:-	10194
SAMPLE_000771	FRAG_000771	hg38:19:144443156-144496189:-	53034
SAMPLE_000772	FRAG_000772	hg19:18:97510462-97515779:+	5318
SAMPLE_000773	FRAG_000773	hg38:4:177523597-177556632:-	33036
SAMPLE_000774	FRAG_000774	hg19:6:165464472-165549774:+	85303
SAMPLE_000775	FRAG_000775	hg38:19:182857477-182942521:-	85045
SAMPLE_000776	FRAG_000776	hg19:11:29439275-29496194:+	56920
SAMPLE_000777	FRAG_000777	hg38:4:60592961-60627373:+	34413
SAMPLE_000778	FRAG_000778	hg19:15:105994278-106043813:-	49536
SAMPLE_000779	FRAG_000779	hg38:22:186337852-186415498:+	77647
SAMPLE_000780	FRAG_000780	hg19:12:130592877-130596595:+	3719
SAMPLE_000781	FRAG_000781	hg38:10:24046472-24101493:+	55022
SAMPLE_000782	FRAG_000782	hg19:Y:94503760-94522828:-	19069
SAMPLE_000783	FRAG_000783	hg38:11:56530524-56590704:-	60181
SAMPLE_000784	FRAG_000784	hg19:12:27205483-27268393:-	62911
SAMPLE_000785	FRAG_000785	hg38:Y:122452869-122544694:-	91826
SAMPLE_000786	FRAG_000786	hg19:3:12994515-13034370:+	39856
SAMPLE_000787	FRAG_000787	hg38:1:174938101-174983567:+	45467
SAMPLE_000788	FRAG_000788	hg19:22:199773633-199795674:+	22042
SAMPLE_000789	FRAG_000789	hg38:17:149152291-149175655:+	23365
SAMPLE_000790	FRAG_000790	hg19:11:115452659-115526538:-	73880
SAMPLE_000791	FRAG_000791	hg38:8:170049998-170103587:+	53590
SAMPLE_000792	FRAG_000792	hg19:6:177444748-177529195:-	84448
SAMPLE_000793	FRAG_000793	hg38:13:198941182-198945507:+	4326
SAMPLE_000794	FRAG_000794	hg19:15:116307213-116385333:-	78121
SAMPLE_000795	FRAG_000795	hg38:1:58658890-58751760:+	92871
SAMPLE_000796	FRAG_000796	hg19:9:189914066-190013173:+	99108
SAMPLE_000797	FRAG_000797	hg38:19:145120046-145133881:+	13836
SAMPLE_000798	FRAG_000798	hg19:12:53901723-53944949:-	43227
SAMPLE_000799	FRAG_000799	hg38:4:181040042-181074928:-	34887
SAMPLE_000800	FRAG_000800	hg19:17:85128775-85213043:-	84269
SAMPLE_000801	FRAG_000801	hg38:20:158572878-158624828:+	51951
SAMPLE_000802	FRAG_000802	hg19:12:123906014-123952648:+	46635
SAMPLE_000803	FRAG_000803	hg38:22:80844738-80937772:+	93035
SAMPLE_000804	FRAG_000804	hg19:22:85070158-85088213:+	18056
SAMPLE_000805	FRAG_000805	hg38:8:32393233-32433758:+	40526
SAMPLE_000806	FRAG_000806	hg19:12:38945645-39037034:-	91390
SAMPLE_000807	FRAG_000807	hg38:14:38008470-38087143:-	78674
SAMPLE_000808	FRAG_000808	hg19:14:131639541-131664387:+	24847
SAMPLE_000809	FRAG_000809	hg38:18:132437281-132459651:-	22371
SAMPLE_000810	FRAG_000810	hg19:5:85444429-85469451:-	25023
SAMPLE_000811	FRAG_000811	hg38:20:97378843-97386368:+	7526
SAMPLE_000812	FRAG_000812	hg19:16:53379404-53397798:-	18395
SAMPLE_000813	FRAG_000813	hg38:18:176307079-176373826:-	66748
SAMPLE_000814	FRAG_000814	hg19:14:132996661-133086904:-	90244
SAMPLE_000815	FRAG_000815	hg38:X:132184277-132242952:+	58676
SAMPLE_000816	FRAG_000816	hg19:3:9284107-9358713:+	74607
SAMPLE_000817	FRAG_000817	hg38:10:74780268-74785052:+	4785
SAMPLE_000818	FRAG_000818	hg19:18:46153252-46191587:-	38336
SAMPLE_000819	FRAG_000819	hg38:19:133959663-134057485:+	97823
SAMPLE_000820	FRAG_000820	hg19:19:72910880-72926348:-	15469
SAMPLE_000821	FRAG_000821	hg38:18:12169739-12269431:-	99693
SAMPLE_000822	FRAG_000822	hg19:18:115126593-115155736:+	29144
SAMPLE_000823	FRAG_000823	hg38:Y:67446264-67532441:-	86178
SAMPLE_000824	FRAG_000824	hg19:2:71548924-71608370:-	59447
SAMPLE_000825	FRAG_000825	hg38:3:32510571-32568619:+	58049
SAMPLE_000826	FRAG_000826	hg19:7:158819618-158916797:-	97180
SAMPLE_000827	FRAG_000827	hg38:X:170858072-170938559:-	80488
SAMPLE_000828	FRAG_000828	hg19:6:38375600-38456859:+	81260
SAMPLE_000829	FRAG_000829	hg38:7:154028167-154036446:-	8280
SAMPLE_000830	FRAG_000830	hg19:18:161217765-161255106:+	37342
SAMPLE_000831	FRAG_000831	hg38:11:79553528-79646308:-	92781
SAMPLE_000832	FRAG_000832	hg19:19:139087221-139122761:+	35541
SAMPLE_000833	FRAG_000833	hg38:5:111487018-111585833:+	98816
SAMPLE_000834	FRAG_000834	hg19:9:35061282-35147750:+	86469
SAMPLE_000835	FRAG_000835	hg38:8:191963600-191983267:-	19668
SAMPLE_000836	FRAG_000836	hg19:8:106414804-106503938:-	89135
SAMPLE_000837	FRAG_000837	hg38:5:170759114-170835297:-	76184
SAMPLE_000838	FRAG_000838	hg19:21:101709555-101764347:-	54793
SAMPLE_000839	FRAG_000839	hg38:3:25989941-26073490:-	83550
SAMPLE_000840	FRAG_000840	hg19:17:75685639-75784416:-	98778
SAMPLE_000841	FRAG_000841	hg38:15:88856046-88920513:+	64468
SAMPLE_000842	FRAG_000842	hg19:Y:197208046-197220753:-	12708
SAMPLE_000843	FRAG_000843	hg38:21:188177084-188264633:-	87550
SAMPLE_000844	FRAG_000844	hg19:3:107761041-107831588:+	70548
SAMPLE_000845	FRAG_000845	hg38:14:133799032-133827298:-	28267
SAMPLE_000846	FRAG_000846	hg19:11:91665459-91703129:+	37671
SAMPLE_000847	FRAG_000847	hg38:19:93271901-93336014:+	64114
SAMPLE_000848	FRAG_000848	hg19:2:169088785-169102335:-	13551
SAMPLE_000849	FRAG_000849	hg38:1:43408377-43425160:-	16784
SAMPLE_000850	FRAG_000850	hg19:15:115836500-115837087:+	588
SAMPLE_000851	FRAG_000851	hg38:X:175482294-175500083:-	17790
SAMPLE_000852	FRAG_000852	hg19:6:26055761-26092176:-	36416
SAMPLE_000853	FRAG_000853	hg38:9:100816051-100827353:+	11303
SAMPLE_000854	FRAG_000854	hg19:2:168934369-168986817:-	52449
SAMPLE_000855	FRAG_000855	hg38:Y:63852508-63944684:-	92177
SAMPLE_000856	FRAG_000856	hg19:21:189897505-189909957:+	12453
SAMPLE_000857	FRAG_000857	hg38:1:128991827-129020299:+	28473
SAMPLE_000858	FRAG_000858	hg19:5:61717647-61795960:-	78314
SAMPLE_000859	FRAG_000859	hg38:1:187722926-187724481:-	1556
SAMPLE_000860	FRAG_000860	hg19:4:187302528-187358380:+	55853
SAMPLE_000861	FRAG_000861	hg38:16:62457456-62467238:-	9783
SAMPLE_000862	FRAG_000862	hg19:3:28495085-28591366:+	96282
SAMPLE_000863	FRAG_000863	hg38:11:81330741-81379417:+	48677
SAMPLE_000864	FRAG_000864	hg19:13:36741168-36840384:+	99217
SAMPLE_000865	FRAG_000865	hg38:3:152207334-152277367:+	70034
SAMPLE_000866	FRAG_000866	hg19:20:45054701-45140399:-	85699
SAMPLE_000867	FRAG_000867	hg38:12:58191636-58286825:+	95190
SAMPLE_000868	FRAG_000868	hg19:14:185298703-185379952:-	81250
SAMPLE_000869	FRAG_000869	hg38:7:27968399-27980260:+	11862
SAMPLE_000870	FRAG_000870	hg19:4:196960339-197038114:-	77776
SAMPLE_000871	FRAG_000871	hg38:12:85423934-85480713:+	56780
SAMPLE_000872	FRAG_000872	hg19:8:174039017-174075818:+	36802
SAMPLE_000873	FRAG_000873	hg38:8:162329456-162402489:-	73034
SAMPLE_000874	FRAG_000874	hg19:X:177739344-177743358:-	4015
SAMPLE_000875	FRAG_000875	hg38:7:163920691-163989052:+	68362
SAMPLE_000876	FRAG_000876	hg19:Y:80333964-80385810:+	51847
SAMPLE_000877	FRAG_000877	hg38:8:104585371-104650735:+	65365
SAMPLE_000878	FRAG_000878	hg19:8:172283921-172349901:+	65981
SAMPLE_000879	FRAG_000879	hg38:17:97931561-97933641:-	2081
SAMPLE_000880	FRAG_000880	hg19:5:153573449-153624651:-	51203
SAMPLE_000881	FRAG_000881	hg38:12:184325860-184397971:+	72112
SAMPLE_000882	FRAG_000882	hg19:16:5480026-5490092:+	10067
SAMPLE_000883	FRAG_000883	hg38:1:58913055-58947919:+	34865
SAMPLE_000884	FRAG_000884	hg19:2:136992248-137044910:-	52663
SAMPLE_000885	FRAG_000885	hg38:21:135499307-135593211:-	93905
SAMPLE_000886	FRAG_000886	hg19:14:108985521-109078007:+	92487
SAMPLE_000887	FRAG_000887	hg38:21:145325761-145396588:+	70828
SAMPLE_000888	FRAG_000888	hg19:9:84189997-84201453:+	11457
SAMPLE_000889	FRAG_000889	hg38:17:42708731-42735863:-	27133
SAMPLE_000890	FRAG_000890	hg19:13:171267064-171344428:+	77365
SAMPLE_000891	FRAG_000891	hg38:10:118436764-118528839:+	92076
SAMPLE_000892	FRAG_000892	hg19:2:24142570-24175113:-	32544
SAMPLE_000893	FRAG_000893	hg38:4:165362168-165422091:+	59924
SAMPLE_000894	FRAG_000894	hg19:10:177644584-177732387:+	87804
SAMPLE_000895	FRAG_000895	hg38:4:191025622-191027781:+	2160
SAMPLE_000896	FRAG_000896	hg19:X:44978487-44980473:-	1987
SAMPLE_000897	FRAG_000897	hg38:12:139840948-139909998:-	69051
SAMPLE_000898	FRAG_000898	hg19:6:35072675-35121915:-	49241
SAMPLE_000899	FRAG_000899	hg38:Y:8880259-8896231:-	15973
SAMPLE_000900	FRAG_000900	hg19:14:141621045-141657193:+	36149
SAMPLE_000901	FRAG_000901	hg38:9:155793754-155887618:+	93865
SAMPLE_000902	FRAG_000902	hg19:16:138111967-138172129:-	60163
SAMPLE_000903	FRAG_000903	hg38:2:153172336-153238319:+	65984
SAMPLE_000904	FRAG_000904	hg19:12:69482201-69503318:+	21118
SAMPLE_000905	FRAG_000905	hg38:19:195019343-195108200:+	88858
SAMPLE_000906	FRAG_000906	hg19:8:137586641-137684235:+	97595
SAMPLE_000907	FRAG_000907	hg38:2:66646280-66648389:+	2110
SAMPLE_000908	FRAG_000908	hg19:16:103805269-103853475:+	48207
SAMPLE_000909	FRAG_000909	hg38:6:149408510-149413644:-	5135
SAMPLE_000910	FRAG_000910	hg19:8:67642640-67685318:-	42679
SAMPLE_000911	FRAG_000911	hg38:Y:73815253-73857686:+	42434
SAMPLE_000912	FRAG_000912	hg19:19:33051443-33100806:+	49364
SAMPLE_000913	FRAG_000913	hg38:6:139452062-139481814:+	29753
SAMPLE_000914	FRAG_000914	hg19:13:125847766-125857299:-	9534
SAMPLE_000915	FRAG_000915	hg38:10:24188936-24232334:-	43399
SAMPLE_000916	FRAG_000916	hg19:1:54867253-54916106:-	48854
SAMPLE_000917	FRAG_000917	hg38:19:199528416-199568749:+	40334
SAMPLE_000918	FRAG_000918	hg19:15:159830824-159879593:-	48770
SAMPLE_000919	FRAG_000919	hg38:7:147715879-147812383:+	96505
SAMPLE_000920	FRAG_000920	hg19:5:111068230-111069564:+	1335
SAMPLE_000921	FRAG_000921	hg38:8:93992403-94063883:+	71481
SAMPLE_000922	FRAG_000922	hg19:11:177443658-177444348:-	691
SAMPLE_000923	FRAG_000923	hg38:Y:83546759-83642575:+	95817
SAMPLE_000924	FRAG_000924	hg19:7:64932626-65002568:-	69943
SAMPLE_000925	FRAG_000925	hg38:16:39218090-39226439:-	8350
SAMPLE_000926	FRAG_000926	hg19:3:63135444-63141697:-	6254
SAMPLE_000927	FRAG_000927	hg38:X:124066388-124115710:+	49323
SAMPLE_000928	FRAG_000928	hg19:19:136674732-136687758:+	13027
SAMPLE_000929	FRAG_000929	hg38:21:21087154-21139341:+	52188
SAMPLE_000930	FRAG_000930	hg19:14:36086739-36174065:+	87327
SAMPLE_000931	FRAG_000931	hg38:10:85559560-85594267:-	34708
SAMPLE_000932	FRAG_000932	hg19:X:88577489-88674372:-	96884
SAMPLE_000933	FRAG_000933	hg38:15:63709536-63745680:+	36145
SAMPLE_000934	FRAG_000934	hg19:7:157956368-157974707:+	18340
SAMPLE_000935	FRAG_000935	hg38:5:45124073-45138420:-	14348
SAMPLE_000936	FRAG_000936	hg19:15:110122382-110164041:+	41660
SAMPLE_000937	FRAG_000937	hg38:18:56736924-56784384:-	47461
SAMPLE_000938	FRAG_000938	hg19:10:72137522-72198752:+	61231
SAMPLE_000939	FRAG_000939	hg38:3:185161445-185182602:-	21158
SAMPLE_000940	FRAG_000940	hg19:X:162947779-163039619:+	91841
SAMPLE_000941	FRAG_000941	hg38:7:40815367-40858830:+	43464
SAMPLE_000942	FRAG_000942	hg19:X:96493969-96527002:-	33034
SAMPLE_000943	FRAG_000943	hg38:17:182780028-182786943:-	6916
SAMPLE_000944	FRAG_000944	hg19:9:9343534-9366822:-	23289
SAMPLE_000945	FRAG_000945	hg38:15:148671952-148745320:+	73369
SAMPLE_000946	FRAG_000946	hg19:4:28355544-28416603:+	61060
SAMPLE_000947	FRAG_000947	hg38:4:17554194-17556260:+	2067
SAMPLE_000948	FRAG_000948	hg19:5:108530361-108556829:-	26469
SAMPLE_000949	FRAG_000949	hg38:22:174056317-174139430:+	83114
SAMPLE_000950	FRAG_000950	hg19:19:70476638-70553960:+	77323
SAMPLE_000951	FRAG_000951	hg38:1:54083201-54092150:-	8950
SAMPLE_000952	FRAG_000952	hg19:5:89999747-90012301:+	12555
SAMPLE_000953	FRAG_000953	hg38:2:14592954-14653876:+	60923
SAMPLE_000954	FRAG_000954	hg19:19:195462925-195520198:-	57274
SAMPLE_000955	FRAG_000955	hg38:16:103738151-103742514:-	4364
SAMPLE_000956	FRAG_000956	hg19:6:58637414-58684305:+	46892
SAMPLE_000957	FRAG_000957	hg38:9:120725281-120762461:+	37181
SAMPLE_000958	FRAG_000958	hg19:2:167208938-167289929:+	80992
SAMPLE_000959	FRAG_000959	hg38:21:134920197-134959376:-	39180
SAMPLE_000960	FRAG_000960	hg19:18:17368944-17432230:+	63287
SAMPLE_000961	FRAG_000961	hg38:9:37839012-37889713:-	50702
SAMPLE_000962	FRAG_000962	hg19:7:142147136-142231868:+	84733
SAMPLE_000963	FRAG_000963	hg38:21:6242539-6314296:-	71758
SAMPLE_000964	FRAG_000964	hg19:X:129764311-129811879:-	47569
SAMPLE_000965	FRAG_000965	hg38:12:135860163-135934803:-	74641
SAMPLE_000966	FRAG_000966	hg19:13:49268956-49304901:+	35946
SAMPLE_000967	FRAG_000967	hg38:11:59792785-59871549:+	78765
SAMPLE_000968	FRAG_000968	hg19:9:127616813-127624991:-	8179
SAMPLE_000969	FRAG_000969	hg38:19:43848959-43879966:+	31008
SAMPLE_000970	FRAG_000970	hg19:8:65733961-65820556:-	86596
SAMPLE_000971	FRAG_000971	hg38:18:16007864-16104970:+	97107
SAMPLE_000972	FRAG_000972	hg19:19:96242142-96293552:+	51411
SAMPLE_000973	FRAG_000973	hg38:6:160053245-160084749:-	31505
SAMPLE_000974	FRAG_000974	hg19:Y:97310112-97402050:+	91939
SAMPLE_000975	FRAG_000975	hg38:X:95403957-95496279:+	92323
SAMPLE_000976	FRAG_000976	hg19:19:133131105-133156276:-	25172
SAMPLE_000977	FRAG_000977	hg38:6:11190815-11255596:+	64782
SAMPLE_000978	FRAG_000978	hg19:2:162507625-162538614:+	30990
SAMPLE_000979	FRAG_000979	hg38:1:129309192-129378693:+	69502
SAMPLE_000980	FRAG_000980	hg19:11:55080182-55161176:+	80995
SAMPLE_000981	FRAG_000981	hg38:11:48636521-48730990:-	94470
SAMPLE_000982	FRAG_000982	hg19:2:40651142-40654513:+	3372
SAMPLE_000983	FRAG_000983	hg38:4:98949372-99018853:+	69482
SAMPLE_000984	FRAG_000984	hg19:12:178741733-178834577:-	92845
SAMPLE_000985	FRAG_000985	hg38:19:91344924-91358665:-	13742
SAMPLE_000986	FRAG_000986	hg19:11:43279626-43298009:-	18384
SAMPLE_000987	FRAG_000987	hg38:21:175263001-175327358:-	64358
SAMPLE_000988	FRAG_000988	hg19:6:151854635-151947825:-	93191
SAMPLE_000989	FRAG_000989	hg38:8:159095102-159182833:+	87732
SAMPLE_000990	FRAG_000990	hg19:13:198030275-198070989:-	40715
SAMPLE_000991	FRAG_000991	hg38:5:196644070-196667861:+	23792
SAMPLE_000992	FRAG_000992	hg19:X:106119706-106195287:+	75582
SAMPLE_000993	FRAG_000993	hg38:6:86420701-86500156:+	79456
SAMPLE_000994	FRAG_000994	hg19:21:28946876-29021502:-	74627
SAMPLE_000995	FRAG_000995	hg38:5:21886060-21929965:+	43906
SAMPLE_000996	FRAG_000996	hg19:12:46066935-46109313:+	42379
SAMPLE_000997	FRAG_000997	hg38:X:172557821-172646141:-	88321
SAMPLE_000998	FRAG_000998	hg19:15:72192422-72194414:+	1993
SAMPLE_000999	FRAG_000999	hg38:8:19198522-19289876:-	91355
SAMPLE_001000	FRAG_001000	hg19:9:194384550-194399209:+	14660
SAMPLE_001001	FRAG_001001	hg38:2:118633822-118684906:-	51085
SAMPLE_001002	FRAG_001002	hg19:6:133360688-133415453:-	54766
SAMPLE_001003	FRAG_001003	hg38:12:101756596-101828663:+	72068
SAMPLE_001004	FRAG_001004	hg19:16:175743311-175819576:+	76266
SAMPLE_001005	FRAG_001005	hg38:6:20786213-20845863:+	59651
SAMPLE_001006	FRAG_001006	hg19:10:86554919-86558049:-	3131
SAMPLE_001007	FRAG_001007	hg38:4:92753441-92763665:+	10225
SAMPLE_001008	FRAG_001008	hg19:13:197490751-197512340:+	21590
SAMPLE_001009	FRAG_001009	hg38:18:91717918-91730620:-	12703
SAMPLE_001010	FRAG_001010	hg19:X:116782475-116787036:+	4562
SAMPLE_001011	FRAG_001011	hg38:20:43172225-43229635:+	57411
SAMPLE_001012	FRAG_001012	hg19:4:56177034-56220930:+	43897
SAMPLE_001013	FRAG_001013	hg38:14:149743423-149835304:-	91882
SAMPLE_001014	FRAG_001014	hg19:22:80832879-80870277:+	37399
SAMPLE_001015	FRAG_001015	hg38:4:106468885-106475889:-	7005
SAMPLE_001016	FRAG_001016	hg19:5:97859277-97866920:+	7644
SAMPLE_001017	FRAG_001017	hg38:14:80067514-80079498:-	11985
SAMPLE_001018	FRAG_001018	hg19:7:7908372-7921583:+	13212
SAMPLE_001019	FRAG_001019	hg38:6:79332542-79416689:+	84148
SAMPLE_001020	FRAG_001020	hg19:16:83772984-83788622:-	15639
SAMPLE_001021	FRAG_001021	hg38:16:178446589-178511194:-	64606
SAMPLE_001022	FRAG_001022	hg19:3:147062718-147147347:-	84630
SAMPLE_001023	FRAG_001023	hg38:6:103393412-103442541:-	49130
SAMPLE_001024	FRAG_001024	hg19:6:12976764-13035691:-	58928
SAMPLE_001025	FRAG_001025	hg38:15:71706116-71767571:+	61456
SAMPLE_001026	FRAG_001026	hg19:9:17546193-17620648:+	74456
SAMPLE_001027	FRAG_001027	hg38:X:26958413-27046398:+	87986
SAMPLE_001028	FRAG_001028	hg19:22:146344111-146389671:-	45561
SAMPLE_001029	FRAG_001029	hg38:19:149606381-149636700:+	30320
SAMPLE_001030	FRAG_001030	hg19:13:113375691-113444685:-	68995
SAMPLE_001031	FRAG_001031	hg38:19:128845683-128877068:-	31386
SAMPLE_001032	FRAG_001032	hg19:3:192744976-192797222:+	52247
SAMPLE_001033	FRAG_001033	hg38:17:139732112-139807481:+	75370
SAMPLE_001034	FRAG_001034	hg19:4:121538186-121637931:+	99746
SAMPLE_001035	FRAG_001035	hg38:6:52734514-52762785:+	28272
SAMPLE_001036	FRAG_001036	hg19:2:22036888-22092879:-	55992
SAMPLE_001037	FRAG_001037	hg38:7:40695764-40778474:-	82711
SAMPLE_001038	FRAG_001038	hg19:11:18988384-19084185:+	95802
SAMPLE_001039	FRAG_001039	hg38:13:107664169-107737591:-	73423
SAMPLE_001040	FRAG_001040	hg19:9:123985631-124054246:+	68616
SAMPLE_001041	FRAG_001041	hg38:X:158726254-158808418:-	82165
SAMPLE_001042	FRAG_001042	hg19:4:41169305-41224125:+	54821
SAMPLE_001043	FRAG_001043	hg38:19:157411188-157488748:+	77561
SAMPLE_001044	FRAG_001044	hg19:4:28109414-28183665:-	74252
SAMPLE_001045	FRAG_001045	hg38:18:111297454-111343024:-	45571
SAMPLE_001046	FRAG_001046	hg19:13:131348174-131434497:-	86324
SAMPLE_001047	FRAG_001047	hg38:2:74930920-74953989:-	23070
SAMPLE_001048	FRAG_001048	hg19:5:164384652-164466185:-	81534
SAMPLE_001049	FRAG_001049	hg38:2:89984762-90037138:+	52377
SAMPLE_001050	FRAG_001050	hg19:2:128565411-128663656:-	98246
SAMPLE_001051	FRAG_001051	hg38:12:91695234-91698384:-	3151
SAMPLE_001052	FRAG_001052	hg19:10:132968027-133005271:+	37245
SAMPLE_001053	FRAG_001053	hg38:8:81659605-81677718:-	18114
SAMPLE_001054	FRAG_001054	hg19:11:196635602-196671414:-	35813
SAMPLE_001055	FRAG_001055	hg38:20:24967757-25052870:+	85114
SAMPLE_001056	FRAG_001056	hg19:15:110298960-110327166:-	28207
SAMPLE_001057	FRAG_001057	hg38:17:16087635-16137143:+	49509
SAMPLE_001058	FRAG_001058	hg19:3:191473585-191514863:-	41279
SAMPLE_001059	FRAG_001059	hg38:5:153651809-153721027:+	69219
SAMPLE_001060	FRAG_001060	hg19:6:54882183-54907947:+	25765
SAMPLE_001061	FRAG_001061	hg38:8:123527007-123531840:+	4834
SAMPLE_001062	FRAG_001062	hg19:12:54448122-54540978:-	92857
SAMPLE_001063	FRAG_001063	hg38:12:136593829-136655174:-	61346
SAMPLE_001064	FRAG_001064	hg19:21:183851350-183868085:+	16736
SAMPLE_001065	FRAG_001065	hg38:8:132207690-132257008:-	49319
SAMPLE_001066	FRAG_001066	hg19:6:158539467-158602170:-	62704
SAMPLE_001067	FRAG_001067	hg38:12:70433494-70455425:+	21932
SAMPLE_001068	FRAG_001068	hg19:10:104767932-104772028:+	4097
SAMPLE_001069	FRAG_001069	hg38:6:58530706-58606212:+	75507
SAMPLE_001070	FRAG_001070	hg19:21:182917432-182947436:+	30005
SAMPLE_001071	FRAG_001071	hg38:9:110926251-111012154:+	85904
SAMPLE_001072	FRAG_001072	hg19:22:128264498-128266163:+	1666
SAMPLE_001073	FRAG_001073	hg38:21:162367812-162391012:+	23201
SAMPLE_001074	FRAG_001074	hg19:8:164301067-164334647:-	33581
SAMPLE_001075	FRAG_001075	hg38:X:173534288-173627765:-	93478
SAMPLE_001076	FRAG_001076	hg19:14:94605912-94655756:-	49845
SAMPLE_001077	FRAG_001077	hg38:9:126278295-126307395:-	29101
SAMPLE_001078	FRAG_001078	hg19:22:168397986-168466726:-	68741
SAMPLE_001079	FRAG_001079	hg38:19:2972349-2986258:-	13910
SAMPLE_001080	FRAG_001080	hg19:18:160389602-160474949:-	85348
SAMPLE_001081	FRAG_001081	hg38:10:30019088-30109294:-	90207
SAMPLE_001082	FRAG_001082	hg19:3:75217907-75262483:-	44577
SAMPLE_001083	FRAG_001083	hg38:9:177125765-177160493:-	34729
SAMPLE_001084	FRAG_001084	hg19:7:139859939-139880089:+	20151
SAMPLE_001085	FRAG_001085	hg38:2:109474345-109553491:-	79147
SAMPLE_001086	FRAG_001086	hg19:22:194617984-194636823:+	18840
SAMPLE_001087	FRAG_001087	hg38:21:80350765-80416455:-	65691
SAMPLE_001088	FRAG_001088	hg19:14:105226754-105280284:+	53531
SAMPLE_001089	FRAG_001089	hg38:19:154556470-154649777:+	93308
SAMPLE_001090	FRAG_001090	hg19:11:192493610-192589339:+	95730
SAMPLE_001091	FRAG_001091	hg38:22:172345999-172416573:-	70575
SAMPLE_001092	FRAG_001092	hg19:22:137181295-137228782:-	47488
SAMPLE_001093	FRAG_001093	hg38:6:150853569-150940262:+	86694
SAMPLE_001094	FRAG_001094	hg19:10:127374279-127387571:+	13293
SAMPLE_001095	FRAG_001095	hg38:Y:195665805-195700206:+	34402
SAMPLE_001096	FRAG_001096	hg19:22:176673463-176717954:+	44492
SAMPLE_001097	FRAG_001097	hg38:8:60949133-60996199:-	47067
SAMPLE_001098	FRAG_001098	hg19:14:100772742-100816667:-	43926
SAMPLE_001099	FRAG_001099	hg38:19:125489795-125528835:+	39041
SAMPLE_001100	FRAG_001100	hg19:16:171294578-171302112:+	7535
SAMPLE_001101	FRAG_001101	hg38:16:135345872-135371870:+	25999
SAMPLE_001102	FRAG_001102	hg19:22:143227441-143277966:-	50526
SAMPLE_001103	FRAG_001103	hg38:14:41474282-41481867:+	7586
SAMPLE_001104	FRAG_001104	hg19:7:110841598-110887011:-	45414
SAMPLE_001105	FRAG_001105	hg38:5:193110788-193152756:+	41969
SAMPLE_001106	FRAG_001106	hg19:3:90289536-90353943:+	64408
SAMPLE_001107	FRAG_001107	hg38:11:16572905-16656569:+	83665
SAMPLE_001108	FRAG_001108	hg19:15:57205651-57242001:+	36351
SAMPLE_001109	FRAG_001109	hg38:19:132419848-132441113:+	21266
SAMPLE_001110	FRAG_001110	hg19:5:117423520-117504560:-	81041
SAMPLE_001111	FRAG_001111	hg38:13:129151160-129207892:-	56733
SAMPLE_001112	FRAG_001112	hg19:1:144286176-144291619:+	5444
SAMPLE_001113	FRAG_001113	hg38:Y:4778797-4828199:-	49403
SAMPLE_001114	FRAG_001114	hg19:17:5809323-5834801:+	25479
SAMPLE_001115	FRAG_001115	hg38:21:67792948-67889601:+	96654
SAMPLE_001116	FRAG_001116	hg19:X:84776628-84822261:+	45634
SAMPLE_001117	FRAG_001117	hg38:4:136113356-136164127:-	50772
SAMPLE_001118	FRAG_001118	hg19:6:13272427-13281483:-	9057
SAMPLE_001119	FRAG_001119	hg38:10:196375890-196436148:-	60259
SAMPLE_001120	FRAG_001120	hg19:14:36913827-37004343:-	90517
SAMPLE_001121	FRAG_001121	hg38:16:51580228-51627814:+	47587
SAMPLE_001122	FRAG_001122	hg19:13:62315567-62318572:+	3006
SAMPLE_001123	FRAG_001123	hg38:Y:57690945-57708641:+	17697
SAMPLE_001124	FRAG_001124	hg19:19:46361497-46428139:+	66643
SAMPLE_001125	FRAG_001125	hg38:12:175628103-175721808:+	93706
SAMPLE_001126	FRAG_001126	hg19:13:69662883-69747310:+	84428
SAMPLE_001127	FRAG_001127	hg38:20:178696196-178702981:+	6786
SAMPLE_001128	FRAG_001128	hg19:21:13947999-13951085:+	3087
SAMPLE_001129	FRAG_001129	hg38:14:103073592-103132328:+	58737
SAMPLE_001130	FRAG_001130	hg19:18:128344796-128378421:+	33626
SAMPLE_001131	FRAG_001131	hg38:7:185076936-185168555:+	91620
SAMPLE_001132	FRAG_001132	hg19:10:178614233-178669896:+	55664
SAMPLE_001133	FRAG_001133	hg38:22:73471439-73540135:+	68697
SAMPLE_001134	FRAG_001134	hg19:14:138327494-138341744:+	14251
SAMPLE_001135	FRAG_001135	hg38:10:29524947-29540389:-	15443
SAMPLE_001136	FRAG_001136	hg19:7:54619816-54700138:-	80323
SAMPLE_001137	FRAG_001137	hg38:17:97078910-97105842:-	26933
SAMPLE_001138	FRAG_001138	hg19:10:11577889-11599408:-	21520
SAMPLE_001139	FRAG_001139	hg38:7:130027245-130117948:-	90704
SAMPLE_001140	FRAG_001140	hg19:8:4422390-4423247:+	858
SAMPLE_001141	FRAG_001141	hg38:4:180589207-180664961:-	75755
SAMPLE_001142	FRAG_001142	hg19:5:138359858-138372164:+	12307
SAMPLE_001143	FRAG_001143	hg38:Y:28189955-28285294:-	95340
SAMPLE_001144	FRAG_001144	hg19:21:123608224-123639021:-	30798
SAMPLE_001145	FRAG_001145	hg38:9:14443300-14504652:+	61353
SAMPLE_001146	FRAG_001146	hg19:6:78998533-79004202:-	5670
SAMPLE_001147	FRAG_001147	hg38:22:115352217-115393703:+	41487
SAMPLE_001148	FRAG_001148	hg19:4:13318259-13418137:+	99879
SAMPLE_001149	FRAG_001149	hg38:5:174731059-174818505:+	87447
SAMPLE_001150	FRAG_001150	hg19:11:118498095-118545455:-	47361
SAMPLE_001151	FRAG_001151	hg38:Y:101024997-101037679:-	12683
SAMPLE_001152	FRAG_001152	hg19:6:108582895-108598314:-	15420
SAMPLE_001153	FRAG_001153	hg38:15:104539712-104575840:-	36129
SAMPLE_001154	FRAG_001154	hg19:14:45769324-45854868:+	85545
SAMPLE_001155	FRAG_001155	hg38:5:195994499-196086246:+	91748
SAMPLE_001156	FRAG_001156	hg19:6:112676588-112690680:-	14093
SAMPLE_001157	FRAG_001157	hg38:19:118618433-118707850:+	89418
SAMPLE_001158	FRAG_001158	hg19:20:97260662-97310935:+	50274
SAMPLE_001159	FRAG_001159	hg38:22:36072522-36168346:-	95825
SAMPLE_001160	FRAG_001160	hg19:16:111403278-111418579:-	15302
SAMPLE_001161	FRAG_001161	hg38:2:71226169-71234969:-	8801
SAMPLE_001162	FRAG_001162	hg19:1:182980158-183073006:+	92849
SAMPLE_001163	FRAG_001163	hg38:22:140344759-140389599:+	44841
SAMPLE_001164	FRAG_001164	hg19:14:196059152-196146383:+	87232
SAMPLE_001165	FRAG_001165	hg38:16:179163469-179209286:-	45818
SAMPLE_001166	FRAG_001166	hg19:5:165527853-165601535:+	73683
SAMPLE_001167	FRAG_001167	hg38:1:43124871-43209701:-	84831
SAMPLE_001168	FRAG_001168	hg19:16:21096485-21118663:-	22179
SAMPLE_001169	FRAG_001169	hg38:11:89823907-89855980:-	32074
SAMPLE_001170	FRAG_001170	hg19:2:60782326-60849269:-	66944
SAMPLE_001171	FRAG_001171	hg38:13:22160927-22192227:-	31301
SAMPLE_001172	FRAG_001172	hg19:15:121285548-121361155:+	75608
SAMPLE_001173	FRAG_001173	hg38:16:85842120-85901217:+	59098
SAMPLE_001174	FRAG_001174	hg19:16:176388480-176486658:+	98179
SAMPLE_001175	FRAG_001175	hg38:4:111686287-111739665:+	53379
SAMPLE_001176	FRAG_001176	hg19:18:1045557-1118027:+	72471
SAMPLE_001177	FRAG_001177	hg38:20:172137836-172219477:-	81642
SAMPLE_001178	FRAG_001178	hg19:17:56526208-56600413:-	74206
SAMPLE_001179	FRAG_001179	hg38:11:15569391-15617514:+	48124
SAMPLE_001180	FRAG_001180	hg19:15:151364347-151408358:-	44012
SAMPLE_001181	FRAG_001181	hg38:X:98521137-98607772:-	86636
SAMPLE_001182	FRAG_001182	hg19:4:177874875-177888145:+	13271
SAMPLE_001183	FRAG_001183	hg38:1:96331893-96377134:-	45242
SAMPLE_001184	FRAG_001184	hg19:18:101365428-101434344:+	68917
SAMPLE_001185	FRAG_001185	hg38:2:133183563-133205578:+	22016
SAMPLE_001186	FRAG_001186	hg19:X:194692044-194789865:-	97822
SAMPLE_001187	FRAG_001187	hg38:4:164974273-165008102:+	33830
SAMPLE_001188	FRAG_001188	hg19:7:106467349-106483674:+	16326
SAMPLE_001189	FRAG_001189	hg38:15:193411291-193436769:-	25479
SAMPLE_001190	FRAG_001190	hg19:4:112258537-112358277:+	99741
SAMPLE_001191	FRAG_001191	hg38:21:159057778-159146375:+	88598
SAMPLE_001192	FRAG_001192	hg19:15:177753123-177813572:+	60450
SAMPLE_001193	FRAG_001193	hg38:16:143368594-143369661:+	1068
SAMPLE_001194	FRAG_001194	hg19:18:158067144-158124372:-	57229
SAMPLE_001195	FRAG_001195	hg38:17:186708402-186732127:+	23726
SAMPLE_001196	FRAG_001196	hg19:Y:28797555-28814881:-	17327
SAMPLE_001197	FRAG_001197	hg38:22:163715042-163794255:-	79214
SAMPLE_001198	FRAG_001198	hg19:17:113384460-113435377:+	50918
SAMPLE_001199	FRAG_001199	hg38:9:93035458-93088106:-	52649
SAMPLE_001200	FRAG_001200	hg19:15:38092413-38110393:-	17981
SAMPLE_001201	FRAG_001201	hg38:20:138518041-138610292:-	92252
SAMPLE_001202	FRAG_001202	hg19:X:85264786-85337087:+	72302
SAMPLE_001203	FRAG_001203	hg38:7:168548710-168576696:-	27987
SAMPLE_001204	FRAG_001204	hg19:22:181488945-181534702:+	45758
SAMPLE_001205	FRAG_001205	hg38:X:48731233-48816940:-	85708
SAMPLE_001206	FRAG_001206	hg19:X:95553115-95568740:-	15626
SAMPLE_001207	FRAG_001207	hg38:19:180088656-180163949:-	75294
SAMPLE_001208	FRAG_001208	hg19:22:144318443-144416966:-	98524
SAMPLE_001209	FRAG_001209	hg38:14:141319262-141321434:+	2173
SAMPLE_001210	FRAG_001210	hg19:1:40010843-40061263:+	50421
SAMPLE_001211	FRAG_001211	hg38:22:54660896-54668814:-	7919
SAMPLE_001212	FRAG_001212	hg19:6:184446194-184484260:-	38067
SAMPLE_001213	FRAG_001213	hg38:5:186380142-186388771:-	8630
SAMPLE_001214	FRAG_001214	hg19:7:146269776-146369050:+	99275
SAMPLE_001215	FRAG_001215	hg38:12:28509267-28569088:+	59822
SAMPLE_001216	FRAG_001216	hg19:Y:151664916-151750234:-	85319
SAMPLE_001217	FRAG_001217	hg38:8:187865571-187933037:-	67467
SAMPLE_001218	FRAG_001218	hg19:X:13611065-13698660:-	87596
SAMPLE_001219	FRAG_001219	hg38:13:184918220-184973319:-	55100
SAMPLE_001220	FRAG_001220	hg19:18:4480329-4487879:-	7551
SAMPLE_001221	FRAG_001221	hg38:7:119934047-120015884:+	81838
SAMPLE_001222	FRAG_001222	hg19:21:191467157-191560013:-	92857
SAMPLE_001223	FRAG_001223	hg38:19:199226170-199298314:+	72145
SAMPLE_001224	FRAG_001224	hg19:Y:79967730-79993591:-	25862
SAMPLE_001225	FRAG_001225	hg38:6:20990118-21080094:+	89977
SAMPLE_001226	FRAG_001226	hg19:6:138934714-139031561:+	96848
SAMPLE_001227	FRAG_001227	hg38:13:116026690-116032515:-	5826
SAMPLE_001228	FRAG_001228	hg19:18:35914468-35949601:+	35134
SAMPLE_001229	FRAG_001229	hg38:19:2515354-2549278:-	33925
SAMPLE_001230	FRAG_001230	hg19:15:42555338-42648857:+	93520
SAMPLE_001231	FRAG_001231	hg38:5:161223845-161266631:+	42787
SAMPLE_001232	FRAG_001232	hg19:21:178674801-178755989:-	81189
SAMPLE_001233	FRAG_001233	hg38:16:148682498-148758058:-	75561
SAMPLE_001234	FRAG_001234	hg19:3:86324626-86417882:+	93257
SAMPLE_001235	FRAG_001235	hg38:6:19300981-19369716:+	68736
SAMPLE_001236	FRAG_001236	hg19:14:145159491-145231172:-	71682
SAMPLE_001237	FRAG_001237	hg38:3:60377407-60423702:+	46296
SAMPLE_001238	FRAG_001238	hg19:22:89869996-89913995:-	44000
SAMPLE_001239	FRAG_001239	hg38:10:166968435-166997566:-	29132
SAMPLE_001240	FRAG_001240	hg19:18:175295173-175394255:+	99083
SAMPLE_001241	FRAG_001241	hg38:4:93880625-93968803:-	88179
SAMPLE_001242	FRAG_001242	hg19:8:165739133-165823814:+	84682
SAMPLE_001243	FRAG_001243	hg38:2:87150872-87240834:-	89963
SAMPLE_001244	FRAG_001244	hg19:4:69878002-69929078:-	51077
SAMPLE_001245	FRAG_001245	hg38:1:101652033-101720278:-	68246
SAMPLE_001246	FRAG_001246	hg19:16:80573386-80579632:+	6247
SAMPLE_001247	FRAG_001247	hg38:11:23104437-23172293:+	67857
SAMPLE_001248	FRAG_001248	hg19:6:144131348-144202360:+	71013
SAMPLE_001249	FRAG_001249	hg38:21:57581221-57590301:+	9081
SAMPLE_001250	FRAG_001250	hg19:22:28897641-28953741:+	56101
SAMPLE_001251	FRAG_001251	hg38:18:117833247-117925855:+	92609
SAMPLE_001252	FRAG_001252	hg19:Y:42273181-42363601:+	90421
SAMPLE_001253	FRAG_001253	hg38:15:90044169-90138629:+	94461
SAMPLE_001254	FRAG_001254	hg19:3:15567475-15577574:+	10100
SAMPLE_001255	FRAG_001255	hg38:9:19909154-19982802:+	73649
SAMPLE_001256	FRAG_001256	hg19:9:105161709-105215637:-	53929
SAMPLE_001257	FRAG_001257	hg38:21:117239272-117292782:-	53511
SAMPLE_001258	FRAG_001258	hg19:1:181737253-181788804:+	51552
SAMPLE_001259	FRAG_001259	hg38:18:173180607-173181879:+	1273
SAMPLE_001260	FRAG_001260	hg19:Y:13218336-13295591:+	77256
SAMPLE_001261	FRAG_001261	hg38:12:29490542-29556948:-	66407
SAMPLE_001262	FRAG_001262	hg19:22:163823779-163863776:+	39998
SAMPLE_001263	FRAG_001263	hg38:10:103384927-103442793:-	57867
SAMPLE_001264	FRAG_001264	hg19:22:128235099-128239637:+	4539
SAMPLE_001265	FRAG_001265	hg38:18:37609618-37638935:-	29318
SAMPLE_001266	FRAG_001266	hg19:18:171200339-171239501:+	39163
SAMPLE_001267	FRAG_001267	hg38:10:196776575-196865847:-	89273
SAMPLE_001268	FRAG_001268	hg19:1:150000400-150073450:+	73051
SAMPLE_001269	FRAG_001269	hg38:4:2350186-2356160:-	5975
SAMPLE_001270	FRAG_001270	hg19:18:23851066-23923330:-	72265
SAMPLE_001271	FRAG_001271	hg38:7:195867322-195965901:-	98580
SAMPLE_001272	FRAG_001272	hg19:7:174390916-174445502:+	54587
SAMPLE_001273	FRAG_001273	hg38:6:60267319-60291934:-	24616
SAMPLE_001274	FRAG_001274	hg19:7:49682912-49698434:+	15523
SAMPLE_001275	FRAG_001275	hg38:18:174053497-174114454:+	60958
SAMPLE_001276	FRAG_001276	hg19:10:19082552-19171090:-	88539
SAMPLE_001277	FRAG_001277	hg38:4:195773882-195800256:-	26375
SAMPLE_001278	FRAG_001278	hg19:11:35417490-35464799:+	47310
SAMPLE_001279	FRAG_001279	hg38:4:167300001-167337873:+	37873
SAMPLE_001280	FRAG_001280	hg19:7:131422381-131464532:-	42152
SAMPLE_001281	FRAG_001281	hg38:11:178012312-178093596:-	81285
SAMPLE_001282	FRAG_001282	hg19:X:41908210-41985277:-	77068
SAMPLE_001283	FRAG_001283	hg38:11:46268824-46325462:+	56639
SAMPLE_001284	FRAG_001284	hg19:11:60465353-60498118:-	32766
SAMPLE_001285	FRAG_001285	hg38:9:37052446-37100063:-	47618
SAMPLE_001286	FRAG_001286	hg19:16:120549870-120611035:-	61166
SAMPLE_001287	FRAG_001287	hg38:10:149088279-149152606:+	64328
SAMPLE_001288	FRAG_001288	hg19:6:163840375-163925487:+	85113
SAMPLE_001289	FRAG_001289	hg38:9:145584178-145603027:+	18850
SAMPLE_001290	FRAG_001290	hg19:9:169206727-169303373:+	96647
SAMPLE_001291	FRAG_001291	hg38:Y:6001030-6011411:+	10382
SAMPLE_001292	FRAG_001292	hg19:19:109752454-109828830:+	76377
SAMPLE_001293	FRAG_001293	hg38:2:70958660-71031457:-	72798
SAMPLE_001294	FRAG_001294	hg19:21:99198691-99218671:-	19981
SAMPLE_001295	FRAG_001295	hg38:8:197824076-197901855:-	77780
SAMPLE_001296	FRAG_001296	hg19:5:135519227-135580635:+	61409
SAMPLE_001297	FRAG_001297	hg38:13:135799501-135847692:+	48192
SAMPLE_001298	FRAG_001298	hg19:22:165829026-165860835:+	31810
SAMPLE_001299	FRAG_001299	hg38:17:120781389-120800286:+	18898
SAMPLE_001300	FRAG_001300	hg19:6:152884144-152958876:+	74733
SAMPLE_001301	FRAG_001301	hg38:Y:130789458-130885902:-	96445
SAMPLE_001302	FRAG_001302	hg19:2:131900442-131929622:+	29181
SAMPLE_001303	FRAG_001303	hg38:3:100169502-100204650:+	35149
SAMPLE_001304	FRAG_001304	hg19:2:56505493-56593624:-	88132
SAMPLE_001305	FRAG_001305	hg38:13:123042421-123104481:+	62061
SAMPLE_001306	FRAG_001306	hg19:2:87992177-88077679:+	85503
SAMPLE_001307	FRAG_001307	hg38:X:171071841-171140677:-	68837
SAMPLE_001308	FRAG_001308	hg19:Y:156325193-156360205:+	35013
SAMPLE_001309	FRAG_001309	hg38:13:102607791-102693968:-	86178
SAMPLE_001310	FRAG_001310	hg19:19:21894336-21980469:-	86134
SAMPLE_001311	FRAG_001311	hg38:13:139612495-139642209:-	29715
SAMPLE_001312	FRAG_001312	hg19:12:131690904-131736627:-	45724
SAMPLE_001313	FRAG_001313	hg38:20:135710838-135712201:+	1364
SAMPLE_001314	FRAG_001314	hg19:15:62737677-62759882:+	22206
SAMPLE_001315	FRAG_001315	hg38:17:76379228-76464068:+	84841
SAMPLE_001316	FRAG_001316	hg19:5:43240292-43265289:-	24998
SAMPLE_001317	FRAG_001317	hg38:20:32764026-32858543:+	94518
SAMPLE_001318	FRAG_001318	hg19:14:194342156-194385938:+	43783
SAMPLE_001319	FRAG_001319	hg38:16:129530827-129619829:-	89003
SAMPLE_001320	FRAG_001320	hg19:7:44284213-44362148:-	77936
SAMPLE_001321	FRAG_001321	hg38:1:12581469-12613906:+	32438
SAMPLE_001322	FRAG_001322	hg19:19:44252774-44330913:+	78140
SAMPLE_001323	FRAG_001323	hg38:21:11520216-11587908:+	67693
SAMPLE_001324	FRAG_001324	hg19:2:70326044-70348345:+	22302
SAMPLE_001325	FRAG_001325	hg38:17:161888808-161942450:+	53643
SAMPLE_001326	FRAG_001326	hg19:Y:178635836-178731752:-	95917
SAMPLE_001327	FRAG_001327	hg38:3:121582108-121610996:-	28889
SAMPLE_001328	FRAG_001328	hg19:16:59885024-59907879:-	22856
SAMPLE_001329	FRAG_001329	hg38:20:157402880-157422084:+	19205
SAMPLE_001330	FRAG_001330	hg19:20:138118149-138205109:-	86961
SAMPLE_001331	FRAG_001331	hg38:6:185036976-185132395:-	95420
SAMPLE_001332	FRAG_001332	hg19:15:159536905-159615592:+	78688
SAMPLE_001333	FRAG_001333	hg38:8:104471637-104521708:+	50072
SAMPLE_001334	FRAG_001334	hg19:4:55317525-55320194:-	2670
SAMPLE_001335	FRAG_001335	hg38:5:26849952-26929816:+	79865
SAMPLE_001336	FRAG_001336	hg19:16:162011291-162092366:+	81076
SAMPLE_001337	FRAG_001337	hg38:18:32545570-32612041:+	66472
SAMPLE_001338	FRAG_001338	hg19:16:35984881-36071807:+	86927
SAMPLE_001339	FRAG_001339	hg38:22:116829046-116914641:-	85596
SAMPLE_001340	FRAG_001340	hg19:12:188272065-188278257:-	6193
SAMPLE_001341	FRAG_001341	hg38:8:103337393-103401084:-	63692
SAMPLE_001342	FRAG_001342	hg19:19:188021022-188118696:+	97675
SAMPLE_001343	FRAG_001343	hg38:14:69321662-69339709:-	18048
SAMPLE_001344	FRAG_001344	hg19:8:77038817-77050302:-	11486
SAMPLE_001345	FRAG_001345	hg38:9:2468194-2493468:+	25275
SAMPLE_001346	FRAG_001346	hg19:19:32629375-32698364:+	68990
SAMPLE_001347	FRAG_001347	hg38:13:56141661-56227952:-	86292
SAMPLE_001348	FRAG_001348	hg19:14:29610715-29658697:+	47983
SAMPLE_001349	FRAG_001349	hg38:14:158134113-158220015:-	85903
SAMPLE_001350	FRAG_001350	hg19:9:114698937-114769704:-	70768
SAMPLE_001351	FRAG_001351	hg38:20:183698702-183735319:-	36618
SAMPLE_001352	FRAG_001352	hg19:7:149204543-149259204:-	54662
SAMPLE_001353	FRAG_001353	hg38:6:151080606-151129629:-	49024
SAMPLE_001354	FRAG_001354	hg19:9:156062051-156102743:-	40693
SAMPLE_001355	FRAG_001355	hg38:X:198510093-198562775:+	52683
SAMPLE_001356	FRAG_001356	hg19:22:62678764-62694871:-	16108
SAMPLE_001357	FRAG_001357	hg38:X:27918337-27940042:+	21706
SAMPLE_001358	FRAG_001358	hg19:17:91848716-91901717:+	53002
SAMPLE_001359	FRAG_001359	hg38:6:171691830-171743329:+	51500
SAMPLE_001360	FRAG_001360	hg19:3:127612591-127632138:-	19548
SAMPLE_001361	FRAG_001361	hg38:3:71623220-71632118:+	8899
SAMPLE_001362	FRAG_001362	hg19:12:164484940-164495929:+	10990
SAMPLE_001363	FRAG_001363	hg38:Y:108547285-108598158:-	50874
SAMPLE_001364	FRAG_001364	hg19:X:16425114-16503924:+	78811
SAMPLE_001365	FRAG_001365	hg38:21:118835662-118900958:+	65297
SAMPLE_001366	FRAG_001366	hg19:7:140090712-140177310:-	86599
SAMPLE_001367	FRAG_001367	hg38:7:161931058-161935962:+	4905
SAMPLE_001368	FRAG_001368	hg19:20:181932042-181954755:+	22714
SAMPLE_001369	FRAG_001369	hg38:12:176830356-176862214:+	31859
SAMPLE_001370	FRAG_001370	hg19:6:75071239-75083120:-	11882
SAMPLE_001371	FRAG_001371	hg38:12:107070423-107158695:-	88273
SAMPLE_001372	FRAG_001372	hg19:19:139980498-140007252:+	26755
SAMPLE_001373	FRAG_001373	hg38:Y:19419281-19512005:+	92725
SAMPLE_001374	FRAG_001374	hg19:18:195921374-195959162:-	37789
SAMPLE_001375	FRAG_001375	hg38:12:61745738-61782479:+	36742
SAMPLE_001376	FRAG_001376	hg19:15:155325348-155378794:+	53447
SAMPLE_001377	FRAG_001377	hg38:9:110289368-110312809:+	23442
SAMPLE_001378	FRAG_001378	hg19:18:136068445-136078431:-	9987
SAMPLE_001379	FRAG_001379	hg38:11:138784344-138800179:-	15836
SAMPLE_001380	FRAG_001380	hg19:18:68146844-68222695:-	75852
SAMPLE_001381	FRAG_001381	hg38:13:130823411-130897725:+	74315
SAMPLE_001382	FRAG_001382	hg19:11:183964177-184024818:-	60642
SAMPLE_001383	FRAG_001383	hg38:19:130377881-130381964:+	4084
SAMPLE_001384	FRAG_001384	hg19:9:103723067-103732420:+	9354
SAMPLE_001385	FRAG_001385	hg38:22:62721400-62813803:-	92404
SAMPLE_001386	FRAG_001386	hg19:14:139648045-139694825:+	46781
SAMPLE_001387	FRAG_001387	hg38:X:67641145-67676161:-	35017
SAMPLE_001388	FRAG_001388	hg19:3:181844406-181897193:-	52788
SAMPLE_001389	FRAG_001389	hg38:3:48911902-48985087:-	73186
SAMPLE_001390	FRAG_001390	hg19:11:59670898-59717735:-	46838
SAMPLE_001391	FRAG_001391	hg38:6:184370220-184468519:+	98300
SAMPLE_001392	FRAG_001392	hg19:16:54597579-54694692:+	97114
SAMPLE_001393	FRAG_001393	hg38:Y:72244213-72276438:+	32226
SAMPLE_001394	FRAG_001394	hg19:8:68027107-68054183:-	27077
SAMPLE_001395	FRAG_001395	hg38:5:33179636-33194118:+	14483
SAMPLE_001396	FRAG_001396	hg19:22:133248716-133336171:+	87456
SAMPLE_001397	FRAG_001397	hg38:18:130464295-130470333:-	6039
SAMPLE_001398	FRAG_001398	hg19:20:133161612-133203453:-	41842
SAMPLE_001399	FRAG_001399	hg38:16:138206391-138230859:-	24469
SAMPLE_001400	FRAG_001400	hg19:13:155797383-155826992:+	29610
SAMPLE_001401	FRAG_001401	hg38:2:114595407-114664815:-	69409
SAMPLE_001402	FRAG_001402	hg19:18:135882162-135886929:-	4768
SAMPLE_001403	FRAG_001403	hg38:13:47922614-48013072:-	90459
SAMPLE_001404	FRAG_001404	hg19:4:140104632-140196651:-	92020
SAMPLE_001405	FRAG_001405	hg38:11:3259853-3350688:+	90836
SAMPLE_001406	FRAG_001406	hg19:22:102851928-102880050:+	28123
SAMPLE_001407	FRAG_001407	hg38:11:165491366-165539260:-	47895
SAMPLE_001408	FRAG_001408	hg19:6:71558000-71630400:+	72401
SAMPLE_001409	FRAG_001409	hg38:9:165573495-165635774:-	62280
SAMPLE_001410	FRAG_001410	hg19:12:134887557-134912161:-	24605
SAMPLE_001411	FRAG_001411	hg38:7:189096112-189151542:-	55431
SAMPLE_001412	FRAG_001412	hg19:12:76062481-76115486:-	53006
SAMPLE_001413	FRAG_001413	hg38:6:36202401-36277795:+	75395
SAMPLE_001414	FRAG_001414	hg19:4:73463910-73558887:+	94978
SAMPLE_001415	FRAG_001415	hg38:18:103242605-103299755:+	57151
SAMPLE_001416	FRAG_001416	hg19:5:41144001-41241302:-	97302
SAMPLE_001417	FRAG_001417	hg38:1:114151093-114174740:-	23648
SAMPLE_001418	FRAG_001418	hg19:5:139783003-139866162:-	83160
SAMPLE_001419	FRAG_001419	hg38:16:68370328-68410153:+	39826
SAMPLE_001420	FRAG_001420	hg19:13:186366272-186379743:+	13472
SAMPLE_001421	FRAG_001421	hg38:2:69260367-69289107:-	28741
SAMPLE_001422	FRAG_001422	hg19:21:121756982-121770103:-	13122
SAMPLE_001423	FRAG_001423	hg38:9:97719061-97766872:-	47812
SAMPLE_001424	FRAG_001424	hg19:12:111531227-111534325:+	3099
SAMPLE_001425	FRAG_001425	hg38:12:163558078-163647651:+	89574
SAMPLE_001426	FRAG_001426	hg19:19:175446936-175522918:+	75983
SAMPLE_001427	FRAG_001427	hg38:10:88265759-88312802:-	47044
SAMPLE_001428	FRAG_001428	hg19:Y:22047359-22106438:-	59080
SAMPLE_001429	FRAG_001429	hg38:20:125487501-125525555:+	38055
SAMPLE_001430	FRAG_001430	hg19:6:91566985-91651446:-	84462
SAMPLE_001431	FRAG_001431	hg38:21:154447792-154528547:-	80756
SAMPLE_001432	FRAG_001432	hg19:3:44486407-44497275:-	10869
SAMPLE_001433	FRAG_001433	hg38:8:86061355-86102942:-	41588
SAMPLE_001434	FRAG_001434	hg19:X:163506790-163542347:-	35558
SAMPLE_001435	FRAG_001435	hg38:9:98486318-98545130:-	58813
SAMPLE_001436	FRAG_001436	hg19:14:50361574-50384003:+	22430
SAMPLE_001437	FRAG_001437	hg38:5:63982257-64078146:-	95890
SAMPLE_001438	FRAG_001438	hg19:Y:22492214-22584554:+	92341
SAMPLE_001439	FRAG_001439	hg38:6:28651353-28703893:+	52541
SAMPLE_001440	FRAG_001440	hg19:3:148219062-148281582:+	62521
SAMPLE_001441	FRAG_001441	hg38:1:141655559-141708095:+	52537
SAMPLE_001442	FRAG_001442	hg19:4:166920539-166955438:+	34900
SAMPLE_001443	FRAG_001443	hg38:3:105648544-105734873:-	86330
SAMPLE_001444	FRAG_001444	hg19:8:198996174-199029099:-	32926
SAMPLE_001445	FRAG_001445	hg38:15:34933385-35015998:+	82614
SAMPLE_001446	FRAG_001446	hg19:17:8669549-8692409:+	22861
SAMPLE_001447	FRAG_001447	hg38:22:88295563-88342833:-	47271
SAMPLE_001448	FRAG_001448	hg19:15:74125691-74197045:-	71355
SAMPLE_001449	FRAG_001449	hg38:5:145763905-145855842:+	91938
SAMPLE_001450	FRAG_001450	hg19:19:123552441-123631266:-	78826
SAMPLE_001451	FRAG_001451	hg38:17:172672057-172756414:-	84358
SAMPLE_001452	FRAG_001452	hg19:12:145866059-145929689:+	63631
SAMPLE_001453	FRAG_001453	hg38:3:83642736-83701150:-	58415
SAMPLE_001454	FRAG_001454	hg19:14:42800108-42834660:-	34553
SAMPLE_001455	FRAG_001455	hg38:1:141476633-141477144:+	512
SAMPLE_001456	FRAG_001456	hg19:12:126949366-126987451:+	38086
SAMPLE_001457	FRAG_001457	hg38:X:129061717-129126694:-	64978
SAMPLE_001458	FRAG_001458	hg19:1:79630814-79687731:+	56918
SAMPLE_001459	FRAG_001459	hg38:1:101299265-101371619:+	72355
SAMPLE_001460	FRAG_001460	hg19:14:118334847-118408818:-	73972
SAMPLE_001461	FRAG_001461	hg38:8:192914703-192936602:-	21900
SAMPLE_001462	FRAG_001462	hg19:13:71593230-71622642:+	29413
SAMPLE_001463	FRAG_001463	hg38:14:65306884-65389345:-	82462
SAMPLE_001464	FRAG_001464	hg19:10:143792700-143878193:-	85494
SAMPLE_001465	FRAG_001465	hg38:14:19378153-19403293:+	25141
SAMPLE_001466	FRAG_001466	hg19:5:30623556-30662012:-	38457
SAMPLE_001467	FRAG_001467	hg38:20:74050448-74110292:-	59845
SAMPLE_001468	FRAG_001468	hg19:7:6206412-6248938:+	42527
SAMPLE_001469	FRAG_001469	hg38:2:6940714-7011332:+	70619
SAMPLE_001470	FRAG_001470	hg19:4:73261519-73298995:+	37477
SAMPLE_001471	FRAG_001471	hg38:X:196181319-196239282:+	57964
SAMPLE_001472	FRAG_001472	hg19:8:41448846-41461167:+	12322
SAMPLE_001473	FRAG_001473	hg38:16:92781533-92810499:-	28967
SAMPLE_001474	FRAG_001474	hg19:10:100696144-100761968:-	65825
SAMPLE_001475	FRAG_001475	hg38:X:89650446-89655104:+	4659
SAMPLE_001476	FRAG_001476	hg19:5:72539008-72546852:-	7845
SAMPLE_001477	FRAG_001477	hg38:3:127204064-127275760:+	71697
SAMPLE_001478	FRAG_001478	hg19:7:103428904-103462181:+	33278
SAMPLE_001479	FRAG_001479	hg38:4:67830325-67924498:-	94174
SAMPLE_001480	FRAG_001480	hg19:15:199003095-199035990:+	32896
SAMPLE_001481	FRAG_001481	hg38:7:198386705-198447606:+	60902
SAMPLE_001482	FRAG_001482	hg19:17:56954601-57042394:-	87794
SAMPLE_001483	FRAG_001483	hg38:13:84781219-84871036:-	89818
SAMPLE_001484	FRAG_001484	hg19:6:196484653-196567617:+	82965
SAMPLE_001485	FRAG_001485	hg38:Y:140835077-140907610:+	72534
SAMPLE_001486	FRAG_001486	hg19:9:172401410-172464984:-	63575
SAMPLE_001487	FRAG_001487	hg38:7:14982134-15029874:+	47741
SAMPLE_001488	FRAG_001488	hg19:4:170895207-170926634:-	31428
SAMPLE_001489	FRAG_001489	hg38:11:45925452-45927925:-	2474
SAMPLE_001490	FRAG_001490	hg19:19:107248981-107265162:+	16182
SAMPLE_001491	FRAG_001491	hg38:1:156981675-156987678:-	6004
SAMPLE_001492	FRAG_001492	hg19:X:42605333-42683978:-	78646
SAMPLE_001493	FRAG_001493	hg38:3:43331856-43364955:-	33100
SAMPLE_001494	FRAG_001494	hg19:3:167066215-167156622:-	90408
SAMPLE_001495	FRAG_001495	hg38:21:17045764-17054134:-	8371
SAMPLE_001496	FRAG_001496	hg19:21:189261339-189282012:+	20674
SAMPLE_001497	FRAG_001497	hg38:5:63458120-63522561:-	64442
SAMPLE_001498	FRAG_001498	hg19:18:94232394-94317388:-	84995
SAMPLE_001499	FRAG_001499	hg38:Y:6731856-6757647:-	25792
SAMPLE_001500	FRAG_001500	hg19:12:37166892-37262339:-	95448
SAMPLE_001501	FRAG_001501	hg38:2:190683467-190747575:-	64109
SAMPLE_001502	FRAG_001502	hg19:18:146689068-146728195:-	39128
SAMPLE_001503	FRAG_001503	hg38:7:51097230-51172007:-	74778
SAMPLE_001504	FRAG_001504	hg19:11:126733750-126830246:-	96497
SAMPLE_001505	FRAG_001505	hg38:20:44041857-44115038:+	73182
SAMPLE_001506	FRAG_001506	hg19:17:121630653-121651471:-	20819
SAMPLE_001507	FRAG_001507	hg38:9:99546066-99617554:-	71489
SAMPLE_001508	FRAG_001508	hg19:1:136816994-136901120:-	84127
SAMPLE_001509	FRAG_001509	hg38:Y:6025072-6049889:-	24818
SAMPLE_001510	FRAG_001510	hg19:20:87085665-87117462:+	31798
SAMPLE_001511	FRAG_001511	hg38:22:105016281-105087422:+	71142
SAMPLE_001512	FRAG_001512	hg19:17:134559834-134649884:+	90051
SAMPLE_001513	FRAG_001513	hg38:20:87597289-87634898:-	37610
SAMPLE_001514	FRAG_001514	hg19:21:30652490-30695197:+	42708
SAMPLE_001515	FRAG_001515	hg38:17:18899234-18986095:+	86862
SAMPLE_001516	FRAG_001516	hg19:5:9394984-9418897:+	23914
SAMPLE_001517	FRAG_001517	hg38:4:52436701-52500818:+	64118
SAMPLE_001518	FRAG_001518	hg19:2:173268900-173344242:-	75343
SAMPLE_001519	FRAG_001519	hg38:22:142149096-142213808:-	64713
SAMPLE_001520	FRAG_001520	hg19:2:60249821-60298338:+	48518
SAMPLE_001521	FRAG_001521	hg38:1:177026379-177054237:-	27859
SAMPLE_001522	FRAG_001522	hg19:3:172507900-172569748:+	61849
SAMPLE_001523	FRAG_001523	hg38:12:112656587-112730226:-	73640
SAMPLE_001524	FRAG_001524	hg19:X:166606779-166614919:-	8141
SAMPLE_001525	FRAG_001525	hg38:17:198112247-198118074:+	5828
SAMPLE_001526	FRAG_001526	hg19:10:58955231-58965945:+	10715
SAMPLE_001527	FRAG_001527	hg38:4:63013422-63108970:-	95549
SAMPLE_001528	FRAG_001528	hg19:7:142248594-142274405:+	25812
SAMPLE_001529	FRAG_001529	hg38:19:49022537-49104998:-	82462
SAMPLE_001530	FRAG_001530	hg19:Y:172429404-172443732:-	14329
SAMPLE_001531	FRAG_001531	hg38:22:189589440-189650064:-	60625
SAMPLE_001532	FRAG_001532	hg19:4:49424826-49447189:-	22364
SAMPLE_001533	FRAG_001533	hg38:17:177504871-177549608:+	44738
SAMPLE_001534	FRAG_001534	hg19:18:119920173-119999304:-	79132
SAMPLE_001535	FRAG_001535	hg38:11:88148673-88221272:-	72600
SAMPLE_001536	FRAG_001536	hg19:14:116585104-116668603:-	83500
SAMPLE_001537	FRAG_001537	hg38:20:152168005-152200055:+	32051
SAMPLE_001538	FRAG_001538	hg19:13:69206530-69279149:-	72620
SAMPLE_001539	FRAG_001539	hg38:15:107593187-107652340:+	59154
SAMPLE_001540	FRAG_001540	hg19:Y:77365100-77370142:+	5043
SAMPLE_001541	FRAG_001541	hg38:17:82025002-82043206:+	18205
SAMPLE_001542	FRAG_001542	hg19:10:58666059-58695641:-	29583
SAMPLE_001543	FRAG_001543	hg38:1:75076678-75167579:+	90902
SAMPLE_001544	FRAG_001544	hg19:4:124579579-124585024:-	5446
SAMPLE_001545	FRAG_001545	hg38:5:72132222-72150862:-	18641
SAMPLE_001546	FRAG_001546	hg19:19:63543890-63577138:-	33249
SAMPLE_001547	FRAG_001547	hg38:10:154138981-154151526:-	12546
SAMPLE_001548	FRAG_001548	hg19:19:198103017-198132015:+	28999
SAMPLE_001549	FRAG_001549	hg38:Y:130529012-130572069:+	43058
SAMPLE_001550	FRAG_001550	hg19:16:189669294-189760179:+	90886
SAMPLE_001551	FRAG_001551	hg38:20:81636200-81720880:+	84681
SAMPLE_001552	FRAG_001552	hg19:Y:103420504-103496537:+	76034
SAMPLE_001553	FRAG_001553	hg38:2:94396802-94441130:-	44329
SAMPLE_001554	FRAG_001554	hg19:14:61859061-61875359:+	16299
SAMPLE_001555	FRAG_001555	hg38:21:103673062-103756423:+	83362
SAMPLE_001556	FRAG_001556	hg19:10:12054777-12124007:-	69231
SAMPLE_001557	FRAG_001557	hg38:18:41152580-41227123:-	74544
SAMPLE_001558	FRAG_001558	hg19:17:60269791-60361747:+	91957
SAMPLE_001559	FRAG_001559	hg38:2:197381627-197470420:-	88794
SAMPLE_001560	FRAG_001560	hg19:15:160754580-160853755:+	99176
SAMPLE_001561	FRAG_001561	hg38:8:78788039-78845152:-	57114
SAMPLE_001562	FRAG_001562	hg19:5:91239458-91257283:+	17826
SAMPLE_001563	FRAG_001563	hg38:16:14236846-14312244:-	75399
SAMPLE_001564	FRAG_001564	hg19:9:107978787-107990437:-	11651
SAMPLE_001565	FRAG_001565	hg38:X:37204095-37221682:-	17588
SAMPLE_001566	FRAG_001566	hg19:18:131959216-131985681:-	26466
SAMPLE_001567	FRAG_001567	hg38:21:53640005-53715389:+	75385
SAMPLE_001568	FRAG_001568	hg19:8:72472842-72482731:-	9890
SAMPLE_001569	FRAG_001569	hg38:11:155623718-155713966:+	90249
SAMPLE_001570	FRAG_001570	hg19:4:112020087-112108633:-	88547
SAMPLE_001571	FRAG_001571	hg38:12:52134200-52180352:-	46153
SAMPLE_001572	FRAG_001572	hg19:12:176935244-177013583:+	78340
SAMPLE_001573	FRAG_001573	hg38:10:94876280-94898963:-	22684
SAMPLE_001574	FRAG_001574	hg19:20:119236000-119255611:+	19612
SAMPLE_001575	FRAG_001575	hg38:8:184974716-185001388:-	26673
SAMPLE_001576	FRAG_001576	hg19:5:196551672-196651488:+	99817
SAMPLE_001577	FRAG_001577	hg38:4:15639937-15737374:+	97438
SAMPLE_001578	FRAG_001578	hg19:20:78224878-78244733:+	19856
SAMPLE_001579	FRAG_001579	hg38:11:30870958-30962394:-	91437
SAMPLE_001580	FRAG_001580	hg19:15:7106400-7168658:-	62259
SAMPLE_001581	FRAG_001581	hg38:7:145419740-145517233:+	97494
SAMPLE_001582	FRAG_001582	hg19:7:141463114-141535233:-	72120
SAMPLE_001583	FRAG_001583	hg38:18:168246560-168310370:+	63811
SAMPLE_001584	FRAG_001584	hg19:X:180384835-180476921:+	92087
SAMPLE_001585	FRAG_001585	hg38:13:179114533-179191447:+	76915
SAMPLE_001586	FRAG_001586	hg19:9:17135668-17158491:-	22824
SAMPLE_001587	FRAG_001587	hg38:7:166883656-166975450:-	91795
SAMPLE_001588	FRAG_001588	hg19:2:176760226-176821668:+	61443
SAMPLE_001589	FRAG_001589	hg38:3:178267481-178318920:-	51440
SAMPLE_001590	FRAG_001590	hg19:22:97695589-97782608:+	87020
SAMPLE_001591	FRAG_001591	hg38:1:175324977-175363813:-	38837
SAMPLE_001592	FRAG_001592	hg19:8:137510255-137560653:+	50399
SAMPLE_001593	FRAG_001593	hg38:11:161284531-161348555:+	64025
SAMPLE_001594	FRAG_001594	hg19:6:135392430-135418995:-	26566
SAMPLE_001595	FRAG_001595	hg38:18:6768265-6862148:+	93884
SAMPLE_001596	FRAG_001596	hg19:8:82853358-82923248:-	69891
SAMPLE_001597	FRAG_001597	hg38:16:43145776-43197838:+	52063
SAMPLE_001598	FRAG_001598	hg19:12:95465949-95556142:-	90194
SAMPLE_001599	FRAG_001599	hg38:21:64405732-64445857:-	40126
SAMPLE_001600	FRAG_001600	hg19:2:70170277-70252799:-	82523
SAMPLE_001601	FRAG_001601	hg38:1:76213962-76287198:+	73237
SAMPLE_001602	FRAG_001602	hg19:5:106453954-106499251:+	45298
SAMPLE_001603	FRAG_001603	hg38:3:103597942-103694109:+	96168
SAMPLE_001604	FRAG_001604	hg19:14:154786284-154818287:+	32004
SAMPLE_001605	FRAG_001605	hg38:14:163502473-163543916:-	41444
SAMPLE_001606	FRAG_001606	hg19:15:36372312-36443882:+	71571
SAMPLE_001607	FRAG_001607	hg38:21:156969241-156987903:+	18663
SAMPLE_001608	FRAG_001608	hg19:5:185826425-185867425:+	41001
SAMPLE_001609	FRAG_001609	hg38:14:177155868-177175392:+	19525
SAMPLE_001610	FRAG_001610	hg19:11:150609897-150619284:+	9388
SAMPLE_001611	FRAG_001611	hg38:6:40063487-40105614:+	42128
SAMPLE_001612	FRAG_001612	hg19:11:111394554-111449322:-	54769
SAMPLE_001613	FRAG_001613	hg38:15:171952420-172050647:-	98228
SAMPLE_001614	FRAG_001614	hg19:5:29661238-29686369:+	25132
SAMPLE_001615	FRAG_001615	hg38:6:165277559-165281491:-	3933
SAMPLE_001616	FRAG_001616	hg19:20:165379679-165454501:+	74823
SAMPLE_001617	FRAG_001617	hg38:20:62985068-63015999:+	30932
SAMPLE_001618	FRAG_001618	hg19:12:185721518-185732434:-	10917
SAMPLE_001619	FRAG_001619	hg38:5:163326076-163392415:-	66340
SAMPLE_001620	FRAG_001620	hg19:X:101383962-101469601:+	85640
SAMPLE_001621	FRAG_001621	hg38:13:128197315-128262228:+	64914
SAMPLE_001622	FRAG_001622	hg19:6:61739712-61765541:+	25830
SAMPLE_001623	FRAG_001623	hg38:14:73439643-73442109:-	2467
SAMPLE_001624	FRAG_001624	hg19:8:181211213-181309015:+	97803
SAMPLE_001625	FRAG_001625	hg38:7:48534066-48543233:-	9168
SAMPLE_001626	FRAG_001626	hg19:20:185646739-185711455:-	64717
SAMPLE_001627	FRAG_001627	hg38:15:115771104-115803949:-	32846
SAMPLE_001628	FRAG_001628	hg19:2:198389120-198469301:-	80182
SAMPLE_001629	FRAG_001629	hg38:Y:106804025-106845536:+	41512
SAMPLE_001630	FRAG_001630	hg19:17:122228026-122242853:-	14828
SAMPLE_001631	FRAG_001631	hg38:2:140238183-140270889:-	32707
SAMPLE_001632	FRAG_001632	hg19:Y:150706708-150712351:-	5644
SAMPLE_001633	FRAG_001633	hg38:17:14232646-14315805:+	83160
SAMPLE_001634	FRAG_001634	hg19:10:107848019-107906131:-	58113
SAMPLE_001635	FRAG_001635	hg38:10:45690906-45751874:-	60969
SAMPLE_001636	FRAG_001636	hg19:10:15642258-15723121:+	80864
SAMPLE_001637	FRAG_001637	hg38:15:122251783-122336967:+	85185
SAMPLE_001638	FRAG_001638	hg19:Y:31379267-31445388:+	66122
SAMPLE_001639	FRAG_001639	hg38:19:147675041-147766781:+	91741
SAMPLE_001640	FRAG_001640	hg19:13:87828382-87883087:-	54706
SAMPLE_001641	FRAG_001641	hg38:1:122783994-122807938:+	23945
SAMPLE_001642	FRAG_001642	hg19:15:68130955-68143274:-	12320
SAMPLE_001643	FRAG_001643	hg38:X:191983704-192069213:+	85510
SAMPLE_001644	FRAG_001644	hg19:X:34163648-34260257:+	96610
SAMPLE_001645	FRAG_001645	hg38:4:121634469-121727534:-	93066
SAMPLE_001646	FRAG_001646	hg19:3:190858793-190927949:-	69157
SAMPLE_001647	FRAG_001647	hg38:Y:165301968-165369532:+	67565
SAMPLE_001648	FRAG_001648	hg19:13:103168416-103241049:+	72634
SAMPLE_001649	FRAG_001649	hg38:6:152797988-152842421:+	44434
SAMPLE_001650	FRAG_001650	hg19:6:49014181-49033633:+	19453
SAMPLE_001651	FRAG_001651	hg38:14:84085687-84126564:-	40878
SAMPLE_001652	FRAG_001652	hg19:10:49505220-49587829:+	82610
SAMPLE_001653	FRAG_001653	hg38:5:1948354-1975441:-	27088
SAMPLE_001654	FRAG_001654	hg19:1:134580893-134641507:-	60615
SAMPLE_001655	FRAG_001655	hg38:18:164204442-164205694:-	1253
SAMPLE_001656	FRAG_001656	hg19:8:159071526-159100451:-	28926
SAMPLE_001657	FRAG_001657	hg38:15:119615014-119669272:+	54259
SAMPLE_001658	FRAG_001658	hg19:20:2764432-2843587:+	79156
SAMPLE_001659	FRAG_001659	hg38:18:167367179-167404130:+	36952
SAMPLE_001660	FRAG_001660	hg19:2:40797213-40821939:+	24727
SAMPLE_001661	FRAG_001661	hg38:21:10857232-10903477:+	46246
SAMPLE_001662	FRAG_001662	hg19:2:156180580-156268503:-	87924
SAMPLE_001663	FRAG_001663	hg38:11:14161757-14173751:+	11995
SAMPLE_001664	FRAG_001664	hg19:14:44308094-44331956:-	23863
SAMPLE_001665	FRAG_001665	hg38:20:186626772-186713899:+	87128
SAMPLE_001666	FRAG_001666	hg19:15:156415080-156513795:-	98716
SAMPLE_001667	FRAG_001667	hg38:2:81341251-81353956:-	12706
SAMPLE_001668	FRAG_001668	hg19:12:19164135-19214302:-	50168
SAMPLE_001669	FRAG_001669	hg38:18:79606683-79615691:-	9009
SAMPLE_001670	FRAG_001670	hg19:5:187460485-187476977:-	16493
SAMPLE_001671	FRAG_001671	hg38:11:112067293-112136873:+	69581
SAMPLE_001672	FRAG_001672	hg19:X:165296927-165324826:+	27900
SAMPLE_001673	FRAG_001673	hg38:4:196885007-196960396:+	75390
SAMPLE_001674	FRAG_001674	hg19:16:185859224-185954628:-	95405
SAMPLE_001675	FRAG_001675	hg38:14:85956751-86037052:-	80302
SAMPLE_001676	FRAG_001676	hg19:17:168300826-168376710:-	75885
SAMPLE_001677	FRAG_001677	hg38:5:152031004-152112019:-	81016
SAMPLE_001678	FRAG_001678	hg19:17:170612985-170709059:-	96075
SAMPLE_001679	FRAG_001679	hg38:16:164586112-164610191:+	24080
SAMPLE_001680	FRAG_001680	hg19:X:52957143-52995716:+	38574
SAMPLE_001681	FRAG_001681	hg38:4:125791787-125795429:+	3643
SAMPLE_001682	FRAG_001682	hg19:Y:166170480-166198154:-	27675
SAMPLE_001683	FRAG_001683	hg38:14:90601676-90608137:-	6462
SAMPLE_001684	FRAG_001684	hg19:18:57999030-58083087:+	84058
SAMPLE_001685	FRAG_001685	hg38:21:186225045-186251914:-	26870
SAMPLE_001686	FRAG_001686	hg19:9:83617065-83626455:-	9391
SAMPLE_001687	FRAG_001687	hg38:17:87952642-88025229:+	72588
SAMPLE_001688	FRAG_001688	hg19:4:90464945-90555337:-	90393
SAMPLE_001689	FRAG_001689	hg38:13:153718713-153814160:+	95448
SAMPLE_001690	FRAG_001690	hg19:6:89721899-89747828:-	25930
SAMPLE_001691	FRAG_001691	hg38:22:128372744-128436040:+	63297
SAMPLE_001692	FRAG_001692	hg19:21:130250471-130268763:+	18293
SAMPLE_001693	FRAG_001693	hg38:21:145141127-145202000:-	60874
SAMPLE_001694	FRAG_001694	hg19:15:16038366-16093122:-	54757
SAMPLE_001695	FRAG_001695	hg38:19:183052289-183147810:-	95522
SAMPLE_001696	FRAG_001696	hg19:18:6024691-6095429:+	70739
SAMPLE_001697	FRAG_001697	hg38:19:90045218-90135565:-	90348
SAMPLE_001698	FRAG_001698	hg19:3:76285414-76305482:+	20069
SAMPLE_001699	FRAG_001699	hg38:11:169177724-169227406:+	49683
SAMPLE_001700	FRAG_001700	hg19:19:105573400-105653287:+	79888
SAMPLE_001701	FRAG_001701	hg38:20:83753663-83769477:-	15815
SAMPLE_001702	FRAG_001702	hg19:X:73879532-73884176:-	4645
SAMPLE_001703	FRAG_001703	hg38:3:64791605-64857253:-	65649
SAMPLE_001704	FRAG_001704	hg19:15:59019606-59059771:-	40166
SAMPLE_001705	FRAG_001705	hg38:6:101452759-101467968:+	15210
SAMPLE_001706	FRAG_001706	hg19:7:120124701-120137337:+	12637
SAMPLE_001707	FRAG_001707	hg38:16:42359938-42425980:+	66043
SAMPLE_001708	FRAG_001708	hg19:11:197613151-197677019:-	63869
SAMPLE_001709	FRAG_001709	hg38:11:27374202-27393482:+	19281
SAMPLE_001710	FRAG_001710	hg19:7:10811997-10907466:-	95470
SAMPLE_001711	FRAG_001711	hg38:13:141215885-141309927:+	94043
SAMPLE_001712	FRAG_001712	hg19:1:12819202-12860461:+	41260
SAMPLE_001713	FRAG_001713	hg38:11:13385551-13447244:+	61694
SAMPLE_001714	FRAG_001714	hg19:17:84880927-84967800:+	86874
SAMPLE_001715	FRAG_001715	hg38:19:84790221-84890137:+	99917
SAMPLE_001716	FRAG_001716	hg19:11:52686077-52712863:-	26787
SAMPLE_001717	FRAG_001717	hg38:9:86671119-86741384:-	70266
SAMPLE_001718	FRAG_001718	hg19:22:74190057-74205976:+	15920
SAMPLE_001719	FRAG_001719	hg38:6:31725229-31761594:+	36366
SAMPLE_001720	FRAG_001720	hg19:20:138992108-139065958:+	73851
SAMPLE_001721	FRAG_001721	hg38:7:95037808-95109417:-	71610
SAMPLE_001722	FRAG_001722	hg19:9:190073505-190092558:-	19054
SAMPLE_001723	FRAG_001723	hg38:19:46976276-47008864:+	32589
SAMPLE_001724	FRAG_001724	hg19:10:91929529-92010409:-	80881
SAMPLE_001725	FRAG_001725	hg38:2:8782664-8800212:-	17549
SAMPLE_001726	FRAG_001726	hg19:22:29434540-29441652:-	7113
SAMPLE_001727	FRAG_001727	hg38:2:115478527-115490313:-	11787
SAMPLE_001728	FRAG_001728	hg19:6:161020108-161112970:-	92863
SAMPLE_001729	FRAG_001729	hg38:20:84870149-84917260:-	47112
SAMPLE_001730	FRAG_001730	hg19:7:181085364-181179304:+	93941
SAMPLE_001731	FRAG_001731	hg38:15:36378526-36453446:+	74921
SAMPLE_001732	FRAG_001732	hg19:X:27108837-27170713:-	61877
SAMPLE_001733	FRAG_001733	hg38:10:173984802-174075016:-	90215
SAMPLE_001734	FRAG_001734	hg19:16:61074367-61105234:+	30868
SAMPLE_001735	FRAG_001735	hg38:20:98562690-98597012:-	34323
SAMPLE_001736	FRAG_001736	hg19:6:179558063-179650261:-	92199
SAMPLE_001737	FRAG_001737	hg38:11:131864092-131924003:+	59912
SAMPLE_001738	FRAG_001738	hg19:3:31302889-31365691:-	62803
SAMPLE_001739	FRAG_001739	hg38:16:46849190-46910144:-	60955
SAMPLE_001740	FRAG_001740	hg19:12:155264020-155343744:+	79725
SAMPLE_001741	FRAG_001741	hg38:17:109900500-109914490:+	13991
SAMPLE_001742	FRAG_001742	hg19:11:175335786-175409180:+	73395
SAMPLE_001743	FRAG_001743	hg38:10:124741995-124812322:-	70328
SAMPLE_001744	FRAG_001744	hg19:19:65042066-65096755:+	54690
SAMPLE_001745	FRAG_001745	hg38:18:130486460-130507802:-	21343
SAMPLE_001746	FRAG_001746	hg19:3:56898500-56943657:-	45158
SAMPLE_001747	FRAG_001747	hg38:14:92858837-92933681:+	74845
SAMPLE_001748	FRAG_001748	hg19:6:180745776-180833124:+	87349
SAMPLE_001749	FRAG_001749	hg38:Y:155132494-155226304:-	93811
SAMPLE_001750	FRAG_001750	hg19:4:161007797-161085912:-	78116
SAMPLE_001751	FRAG_001751	hg38:11:27213770-27287025:-	73256
SAMPLE_001752	FRAG_001752	hg19:6:109929417-109970290:+	40874
SAMPLE_001753	FRAG_001753	hg38:20:185014834-185029586:-	14753
SAMPLE_001754	FRAG_001754	hg19:11:174137946-174203233:+	65288
SAMPLE_001755	FRAG_001755	hg38:3:38290177-38319198:+	29022
SAMPLE_001756	FRAG_001756	hg19:5:41054980-41142102:-	87123
SAMPLE_001757	FRAG_001757	hg38:18:105685173-105723879:-	38707
SAMPLE_001758	FRAG_001758	hg19:7:183943268-183970723:-	27456
SAMPLE_001759	FRAG_001759	hg38:10:183417711-183492957:-	75247
SAMPLE_001760	FRAG_001760	hg19:14:93412831-93507412:+	94582
SAMPLE_001761	FRAG_001761	hg38:19:165145799-165147362:-	1564
SAMPLE_001762	FRAG_001762	hg19:5:17753206-17792264:-	39059
SAMPLE_001763	FRAG_001763	hg38:18:1226375-1233837:-	7463
SAMPLE_001764	FRAG_001764	hg19:4:9371090-9408578:+	37489
SAMPLE_001765	FRAG_001765	hg38:14:159420909-159513449:-	92541
SAMPLE_001766	FRAG_001766	hg19:21:192065284-192107480:-	42197
SAMPLE_001767	FRAG_001767	hg38:13:117820438-117870949:+	50512
SAMPLE_001768	FRAG_001768	hg19:22:128472325-128495553:+	23229
SAMPLE_001769	FRAG_001769	hg38:7:104238948-104312247:-	73300
SAMPLE_001770	FRAG_001770	hg19:14:78435808-78456527:+	20720
SAMPLE_001771	FRAG_001771	hg38:5:20259168-20261187:+	2020
SAMPLE_001772	FRAG_001772	hg19:5:131647894-131742940:-	95047
SAMPLE_001773	FRAG_001773	hg38:5:37834785-37846381:-	11597
SAMPLE_001774	FRAG_001774	hg19:15:163250310-163341955:-	91646
SAMPLE_001775	FRAG_001775	hg38:20:122975556-122999621:-	24066
SAMPLE_001776	FRAG_001776	hg19:18:104271071-104330558:-	59488
SAMPLE_001777	FRAG_001777	hg38:8:115023827-115048678:+	24852
SAMPLE_001778	FRAG_001778	hg19:19:197203066-197268859:+	65794
SAMPLE_001779	FRAG_001779	hg38:X:73276366-73342627:-	66262
SAMPLE_001780	FRAG_001780	hg19:18:99507766-99583808:+	76043
SAMPLE_001781	FRAG_001781	hg38:2:130726301-130801268:-	74968
SAMPLE_001782	FRAG_001782	hg19:4:130260505-130337060:+	76556
SAMPLE_001783	FRAG_001783	hg38:5:197305019-197401224:-	96206
SAMPLE_001784	FRAG_001784	hg19:15:22000941-22069197:+	68257
SAMPLE_001785	FRAG_001785	hg38:8:170292269-170354693:+	62425
SAMPLE_001786	FRAG_001786	hg19:22:145739648-145823205:-	83558
SAMPLE_001787	FRAG_001787	hg38:20:93219973-93227389:+	7417
SAMPLE_001788	FRAG_001788	hg19:16:138616954-138676964:-	60011
SAMPLE_001789	FRAG_001789	hg38:19:89990108-90086789:-	96682
SAMPLE_001790	FRAG_001790	hg19:12:78633800-78672915:+	39116
SAMPLE_001791	FRAG_001791	hg38:2:161426831-161518431:-	91601
SAMPLE_001792	FRAG_001792	hg19:Y:70912173-70986558:+	74386
SAMPLE_001793	FRAG_001793	hg38:21:156193567-156256084:+	62518
SAMPLE_001794	FRAG_001794	hg19:19:177179526-177186790:-	7265
SAMPLE_001795	FRAG_001795	hg38:Y:8327774-8410103:-	82330
SAMPLE_001796	FRAG_001796	hg19:16:35043342-35054655:+	11314
SAMPLE_001797	FRAG_001797	hg38:9:36578102-36611637:-	33536
SAMPLE_001798	FRAG_001798	hg19:9:4812590-4846768:+	34179
SAMPLE_001799	FRAG_001799	hg38:20:159852082-159875467:+	23386
SAMPLE_001800	FRAG_001800	hg19:22:100258526-100317568:+	59043
SAMPLE_001801	FRAG_001801	hg38:9:64403349-64495699:-	92351
SAMPLE_001802	FRAG_001802	hg19:6:9882671-9952295:-	69625
SAMPLE_001803	FRAG_001803	hg38:3:160865148-160884661:+	19514
SAMPLE_001804	FRAG_001804	hg19:16:111849851-111949015:-	99165
SAMPLE_001805	FRAG_001805	hg38:8:119161262-119248355:+	87094
SAMPLE_001806	FRAG_001806	hg19:7:198128558-198204784:-	76227
SAMPLE_001807	FRAG_001807	hg38:2:71973124-72057805:+	84682
SAMPLE_001808	FRAG_001808	hg19:2:125558059-125580525:-	22467
SAMPLE_001809	FRAG_001809	hg38:16:128846744-128886743:+	40000
SAMPLE_001810	FRAG_001810	hg19:13:190410153-190500241:-	90089
SAMPLE_001811	FRAG_001811	hg38:16:39963361-39998282:-	34922
SAMPLE_001812	FRAG_001812	hg19:1:121479369-121517720:-	38352
SAMPLE_001813	FRAG_001813	hg38:22:143338818-143380694:+	41877
SAMPLE_001814	FRAG_001814	hg19:4:172107243-172177379:-	70137
SAMPLE_001815	FRAG_001815	hg38:14:176037613-176118129:-	80517
SAMPLE_001816	FRAG_001816	hg19:11:72695838-72731769:+	35932
SAMPLE_001817	FRAG_001817	hg38:9:157813775-157900040:-	86266
SAMPLE_001818	FRAG_001818	hg19:15:65906879-65995889:+	89011
SAMPLE_001819	FRAG_001819	hg38:17:182923583-182968306:+	44724
SAMPLE_001820	FRAG_001820	hg19:11:3839507-3911782:+	72276
SAMPLE_001821	FRAG_001821	hg38:3:111393751-111395817:+	2067
SAMPLE_001822	FRAG_001822	hg19:17:185012384-185026502:-	14119
SAMPLE_001823	FRAG_001823	hg38:12:195682991-195712249:-	29259
SAMPLE_001824	FRAG_001824	hg19:9:10138017-10163823:+	25807
SAMPLE_001825	FRAG_001825	hg38:20:16269120-16281669:+	12550
SAMPLE_001826	FRAG_001826	hg19:20:33692788-33776921:+	84134
SAMPLE_001827	FRAG_001827	hg38:3:35871713-35951469:-	79757
SAMPLE_001828	FRAG_001828	hg19:22:152952937-153038358:+	85422
SAMPLE_001829	FRAG_001829	hg38:4:50462721-50554400:-	91680
SAMPLE_001830	FRAG_001830	hg19:10:178295670-178357373:+	61704
SAMPLE_001831	FRAG_001831	hg38:21:75191146-75251078:-	59933
SAMPLE_001832	FRAG_001832	hg19:X:87813134-87901133:-	88000
SAMPLE_001833	FRAG_001833	hg38:6:75433791-75443988:+	10198
SAMPLE_001834	FRAG_001834	hg19:13:90296324-90347756:+	51433
SAMPLE_001835	FRAG_001835	hg38:9:48762583-48797772:-	35190
SAMPLE_001836	FRAG_001836	hg19:3:54866705-54931654:-	64950
SAMPLE_001837	FRAG_001837	hg38:6:133085625-133170728:+	85104
SAMPLE_001838	FRAG_001838	hg19:5:116763751-116835111:+	71361
SAMPLE_001839	FRAG_001839	hg38:20:29521188-29606010:-	84823
SAMPLE_001840	FRAG_001840	hg19:X:28725924-28760370:+	34447
SAMPLE_001841	FRAG_001841	hg38:3:154369136-154378864:-	9729
SAMPLE_001842	FRAG_001842	hg19:15:134600697-134603655:+	2959
SAMPLE_001843	FRAG_001843	hg38:21:1232904-1317333:+	84430
SAMPLE_001844	FRAG_001844	hg19:22:72520998-72572678:+	51681
SAMPLE_001845	FRAG_001845	hg38:X:106046945-106090675:+	43731
SAMPLE_001846	FRAG_001846	hg19:17:132715763-132809009:-	93247
SAMPLE_001847	FRAG_001847	hg38:14:196358578-196412018:+	53441
SAMPLE_001848	FRAG_001848	hg19:18:1887812-1917913:-	30102
SAMPLE_001849	FRAG_001849	hg38:X:33535357-33599041:-	63685
SAMPLE_001850	FRAG_001850	hg19:11:82289793-82379661:-	89869
SAMPLE_001851	FRAG_001851	hg38:2:174697715-174781087:+	83373
SAMPLE_001852	FRAG_001852	hg19:12:92284911-92355484:+	70574
SAMPLE_001853	FRAG_001853	hg38:15:174890495-174928999:+	38505
SAMPLE_001854	FRAG_001854	hg19:6:11557882-11631057:-	73176
SAMPLE_001855	FRAG_001855	hg38:22:81227396-81252930:-	25535
SAMPLE_001856	FRAG_001856	hg19:4:185909773-185992928:-	83156
SAMPLE_001857	FRAG_001857	hg38:16:170863612-170875234:-	11623
SAMPLE_001858	FRAG_001858	hg19:Y:38565650-38590982:+	25333
SAMPLE_001859	FRAG_001859	hg38:7:194203475-194207298:+	3824
SAMPLE_001860	FRAG_001860	hg19:16:17909454-17960909:-	51456
SAMPLE_001861	FRAG_001861	hg38:16:121610002-121680485:+	70484
SAMPLE_001862	FRAG_001862	hg19:2:16047002-16091971:-	44970
SAMPLE_001863	FRAG_001863	hg38:Y:109852686-109858796:+	6111
SAMPLE_001864	FRAG_001864	hg19:7:180131387-180217587:-	86201
SAMPLE_001865	FRAG_001865	hg38:22:40984434-41055261:+	70828
SAMPLE_001866	FRAG_001866	hg19:3:198423466-198428798:+	5333
SAMPLE_001867	FRAG_001867	hg38:16:6117186-6203384:-	86199
SAMPLE_001868	FRAG_001868	hg19:20:66144600-66151102:+	6503
SAMPLE_001869	FRAG_001869	hg38:1:170828766-170851842:+	23077
SAMPLE_001870	FRAG_001870	hg19:10:123456118-123469369:+	13252
SAMPLE_001871	FRAG_001871	hg38:19:29543064-29551946:+	8883
SAMPLE_001872	FRAG_001872	hg19:16:166256524-166335007:+	78484
SAMPLE_001873	FRAG_001873	hg38:3:115410269-115437328:-	27060
SAMPLE_001874	FRAG_001874	hg19:Y:108913364-109002781:-	89418
SAMPLE_001875	FRAG_001875	hg38:4:155609966-155700129:+	90164
SAMPLE_001876	FRAG_001876	hg19:11:13237045-13265492:+	28448
SAMPLE_001877	FRAG_001877	hg38:11:33412371-33421156:-	8786
SAMPLE_001878	FRAG_001878	hg19:5:112442141-112541933:+	99793
SAMPLE_001879	FRAG_001879	hg38:X:149554256-149603242:+	48987
SAMPLE_001880	FRAG_001880	hg19:15:157225625-157258058:+	32434
SAMPLE_001881	FRAG_001881	hg38:5:170703449-170717050:-	13602
SAMPLE_001882	FRAG_001882	hg19:6:131719336-131721883:+	2548
SAMPLE_001883	FRAG_001883	hg38:1:49160771-49162216:+	1446
SAMPLE_001884	FRAG_001884	hg19:X:160378323-160464248:-	85926
SAMPLE_001885	FRAG_001885	hg38:14:128778624-128870021:+	91398
SAMPLE_001886	FRAG_001886	hg19:7:172751905-172771158:-	19254
SAMPLE_001887	FRAG_001887	hg38:17:111603817-111663353:+	59537
SAMPLE_001888	FRAG_001888	hg19:6:186669710-186750233:+	80524
SAMPLE_001889	FRAG_001889	hg38:20:193521574-193545666:-	24093
SAMPLE_001890	FRAG_001890	hg19:20:169360476-169372512:-	12037
SAMPLE_001891	FRAG_001891	hg38:12:2226761-2282151:+	55391
SAMPLE_001892	FRAG_001892	hg19:7:143324214-143340114:+	15901
SAMPLE_001893	FRAG_001893	hg38:20:145880742-145928676:+	47935
SAMPLE_001894	FRAG_001894	hg19:15:177986787-178069397:+	82611
SAMPLE_001895	FRAG_001895	hg38:9:53001046-53008500:+	7455
SAMPLE_001896	FRAG_001896	hg19:5:128349226-128439541:-	90316
SAMPLE_001897	FRAG_001897	hg38:6:180890042-180911481:+	21440
SAMPLE_001898	FRAG_001898	hg19:2:98762333-98847355:-	85023
SAMPLE_001899	FRAG_001899	hg38:7:68479783-68537255:-	57473
SAMPLE_001900	FRAG_001900	hg19:20:122640891-122740796:+	99906
SAMPLE_001901	FRAG_001901	hg38:4:15081204-15178750:+	97547
SAMPLE_001902	FRAG_001902	hg19:6:131207676-131211984:+	4309
SAMPLE_001903	FRAG_001903	hg38:3:194650165-194681505:-	31341
SAMPLE_001904	FRAG_001904	hg19:19:88502526-88579015:-	76490
SAMPLE_001905	FRAG_001905	hg38:7:182691220-182789641:-	98422
SAMPLE_001906	FRAG_001906	hg19:8:88545452-88560386:+	14935
SAMPLE_001907	FRAG_001907	hg38:4:199037684-199069262:-	31579
SAMPLE_001908	FRAG_001908	hg19:7:60233709-60283429:+	49721
SAMPLE_001909	FRAG_001909	hg38:16:131032206-131109394:+	77189
SAMPLE_001910	FRAG_001910	hg19:14:59026393-59045889:-	19497
SAMPLE_001911	FRAG_001911	hg38:6:101256638-101307905:+	51268
SAMPLE_001912	FRAG_001912	hg19:15:53118064-53212911:-	94848
SAMPLE_001913	FRAG_001913	hg38:9:91165145-91192148:+	27004
SAMPLE_001914	FRAG_001914	hg19:2:153650073-153741301:+	91229
SAMPLE_001915	FRAG_001915	hg38:9:30825666-30844056:-	18391
SAMPLE_001916	FRAG_001916	hg19:15:46956503-47011819:-	55317
SAMPLE_001917	FRAG_001917	hg38:8:163037301-163076487:+	39187
SAMPLE_001918	FRAG_001918	hg19:21:46616708-46697361:+	80654
SAMPLE_001919	FRAG_001919	hg38:3:141061240-141115700:-	54461
SAMPLE_001920	FRAG_001920	hg19:7:128101233-128179271:-	78039
SAMPLE_001921	FRAG_001921	hg38:9:196962649-196965049:-	2401
SAMPLE_001922	FRAG_001922	hg19:Y:67526746-67559574:-	32829
SAMPLE_001923	FRAG_001923	hg38:14:60701819-60778269:+	76451
SAMPLE_001924	FRAG_001924	hg19:19:113144777-113145941:+	1165
SAMPLE_001925	FRAG_001925	hg38:2:197891045-197953233:+	62189
SAMPLE_001926	FRAG_001926	hg19:14:106849511-106919625:-	70115
SAMPLE_001927	FRAG_001927	hg38:X:122451304-122464647:-	13344
SAMPLE_001928	FRAG_001928	hg19:8:150917702-150929091:+	11390
SAMPLE_001929	FRAG_001929	hg38:X:110150709-110247124:+	96416
SAMPLE_001930	FRAG_001930	hg19:5:80400638-80448113:+	47476
SAMPLE_001931	FRAG_001931	hg38:21:5276220-5288611:-	12392
SAMPLE_001932	FRAG_001932	hg19:22:44433616-44474070:-	40455
SAMPLE_001933	FRAG_001933	hg38:19:157675069-157773516:+	98448
SAMPLE_001934	FRAG_001934	hg19:15:38211573-38272858:-	61286
SAMPLE_001935	FRAG_001935	hg38:6:169258285-169307335:-	49051
SAMPLE_001936	FRAG_001936	hg19:X:1366050-1449570:+	83521
SAMPLE_001937	FRAG_001937	hg38:13:90363810-90454847:+	91038
SAMPLE_001938	FRAG_001938	hg19:10:73421034-73477356:+	56323
SAMPLE_001939	FRAG_001939	hg38:22:167552176-167563286:-	11111
SAMPLE_001940	FRAG_001940	hg19:Y:139173521-139181204:-	7684
SAMPLE_001941	FRAG_001941	hg38:2:103798698-103813741:-	15044
SAMPLE_001942	FRAG_001942	hg19:15:11972121-12053771:-	81651
SAMPLE_001943	FRAG_001943	hg38:12:174992522-175015993:+	23472
SAMPLE_001944	FRAG_001944	hg19:18:55952118-56045591:+	93474
SAMPLE_001945	FRAG_001945	hg38:11:145856853-145888630:+	31778
SAMPLE_001946	FRAG_001946	hg19:21:198938952-199002168:+	63217
SAMPLE_001947	FRAG_001947	hg38:Y:87023850-87053897:-	30048
SAMPLE_001948	FRAG_001948	hg19:9:183596975-183663477:-	66503
SAMPLE_001949	FRAG_001949	hg38:9:18010535-18018172:-	7638
SAMPLE_001950	FRAG_001950	hg19:12:131520541-131580338:+	59798
SAMPLE_001951	FRAG_001951	hg38:16:143782020-143875557:-	93538
SAMPLE_001952	FRAG_001952	hg19:15:99823398-99905286:+	81889
SAMPLE_001953	FRAG_001953	hg38:7:24436764-24497277:+	60514
SAMPLE_001954	FRAG_001954	hg19:13:78409452-78433388:+	23937
SAMPLE_001955	FRAG_001955	hg38:4:75072814-75094909:+	22096
SAMPLE_001956	FRAG_001956	hg19:X:134232230-134252121:+	19892
SAMPLE_001957	FRAG_001957	hg38:7:169383172-169451918:+	68747
SAMPLE_001958	FRAG_001958	hg19:10:184181261-184236356:+	55096
SAMPLE_001959	FRAG_001959	hg38:16:113777780-113823721:-	45942
SAMPLE_001960	FRAG_001960	hg19:Y:6766610-6851609:-	85000
SAMPLE_001961	FRAG_001961	hg38:7:6915409-6924158:+	8750
SAMPLE_001962	FRAG_001962	hg19:17:91161394-91246391:-	84998
SAMPLE_001963	FRAG_001963	hg38:19:177029369-177074798:-	45430
SAMPLE_001964	FRAG_001964	hg19:16:179739182-179817453:-	78272
SAMPLE_001965	FRAG_001965	hg38:15:153270458-153310813:+	40356
SAMPLE_001966	FRAG_001966	hg19:10:70795220-70818228:+	23009
SAMPLE_001967	FRAG_001967	hg38:16:78348680-78397924:+	49245
SAMPLE_001968	FRAG_001968	hg19:5:77338220-77385003:-	46784
SAMPLE_001969	FRAG_001969	hg38:6:44161705-44243289:-	81585
SAMPLE_001970	FRAG_001970	hg19:6:191082140-191105623:+	23484
SAMPLE_001971	FRAG_001971	hg38:6:32384758-32416439:+	31682
SAMPLE_001972	FRAG_001972	hg19:11:34949975-35025778:-	75804
SAMPLE_001973	FRAG_001973	hg38:9:50525425-50574377:+	48953
SAMPLE_001974	FRAG_001974	hg19:18:10311780-10404964:-	93185
SAMPLE_001975	FRAG_001975	hg38:12:101103591-101123481:-	19891
SAMPLE_001976	FRAG_001976	hg19:18:144248691-144270501:-	21811
SAMPLE_001977	FRAG_001977	hg38:4:109598873-109602638:-	3766
SAMPLE_001978	FRAG_001978	hg19:5:86957847-87018382:+	60536
SAMPLE_001979	FRAG_001979	hg38:1:147604838-147702133:-	97296
SAMPLE_001980	FRAG_001980	hg19:21:80337943-80430906:-	92964
SAMPLE_001981	FRAG_001981	hg38:10:155008825-155108173:+	99349
SAMPLE_001982	FRAG_001982	hg19:19:119676800-119772790:-	95991
SAMPLE_001983	FRAG_001983	hg38:X:197398257-197413477:-	15221
SAMPLE_001984	FRAG_001984	hg19:2:183001477-183020250:+	18774
SAMPLE_001985	FRAG_001985	hg38:10:108811711-108815460:+	3750
SAMPLE_001986	FRAG_001986	hg19:15:25825214-25872557:-	47344
SAMPLE_001987	FRAG_001987	hg38:2:173151055-173231265:+	80211
SAMPLE_001988	FRAG_001988	hg19:19:60631286-60700785:-	69500
SAMPLE_001989	FRAG_001989	hg38:7:23438398-23441852:-	3455
SAMPLE_001990	FRAG_001990	hg19:22:24455067-24543588:-	88522
SAMPLE_001991	FRAG_001991	hg38:7:86297463-86362248:+	64786
SAMPLE_001992	FRAG_001992	hg19:22:107718663-107766487:+	47825
SAMPLE_001993	FRAG_001993	hg38:X:100221788-100278338:-	56551
SAMPLE_001994	FRAG_001994	hg19:12:77410251-77412347:-	2097
SAMPLE_001995	FRAG_001995	hg38:12:120608407-120649287:+	40881
SAMPLE_001996	FRAG_001996	hg19:7:120244494-120340394:-	95901
SAMPLE_001997	FRAG_001997	hg38:15:44967135-45005465:-	38331
SAMPLE_001998	FRAG_001998	hg19:Y:38464914-38519702:+	54789
SAMPLE_001999	FRAG_001999	hg38:5:82397988-82425721:-	27734
SAMPLE_002000	FRAG_002000	hg19:17:18747818-18792280:-	44463
SAMPLE_002001	FRAG_002001	hg38:3:110913753-110915119:-	1367
SAMPLE_002002	FRAG_002002	hg19:14:150200143-150223565:-	23423
SAMPLE_002003	FRAG_002003	hg38:X:37756072-37831008:+	74937
SAMPLE_002004	FRAG_002004	hg19:6:78702177-78752715:-	50539
SAMPLE_002005	FRAG_002005	hg38:2:158090644-158130725:-	40082
SAMPLE_002006	FRAG_002006	hg19:16:199603589-199677394:-	73806
SAMPLE_002007	FRAG_002007	hg38:8:1656774-1660790:+	4017
SAMPLE_002008	FRAG_002008	hg19:9:172947728-172987570:-	39843
SAMPLE_002009	FRAG_002009	hg38:4:179754782-179840977:-	86196
SAMPLE_002010	FRAG_002010	hg19:14:133039776-133063785:+	24010
SAMPLE_002011	FRAG_002011	hg38:1:75414880-75431023:-	16144
SAMPLE_002012	FRAG_002012	hg19:3:98109079-98188075:-	78997
SAMPLE_002013	FRAG_002013	hg38:19:70232600-70290255:-	57656
SAMPLE_002014	FRAG_002014	hg19:X:101180707-101196880:+	16174
SAMPLE_002015	FRAG_002015	hg38:9:157136690-157158533:+	21844
SAMPLE_002016	FRAG_002016	hg19:5:124760547-124802947:+	42401
SAMPLE_002017	FRAG_002017	hg38:12:15197103-15219007:-	21905
SAMPLE_002018	FRAG_002018	hg19:12:171791289-171846774:-	55486
SAMPLE_002019	FRAG_002019	hg38:2:79292985-79331476:+	38492
SAMPLE_002020	FRAG_002020	hg19:17:169585506-169611408:+	25903
SAMPLE_002021	FRAG_002021	hg38:4:45865206-45944185:-	78980
SAMPLE_002022	FRAG_002022	hg19:11:81818483-81908762:-	90280
SAMPLE_002023	FRAG_002023	hg38:22:185776645-185868627:-	91983
SAMPLE_002024	FRAG_002024	hg19:4:156705084-156775630:-	70547
SAMPLE_002025	FRAG_002025	hg38:5:37762086-37764275:-	2190
SAMPLE_002026	FRAG_002026	hg19:12:111593932-111657987:-	64056
SAMPLE_002027	FRAG_002027	hg38:6:59485701-59499624:+	13924
SAMPLE_002028	FRAG_002028	hg19:17:51577744-51607224:+	29481
SAMPLE_002029	FRAG_002029	hg38:14:21508556-21569412:+	60857
SAMPLE_002030	FRAG_002030	hg19:5:129719695-129722471:-	2777
SAMPLE_002031	FRAG_002031	hg38:10:98326258-98417334:+	91077
SAMPLE_002032	FRAG_002032	hg19:15:141424252-141503086:-	78835
SAMPLE_002033	FRAG_002033	hg38:6:82788058-82881604:+	93547
SAMPLE_002034	FRAG_002034	hg19:Y:60688730-60704773:+	16044
SAMPLE_002035	FRAG_002035	hg38:X:185696252-185715410:+	19159
SAMPLE_002036	FRAG_002036	hg19:10:57328766-57345694:+	16929
SAMPLE_002037	FRAG_002037	hg38:3:186440081-186496260:+	56180
SAMPLE_002038	FRAG_002038	hg19:3:130991183-130994146:-	2964
SAMPLE_002039	FRAG_002039	hg38:2:29942008-29968243:+	26236
SAMPLE_002040	FRAG_002040	hg19:22:160229516-160297317:+	67802
SAMPLE_002041	FRAG_002041	hg38:16:68917519-68933605:+	16087
SAMPLE_002042	FRAG_002042	hg19:3:180203866-180243902:+	40037
SAMPLE_002043	FRAG_002043	hg38:4:162542302-162559026:+	16725
SAMPLE_002044	FRAG_002044	hg19:19:50601993-50628709:-	26717
SAMPLE_002045	FRAG_002045	hg38:1:40072653-40085050:-	12398
SAMPLE_002046	FRAG_002046	hg19:19:95543846-95589936:+	46091
SAMPLE_002047	FRAG_002047	hg38:17:165539239-165635231:+	95993
SAMPLE_002048	FRAG_002048	hg19:17:19344084-19419324:+	75241
SAMPLE_002049	FRAG_002049	hg38:19:142959069-142961400:+	2332
SAMPLE_002050	FRAG_002050	hg19:X:76660356-76685961:+	25606
SAMPLE_002051	FRAG_002051	hg38:18:195709484-195710550:+	1067
SAMPLE_002052	FRAG_002052	hg19:7:190986828-191053412:-	66585
SAMPLE_002053	FRAG_002053	hg38:12:159210642-159302646:+	92005
SAMPLE_002054	FRAG_002054	hg19:15:29809702-29898481:+	88780
SAMPLE_002055	FRAG_002055	hg38:12:114841288-114891543:+	50256
SAMPLE_002056	FRAG_002056	hg19:17:110408378-110438702:+	30325
SAMPLE_002057	FRAG_002057	hg38:11:126064534-126081235:+	16702
SAMPLE_002058	FRAG_002058	hg19:17:134094598-134112911:-	18314
SAMPLE_002059	FRAG_002059	hg38:X:150554015-150592298:+	38284
SAMPLE_002060	FRAG_002060	hg19:3:133530021-133573526:+	43506
SAMPLE_002061	FRAG_002061	hg38:13:123660444-123698116:-	37673
SAMPLE_002062	FRAG_002062	hg19:22:61632436-61691125:-	58690
SAMPLE_002063	FRAG_002063	hg38:10:51676582-51733174:+	56593
SAMPLE_002064	FRAG_002064	hg19:16:99634298-99723812:+	89515
SAMPLE_002065	FRAG_002065	hg38:1:132975855-133064717:+	88863
SAMPLE_002066	FRAG_002066	hg19:13:141301112-141359028:+	57917
SAMPLE_002067	FRAG_002067	hg38:4:106981394-107000684:-	19291
SAMPLE_002068	FRAG_002068	hg19:X:28305832-28383736:+	77905
SAMPLE_002069	FRAG_002069	hg38:3:54441845-54490016:-	48172
SAMPLE_002070	FRAG_002070	hg19:7:109525511-109603992:+	78482
SAMPLE_002071	FRAG_002071	hg38:8:195669527-195725692:-	56166
SAMPLE_002072	FRAG_002072	hg19:9:157207590-157301608:-	94019
SAMPLE_002073	FRAG_002073	hg38:21:96589143-96642101:-	52959
SAMPLE_002074	FRAG_002074	hg19:22:109567001-109646558:-	79558
SAMPLE_002075	FRAG_002075	hg38:17:40560432-40597485:-	37054
SAMPLE_002076	FRAG_002076	hg19:4:68294046-68310560:-	16515
SAMPLE_002077	FRAG_002077	hg38:16:169677063-169707816:+	30754
SAMPLE_002078	FRAG_002078	hg19:1:199051238-199064792:+	13555
SAMPLE_002079	FRAG_002079	hg38:3:183028080-183093870:+	65791
SAMPLE_002080	FRAG_002080	hg19:6:163291760-163342411:-	50652
SAMPLE_002081	FRAG_002081	hg38:5:167957930-167998111:+	40182
SAMPLE_002082	FRAG_002082	hg19:3:140572723-140659871:-	87149
SAMPLE_002083	FRAG_002083	hg38:15:79802698-79829664:-	26967
SAMPLE_002084	FRAG_002084	hg19:16:71240237-71306900:-	66664
SAMPLE_002085	FRAG_002085	hg38:18:5743358-5815503:+	72146
SAMPLE_002086	FRAG_002086	hg19:14:103979860-103995974:-	16115
SAMPLE_002087	FRAG_002087	hg38:11:119797760-119847586:-	49827
SAMPLE_002088	FRAG_002088	hg19:2:48477956-48482761:-	4806
SAMPLE_002089	FRAG_002089	hg38:X:132930552-132952565:-	22014
SAMPLE_002090	FRAG_002090	hg19:5:193125480-193166933:-	41454
SAMPLE_002091	FRAG_002091	hg38:16:153700911-153715746:-	14836
SAMPLE_002092	FRAG_002092	hg19:22:184978726-185051810:-	73085
SAMPLE_002093	FRAG_002093	hg38:16:42959403-43033597:+	74195
SAMPLE_002094	FRAG_002094	hg19:13:133792638-133827660:-	35023
SAMPLE_002095	FRAG_002095	hg38:20:95694303-95783470:-	89168
SAMPLE_002096	FRAG_002096	hg19:11:8555648-8564197:+	8550
SAMPLE_002097	FRAG_002097	hg38:5:94650898-94699423:+	48526
SAMPLE_002098	FRAG_002098	hg19:21:103159388-103204616:+	45229
SAMPLE_002099	FRAG_002099	hg38:14:96929726-96975463:-	45738
SAMPLE_002100	FRAG_002100	hg19:12:178500262-178508159:+	7898
SAMPLE_002101	FRAG_002101	hg38:8:174968409-174999660:-	31252
SAMPLE_002102	FRAG_002102	hg19:19:185681249-185692881:+	11633
SAMPLE_002103	FRAG_002103	hg38:10:91622268-91637770:+	15503
SAMPLE_002104	FRAG_002104	hg19:1:88541323-88612393:+	71071
SAMPLE_002105	FRAG_002105	hg38:15:114406742-114493455:-	86714
SAMPLE_002106	FRAG_002106	hg19:9:187819930-187823103:-	3174
SAMPLE_002107	FRAG_002107	hg38:19:85963668-85967081:-	3414
SAMPLE_002108	FRAG_002108	hg19:19:87549327-87600983:+	51657
SAMPLE_002109	FRAG_002109	hg38:16:186452383-186465996:+	13614
SAMPLE_002110	FRAG_002110	hg19:11:135960897-136026503:-	65607
SAMPLE_002111	FRAG_002111	hg38:6:81402028-81483113:-	81086
SAMPLE_002112	FRAG_002112	hg19:14:134399459-134426402:+	26944
SAMPLE_002113	FRAG_002113	hg38:18:78136421-78164979:-	28559
SAMPLE_002114	FRAG_002114	hg19:2:154953288-154992757:-	39470
SAMPLE_002115	FRAG_002115	hg38:8:25684743-25767105:+	82363
SAMPLE_002116	FRAG_002116	hg19:19:74380840-74425489:+	44650
SAMPLE_002117	FRAG_002117	hg38:19:128578881-128648987:-	70107
SAMPLE_002118	FRAG_002118	hg19:7:21578689-21624711:-	46023
SAMPLE_002119	FRAG_002119	hg38:17:117208523-117248331:-	39809
SAMPLE_002120	FRAG_002120	hg19:7:108991841-109046644:-	54804
SAMPLE_002121	FRAG_002121	hg38:20:122662627-122730676:+	68050
SAMPLE_002122	FRAG_002122	hg19:1:189799150-189881941:+	82792
SAMPLE_002123	FRAG_002123	hg38:19:58164083-58230013:-	65931
SAMPLE_002124	FRAG_002124	hg19:9:144000757-144084870:-	84114
SAMPLE_002125	FRAG_002125	hg38:19:169244197-169339934:+	95738
SAMPLE_002126	FRAG_002126	hg19:17:98784236-98811034:-	26799
SAMPLE_002127	FRAG_002127	hg38:5:41392194-41424199:-	32006
SAMPLE_002128	FRAG_002128	hg19:14:86537810-86592082:+	54273
SAMPLE_002129	FRAG_002129	hg38:21:111713085-111740264:-	27180
SAMPLE_002130	FRAG_002130	hg19:10:44106522-44191699:-	85178
SAMPLE_002131	FRAG_002131	hg38:22:64385619-64464922:-	79304
SAMPLE_002132	FRAG_002132	hg19:8:41255185-41270568:+	15384
SAMPLE_002133	FRAG_002133	hg38:1:84360099-84392787:-	32689
SAMPLE_002134	FRAG_002134	hg19:16:118073537-118147413:-	73877
SAMPLE_002135	FRAG_002135	hg38:21:55221414-55226763:+	5350
SAMPLE_002136	FRAG_002136	hg19:9:8822711-8841092:-	18382
SAMPLE_002137	FRAG_002137	hg38:9:148829047-148915879:+	86833
SAMPLE_002138	FRAG_002138	hg19:21:194937637-194943671:-	6035
SAMPLE_002139	FRAG_002139	hg38:1:23529665-23537415:-	7751
SAMPLE_002140	FRAG_002140	hg19:20:18067581-18107136:-	39556
SAMPLE_002141	FRAG_002141	hg38:12:177477682-177566218:+	88537
SAMPLE_002142	FRAG_002142	hg19:13:38731329-38826754:+	95426
SAMPLE_002143	FRAG_002143	hg38:4:198160582-198235919:+	75338
SAMPLE_002144	FRAG_002144	hg19:17:156805236-156892795:-	87560
SAMPLE_002145	FRAG_002145	hg38:16:64908269-64920597:+	12329
SAMPLE_002146	FRAG_002146	hg19:11:157853874-157897533:-	43660
SAMPLE_002147	FRAG_002147	hg38:Y:64334145-64432156:-	98012
SAMPLE_002148	FRAG_002148	hg19:7:29672668-29692077:+	19410
SAMPLE_002149	FRAG_002149	hg38:7:118970783-119007267:-	36485
SAMPLE_002150	FRAG_002150	hg19:9:16012360-16090123:-	77764
SAMPLE_002151	FRAG_002151	hg38:18:188802203-188851815:+	49613
SAMPLE_002152	FRAG_002152	hg19:11:114757931-114829961:-	72031
SAMPLE_002153	FRAG_002153	hg38:22:75553589-75586377:+	32789
SAMPLE_002154	FRAG_002154	hg19:12:193111533-193174320:-	62788
SAMPLE_002155	FRAG_002155	hg38:10:174247594-174250855:+	3262
SAMPLE_002156	FRAG_002156	hg19:Y:15675995-15763292:+	87298
SAMPLE_002157	FRAG_002157	hg38:9:104264493-104337439:-	72947
SAMPLE_002158	FRAG_002158	hg19:21:98403172-98495502:+	92331
SAMPLE_002159	FRAG_002159	hg38:18:119756597-119788079:-	31483
SAMPLE_002160	FRAG_002160	hg19:1:69594303-69646310:-	52008
SAMPLE_002161	FRAG_002161	hg38:3:64205935-64305611:-	99677
SAMPLE_002162	FRAG_002162	hg19:7:118801784-118823284:-	21501
SAMPLE_002163	FRAG_002163	hg38:21:10095044-10148796:-	53753
SAMPLE_002164	FRAG_002164	hg19:3:127457603-127522549:-	64947
SAMPLE_002165	FRAG_002165	hg38:11:114378008-114472536:+	94529
SAMPLE_002166	FRAG_002166	hg19:6:71053620-71145670:+	92051
SAMPLE_002167	FRAG_002167	hg38:12:162629266-162684929:-	55664
SAMPLE_002168	FRAG_002168	hg19:15:8341948-8433569:+	91622
SAMPLE_002169	FRAG_002169	hg38:21:50322228-50406821:-	84594
SAMPLE_002170	FRAG_002170	hg19:21:1825655-1843991:-	18337
SAMPLE_002171	FRAG_002171	hg38:7:83019792-83102643:-	82852
SAMPLE_002172	FRAG_002172	hg19:19:30750219-30761496:+	11278
SAMPLE_002173	FRAG_002173	hg38:8:192545860-192614040:+	68181
SAMPLE_002174	FRAG_002174	hg19:20:111143416-111233798:-	90383
SAMPLE_002175	FRAG_002175	hg38:15:198346261-198409460:+	63200
SAMPLE_002176	FRAG_002176	hg19:9:185540483-185563720:-	23238
SAMPLE_002177	FRAG_002177	hg38:10:23655670-23682208:-	26539
SAMPLE_002178	FRAG_002178	hg19:12:106627788-106652127:-	24340
SAMPLE_002179	FRAG_002179	hg38:19:6565911-6595833:+	29923
SAMPLE_002180	FRAG_002180	hg19:18:165283346-165368662:+	85317
SAMPLE_002181	FRAG_002181	hg38:3:54221679-54282788:-	61110
SAMPLE_002182	FRAG_002182	hg19:X:14363512-14386130:-	22619
SAMPLE_002183	FRAG_002183	hg38:20:162166696-162223412:-	56717
SAMPLE_002184	FRAG_002184	hg19:5:99762814-99774986:+	12173
SAMPLE_002185	FRAG_002185	hg38:19:4788941-4804821:-	15881
SAMPLE_002186	FRAG_002186	hg19:15:133647120-133735910:+	88791
SAMPLE_002187	FRAG_002187	hg38:8:55531419-55625446:+	94028
SAMPLE_002188	FRAG_002188	hg19:9:133652255-133690497:-	38243
SAMPLE_002189	FRAG_002189	hg38:5:56460363-56517394:+	57032
SAMPLE_002190	FRAG_002190	hg19:10:182781444-182877194:+	95751
SAMPLE_002191	FRAG_002191	hg38:14:110662352-110686492:+	24141
SAMPLE_002192	FRAG_002192	hg19:1:71276259-71314794:+	38536
SAMPLE_002193	FRAG_002193	hg38:20:67657345-67716954:-	59610
SAMPLE_002194	FRAG_002194	hg19:19:174740975-174831162:-	90188
SAMPLE_002195	FRAG_002195	hg38:3:126864448-126866299:+	1852
SAMPLE_002196	FRAG_002196	hg19:11:107717780-107809114:+	91335
SAMPLE_002197	FRAG_002197	hg38:X:191173948-191224712:-	50765
SAMPLE_002198	FRAG_002198	hg19:Y:69780034-69858808:+	78775
SAMPLE_002199	FRAG_002199	hg38:4:16771205-16844711:+	73507
SAMPLE_002200	FRAG_002200	hg19:11:127414958-127446238:-	31281
SAMPLE_002201	FRAG_002201	hg38:20:161586697-161675117:+	88421
SAMPLE_002202	FRAG_002202	hg19:1:136436960-136470706:-	33747
SAMPLE_002203	FRAG_002203	hg38:10:181190527-181242759:-	52233
SAMPLE_002204	FRAG_002204	hg19:5:12039404-12113245:+	73842
SAMPLE_002205	FRAG_002205	hg38:9:136223480-136246243:-	22764
SAMPLE_002206	FRAG_002206	hg19:11:36411880-36473731:+	61852
SAMPLE_002207	FRAG_002207	hg38:11:143384554-143478147:-	93594
SAMPLE_002208	FRAG_002208	hg19:5:32364551-32399181:-	34631
SAMPLE_002209	FRAG_002209	hg38:2:135005829-135023088:-	17260
SAMPLE_002210	FRAG_002210	hg19:Y:116450337-116498099:-	47763
SAMPLE_002211	FRAG_002211	hg38:9:71801982-71882819:-	80838
SAMPLE_002212	FRAG_002212	hg19:14:85702906-85725029:-	22124
SAMPLE_002213	FRAG_002213	hg38:5:177474696-177548028:-	73333
SAMPLE_002214	FRAG_002214	hg19:2:40895095-40920356:+	25262
SAMPLE_002215	FRAG_002215	hg38:8:10626699-10651202:-	24504
SAMPLE_002216	FRAG_002216	hg19:9:190505463-190527399:-	21937
SAMPLE_002217	FRAG_002217	hg38:14:133851600-133867306:+	15707
SAMPLE_002218	FRAG_002218	hg19:15:191328560-191375788:-	47229
SAMPLE_002219	FRAG_002219	hg38:15:31196540-31261655:+	65116
SAMPLE_002220	FRAG_002220	hg19:4:26119621-26165943:+	46323
SAMPLE_002221	FRAG_002221	hg38:10:46176345-46200522:-	24178
SAMPLE_002222	FRAG_002222	hg19:19:158216581-158303998:+	87418
SAMPLE_002223	FRAG_002223	hg38:19:142201185-142202224:+	1040
SAMPLE_002224	FRAG_002224	hg19:14:67077383-67087952:-	10570
SAMPLE_002225	FRAG_002225	hg38:22:89223401-89236260:+	12860
SAMPLE_002226	FRAG_002226	hg19:10:183707750-183797549:+	89800
SAMPLE_002227	FRAG_002227	hg38:13:159467782-159517244:+	49463
SAMPLE_002228	FRAG_002228	hg19:11:8750941-8771595:+	20655
SAMPLE_002229	FRAG_002229	hg38:15:178043739-178136998:-	93260
SAMPLE_002230	FRAG_002230	hg19:15:73294617-73377475:+	82859
SAMPLE_002231	FRAG_002231	hg38:11:177140032-177146278:-	6247
SAMPLE_002232	FRAG_002232	hg19:11:198117404-198213788:+	96385
SAMPLE_002233	FRAG_002233	hg38:7:173776878-173783757:-	6880
SAMPLE_002234	FRAG_002234	hg19:11:19984853-19992631:-	7779
SAMPLE_002235	FRAG_002235	hg38:3:69495039-69547817:+	52779
SAMPLE_002236	FRAG_002236	hg19:8:24941304-24994089:+	52786
SAMPLE_002237	FRAG_002237	hg38:7:105287953-105309808:-	21856
SAMPLE_002238	FRAG_002238	hg19:10:176574049-176659373:+	85325
SAMPLE_002239	FRAG_002239	hg38:4:132760227-132799857:-	39631
SAMPLE_002240	FRAG_002240	hg19:Y:184868070-184909214:+	41145
SAMPLE_002241	FRAG_002241	hg38:12:26799733-26887463:-	87731
SAMPLE_002242	FRAG_002242	hg19:17:132432182-132458878:-	26697
SAMPLE_002243	FRAG_002243	hg38:13:73069390-73132336:-	62947
SAMPLE_002244	FRAG_002244	hg19:3:114423736-114523389:-	99654
SAMPLE_002245	FRAG_002245	hg38:20:117529420-117554345:-	24926
SAMPLE_002246	FRAG_002246	hg19:3:138799048-138804847:-	5800
SAMPLE_002247	FRAG_002247	hg38:15:61191338-61280499:+	89162
SAMPLE_002248	FRAG_002248	hg19:16:169996113-170065723:+	69611
SAMPLE_002249	FRAG_002249	hg38:10:118401729-118463598:+	61870
SAMPLE_002250	FRAG_002250	hg19:16:40891262-40931134:+	39873
SAMPLE_002251	FRAG_002251	hg38:22:67747417-67787291:-	39875
SAMPLE_002252	FRAG_002252	hg19:10:13811960-13886978:+	75019
SAMPLE_002253	FRAG_002253	hg38:2:29892290-29960083:-	67794
SAMPLE_002254	FRAG_002254	hg19:14:125730277-125743160:-	12884
SAMPLE_002255	FRAG_002255	hg38:12:158187182-158221086:+	33905
SAMPLE_002256	FRAG_002256	hg19:17:31584324-31586955:-	2632
SAMPLE_002257	FRAG_002257	hg38:6:106483683-106508064:+	24382
SAMPLE_002258	FRAG_002258	hg19:3:190080179-190135236:-	55058
SAMPLE_002259	FRAG_002259	hg38:11:195372686-195450151:-	77466
SAMPLE_002260	FRAG_002260	hg19:22:168452827-168512301:-	59475
SAMPLE_002261	FRAG_002261	hg38:11:57658235-57683269:+	25035
SAMPLE_002262	FRAG_002262	hg19:3:163149208-163247621:-	98414
SAMPLE_002263	FRAG_002263	hg38:22:117447010-117461445:+	14436
SAMPLE_002264	FRAG_002264	hg19:1:32320583-32372846:+	52264
SAMPLE_002265	FRAG_002265	hg38:6:129075890-129162346:-	86457
SAMPLE_002266	FRAG_002266	hg19:X:177554587-177608182:-	53596
SAMPLE_002267	FRAG_002267	hg38:10:166556179-166637745:-	81567
SAMPLE_002268	FRAG_002268	hg19:X:186299210-186388025:-	88816
SAMPLE_002269	FRAG_002269	hg38:10:34578455-34590440:+	11986
SAMPLE_002270	FRAG_002270	hg19:1:31041283-31066790:+	25508
SAMPLE_002271	FRAG_002271	hg38:X:8198177-8223346:+	25170
SAMPLE_002272	FRAG_002272	hg19:16:39964530-40050045:+	85516
SAMPLE_002273	FRAG_002273	hg38:14:145574648-145657205:+	82558
SAMPLE_002274	FRAG_002274	hg19:3:125399851-125439791:+	39941
SAMPLE_002275	FRAG_002275	hg38:16:6856410-6912205:+	55796
SAMPLE_002276	FRAG_002276	hg19:6:199315062-199335539:-	20478
SAMPLE_002277	FRAG_002277	hg38:16:6268790-6331088:-	62299
SAMPLE_002278	FRAG_002278	hg19:19:55046370-55078670:-	32301
SAMPLE_002279	FRAG_002279	hg38:19:14669319-14721163:-	51845
SAMPLE_002280	FRAG_002280	hg19:1:170224363-170238318:-	13956
SAMPLE_002281	FRAG_002281	hg38:14:198857952-198923423:-	65472
SAMPLE_002282	FRAG_002282	hg19:2:108288383-108352779:-	64397
SAMPLE_002283	FRAG_002283	hg38:17:195512138-195590105:-	77968
SAMPLE_002284	FRAG_002284	hg19:8:17295289-17389411:+	94123
SAMPLE_002285	FRAG_002285	hg38:14:85785379-85861428:+	76050
SAMPLE_002286	FRAG_002286	hg19:9:112974482-113059955:-	85474
SAMPLE_002287	FRAG_002287	hg38:4:168153869-168219220:-	65352
SAMPLE_002288	FRAG_002288	hg19:15:118099600-118191523:+	91924
SAMPLE_002289	FRAG_002289	hg38:6:195940280-195978529:+	38250
SAMPLE_002290	FRAG_002290	hg19:16:118604442-118650009:+	45568
SAMPLE_002291	FRAG_002291	hg38:17:158748433-158777728:-	29296
SAMPLE_002292	FRAG_002292	hg19:20:177350856-177445097:-	94242
SAMPLE_002293	FRAG_002293	hg38:5:195077493-195116447:-	38955
SAMPLE_002294	FRAG_002294	hg19:14:176154185-176242909:-	88725
SAMPLE_002295	FRAG_002295	hg38:16:167924543-167946279:+	21737
SAMPLE_002296	FRAG_002296	hg19:10:24136960-24227990:-	91031
SAMPLE_002297	FRAG_002297	hg38:5:54548638-54571850:+	23213
SAMPLE_002298	FRAG_002298	hg19:20:28086137-28151147:-	65011
SAMPLE_002299	FRAG_002299	hg38:16:64006876-64047175:+	40300
SAMPLE_002300	FRAG_002300	hg19:18:5866894-5873559:-	6666
SAMPLE_002301	FRAG_002301	hg38:9:182711438-182758735:+	47298
SAMPLE_002302	FRAG_002302	hg19:6:9581883-9648373:+	66491
SAMPLE_002303	FRAG_002303	hg38:11:31593399-31650340:+	56942
SAMPLE_002304	FRAG_002304	hg19:4:61155215-61229374:-	74160
SAMPLE_002305	FRAG_002305	hg38:9:96359272-96404377:+	45106
SAMPLE_002306	FRAG_002306	hg19:18:41581635-41617194:+	35560
SAMPLE_002307	FRAG_002307	hg38:X:118528211-118535318:-	7108
SAMPLE_002308	FRAG_002308	hg19:4:164899318-164913696:+	14379
SAMPLE_002309	FRAG_002309	hg38:18:137178845-137184845:+	6001
SAMPLE_002310	FRAG_002310	hg19:6:32691315-32774379:+	83065
SAMPLE_002311	FRAG_002311	hg38:12:196514770-196535851:-	21082
SAMPLE_002312	FRAG_002312	hg19:X:136800589-136858958:-	58370
SAMPLE_002313	FRAG_002313	hg38:Y:42418444-42431957:-	13514
SAMPLE_002314	FRAG_002314	hg19:11:34013122-34031679:+	18558
SAMPLE_002315	FRAG_002315	hg38:15:2768339-2823331:+	54993
SAMPLE_002316	FRAG_002316	hg19:16:77976095-78021331:+	45237
SAMPLE_002317	FRAG_002317	hg38:3:100975122-101010488:-	35367
SAMPLE_002318	FRAG_002318	hg19:12:179508305-179591306:+	83002
SAMPLE_002319	FRAG_002319	hg38:5:143176913-143276136:-	99224
SAMPLE_002320	FRAG_002320	hg19:8:116111256-116129842:-	18587
SAMPLE_002321	FRAG_002321	hg38:14:139554380-139615008:-	60629
SAMPLE_002322	FRAG_002322	hg19:1:40079988-40138496:+	58509
SAMPLE_002323	FRAG_002323	hg38:X:19678058-19746366:+	68309
SAMPLE_002324	FRAG_002324	hg19:11:108817333-108859094:+	41762
SAMPLE_002325	FRAG_002325	hg38:14:106566608-106575163:+	8556
SAMPLE_002326	FRAG_002326	hg19:22:41520894-41605471:+	84578
SAMPLE_002327	FRAG_002327	hg38:21:178264474-178358475:-	94002
SAMPLE_002328	FRAG_002328	hg19:14:183769825-183823015:-	53191
SAMPLE_002329	FRAG_002329	hg38:Y:85206922-85304767:-	97846
SAMPLE_002330	FRAG_002330	hg19:1:142678015-142715185:+	37171
SAMPLE_002331	FRAG_002331	hg38:X:120772960-120826403:+	53444
SAMPLE_002332	FRAG_002332	hg19:18:166943432-167025767:-	82336
SAMPLE_002333	FRAG_002333	hg38:X:175149382-175195133:-	45752
SAMPLE_002334	FRAG_002334	hg19:7:23623988-23664009:+	40022
SAMPLE_002335	FRAG_002335	hg38:18:105688093-105732434:+	44342
SAMPLE_002336	FRAG_002336	hg19:17:77216305-77287686:+	71382
SAMPLE_002337	FRAG_002337	hg38:3:149118886-149186450:-	67565
SAMPLE_002338	FRAG_002338	hg19:17:171640529-171685685:+	45157
SAMPLE_002339	FRAG_002339	hg38:1:145937064-145941218:-	4155
SAMPLE_002340	FRAG_002340	hg19:8:196020841-196061178:-	40338
SAMPLE_002341	FRAG_002341	hg38:17:197491041-197506015:+	14975
SAMPLE_002342	FRAG_002342	hg19:12:169306221-169340766:-	34546
SAMPLE_002343	FRAG_002343	hg38:4:175741392-175748147:+	6756
SAMPLE_002344	FRAG_002344	hg19:15:154661924-154701477:+	39554
SAMPLE_002345	FRAG_002345	hg38:15:64376892-64421821:+	44930
SAMPLE_002346	FRAG_002346	hg19:12:77379414-77419129:+	39716
SAMPLE_002347	FRAG_002347	hg38:X:140496953-140546953:+	50001
SAMPLE_002348	FRAG_002348	hg19:4:139633980-139677450:+	43471
SAMPLE_002349	FRAG_002349	hg38:12:27303409-27363455:+	60047
SAMPLE_002350	FRAG_002350	hg19:X:111609623-111665918:+	56296
SAMPLE_002351	FRAG_002351	hg38:3:115054663-115063313:+	8651
SAMPLE_002352	FRAG_002352	hg19:16:120766261-120794912:+	28652
SAMPLE_002353	FRAG_002353	hg38:12:142265662-142354873:-	89212
SAMPLE_002354	FRAG_002354	hg19:19:140303237-140377001:-	73765
SAMPLE_002355	FRAG_002355	hg38:9:134902934-134980018:-	77085
SAMPLE_002356	FRAG_002356	hg19:15:132410179-132500988:-	90810
SAMPLE_002357	FRAG_002357	hg38:6:136770866-136790284:+	19419
SAMPLE_002358	FRAG_002358	hg19:16:123866345-123960055:+	93711
SAMPLE_002359	FRAG_002359	hg38:X:143040235-143107998:+	67764
SAMPLE_002360	FRAG_002360	hg19:X:123254197-123282567:-	28371
SAMPLE_002361	FRAG_002361	hg38:2:43101334-43199677:-	98344
SAMPLE_002362	FRAG_002362	hg19:4:110688059-110767410:+	79352
SAMPLE_002363	FRAG_002363	hg38:4:154481932-154530873:-	48942
SAMPLE_002364	FRAG_002364	hg19:2:42152367-42221387:+	69021
SAMPLE_002365	FRAG_002365	hg38:12:101518276-101558742:-	40467
SAMPLE_002366	FRAG_002366	hg19:10:8510228-8574418:+	64191
SAMPLE_002367	FRAG_002367	hg38:5:114214525-114292307:+	77783
SAMPLE_002368	FRAG_002368	hg19:10:58869707-58907362:+	37656
SAMPLE_002369	FRAG_002369	hg38:Y:1559891-1624457:+	64567
SAMPLE_002370	FRAG_002370	hg19:18:19136716-19182913:+	46198
SAMPLE_002371	FRAG_002371	hg38:14:154829378-154892945:-	63568
SAMPLE_002372	FRAG_002372	hg19:19:91683736-91743528:-	59793
SAMPLE_002373	FRAG_002373	hg38:16:163593962-163688837:+	94876
SAMPLE_002374	FRAG_002374	hg19:5:171848501-171915160:-	66660
SAMPLE_002375	FRAG_002375	hg38:15:121547582-121635534:+	87953
SAMPLE_002376	FRAG_002376	hg19:Y:24975306-25018431:-	43126
SAMPLE_002377	FRAG_002377	hg38:13:107138609-107169624:-	31016
SAMPLE_002378	FRAG_002378	hg19:18:180970897-180977401:-	6505
SAMPLE_002379	FRAG_002379	hg38:Y:174386898-174423753:+	36856
SAMPLE_002380	FRAG_002380	hg19:6:7658296-7751490:-	93195
SAMPLE_002381	FRAG_002381	hg38:18:34227372-34312433:+	85062
SAMPLE_002382	FRAG_002382	hg19:7:146447545-146529138:+	81594
SAMPLE_002383	FRAG_002383	hg38:19:51840566-51909452:-	68887
SAMPLE_002384	FRAG_002384	hg19:17:33288268-33291213:+	2946
SAMPLE_002385	FRAG_002385	hg38:1:56245358-56281896:+	36539
SAMPLE_002386	FRAG_002386	hg19:X:120246940-120323402:+	76463
SAMPLE_002387	FRAG_002387	hg38:18:87015084-87095124:-	80041
SAMPLE_002388	FRAG_002388	hg19:19:132928789-132935184:+	6396
SAMPLE_002389	FRAG_002389	hg38:11:49454748-49512527:-	57780
SAMPLE_002390	FRAG_002390	hg19:1:86196698-86266390:-	69693
SAMPLE_002391	FRAG_002391	hg38:9:31774680-31787109:+	12430
SAMPLE_002392	FRAG_002392	hg19:18:77598521-77621060:+	22540
SAMPLE_002393	FRAG_002393	hg38:6:25059484-25093479:+	33996
SAMPLE_002394	FRAG_002394	hg19:10:183162600-183216481:+	53882
SAMPLE_002395	FRAG_002395	hg38:2:88319557-88400596:+	81040
SAMPLE_002396	FRAG_002396	hg19:1:16703952-16797944:-	93993
SAMPLE_002397	FRAG_002397	hg38:13:86910476-86923917:+	13442
SAMPLE_002398	FRAG_002398	hg19:14:70238709-70281703:-	42995
SAMPLE_002399	FRAG_002399	hg38:4:55374140-55381438:+	7299
SAMPLE_002400	FRAG_002400	hg19:20:64482600-64559911:-	77312
SAMPLE_002401	FRAG_002401	hg38:17:136404549-136503665:-	99117
SAMPLE_002402	FRAG_002402	hg19:4:17275772-17311567:-	35796
SAMPLE_002403	FRAG_002403	hg38:15:110273756-110346753:+	72998
SAMPLE_002404	FRAG_002404	hg19:16:110385780-110390067:+	4288
SAMPLE_002405	FRAG_002405	hg38:1:149733445-149769223:+	35779
SAMPLE_002406	FRAG_002406	hg19:8:175899365-175972570:+	73206
SAMPLE_002407	FRAG_002407	hg38:10:110185026-110260006:-	74981
SAMPLE_002408	FRAG_002408	hg19:3:135333793-135417627:+	83835
SAMPLE_002409	FRAG_002409	hg38:5:146073191-146122619:+	49429
SAMPLE_002410	FRAG_002410	hg19:8:114750183-114821137:-	70955
SAMPLE_002411	FRAG_002411	hg38:2:125729084-125729714:-	631
SAMPLE_002412	FRAG_002412	hg19:21:1145742-1168180:+	22439
SAMPLE_002413	FRAG_002413	hg38:16:161488903-161525224:-	36322
SAMPLE_002414	FRAG_002414	hg19:22:95333028-95383354:+	50327
SAMPLE_002415	FRAG_002415	hg38:19:76513924-76581312:+	67389
SAMPLE_002416	FRAG_002416	hg19:6:144368501-144465886:+	97386
SAMPLE_002417	FRAG_002417	hg38:10:107113850-107126108:+	12259
SAMPLE_002418	FRAG_002418	hg19:5:150378715-150474250:-	95536
SAMPLE_002419	FRAG_002419	hg38:14:164865165-164893300:-	28136
SAMPLE_002420	FRAG_002420	hg19:22:171502117-171547525:-	45409
SAMPLE_002421	FRAG_002421	hg38:X:74286407-74346244:+	59838
SAMPLE_002422	FRAG_002422	hg19:22:92705552-92748208:+	42657
SAMPLE_002423	FRAG_002423	hg38:15:89169571-89248649:+	79079
SAMPLE_002424	FRAG_002424	hg19:X:174528299-174546325:+	18027
SAMPLE_002425	FRAG_002425	hg38:20:2148700-2211658:+	62959
SAMPLE_002426	FRAG_002426	hg19:22:111907606-111930850:-	23245
SAMPLE_002427	FRAG_002427	hg38:13:22783211-22854243:+	71033
SAMPLE_002428	FRAG_002428	hg19:18:181284763-181289318:-	4556
SAMPLE_002429	FRAG_002429	hg38:22:95756300-95772975:-	16676
SAMPLE_002430	FRAG_002430	hg19:20:104817690-104865108:+	47419
SAMPLE_002431	FRAG_002431	hg38:X:34491044-34492648:-	1605
SAMPLE_002432	FRAG_002432	hg19:12:120340407-120366201:+	25795
SAMPLE_002433	FRAG_002433	hg38:8:6310100-6408004:-	97905
SAMPLE_002434	FRAG_002434	hg19:22:97051849-97145303:+	93455
SAMPLE_002435	FRAG_002435	hg38:3:168835661-168916565:-	80905
SAMPLE_002436	FRAG_002436	hg19:X:63883136-63912621:-	29486
SAMPLE_002437	FRAG_002437	hg38:12:76364960-76370281:-	5322
SAMPLE_002438	FRAG_002438	hg19:X:163679125-163772287:+	93163
SAMPLE_002439	FRAG_002439	hg38:1:172378887-172405087:-	26201
SAMPLE_002440	FRAG_002440	hg19:4:153767216-153804067:-	36852
SAMPLE_002441	FRAG_002441	hg38:6:53014806-53087628:+	72823
SAMPLE_002442	FRAG_002442	hg19:3:35425878-35503468:+	77591
SAMPLE_002443	FRAG_002443	hg38:5:153982248-154016776:+	34529
SAMPLE_002444	FRAG_002444	hg19:17:74639355-74735392:+	96038
SAMPLE_002445	FRAG_002445	hg38:22:187021963-187025492:-	3530
SAMPLE_002446	FRAG_002446	hg19:22:122849866-122923780:+	73915
SAMPLE_002447	FRAG_002447	hg38:14:181683847-181768358:+	84512
SAMPLE_002448	FRAG_002448	hg19:11:110219916-110277109:-	57194
SAMPLE_002449	FRAG_002449	hg38:4:140128827-140218477:-	89651
SAMPLE_002450	FRAG_002450	hg19:16:139850094-139897971:+	47878
SAMPLE_002451	FRAG_002451	hg38:Y:13606976-13636906:-	29931
SAMPLE_002452	FRAG_002452	hg19:14:121490341-121560624:-	70284
SAMPLE_002453	FRAG_002453	hg38:1:53239724-53291584:-	51861
SAMPLE_002454	FRAG_002454	hg19:3:7810727-7886175:+	75449
SAMPLE_002455	FRAG_002455	hg38:X:20982433-21038482:+	56050
SAMPLE_002456	FRAG_002456	hg19:7:89375565-89397622:-	22058
SAMPLE_002457	FRAG_002457	hg38:3:168851268-168933817:+	82550
SAMPLE_002458	FRAG_002458	hg19:1:116950410-117013819:+	63410
SAMPLE_002459	FRAG_002459	hg38:19:90738652-90821241:-	82590
SAMPLE_002460	FRAG_002460	hg19:8:128124731-128139364:+	14634
SAMPLE_002461	FRAG_002461	hg38:11:90546968-90554601:+	7634
SAMPLE_002462	FRAG_002462	hg19:3:167313630-167392767:-	79138
SAMPLE_002463	FRAG_002463	hg38:4:120844671-120927135:+	82465
SAMPLE_002464	FRAG_002464	hg19:3:9950624-9959077:-	8454
SAMPLE_002465	FRAG_002465	hg38:11:18455879-18547258:+	91380
SAMPLE_002466	FRAG_002466	hg19:2:15707265-15765687:-	58423
SAMPLE_002467	FRAG_002467	hg38:20:116920897-117003471:+	82575
SAMPLE_002468	FRAG_002468	hg19:4:15976003-16065311:+	89309
SAMPLE_002469	FRAG_002469	hg38:10:108825977-108876474:+	50498
SAMPLE_002470	FRAG_002470	hg19:20:111355964-111455024:+	99061
SAMPLE_002471	FRAG_002471	hg38:20:168505915-168592885:+	86971
SAMPLE_002472	FRAG_002472	hg19:15:125610178-125660998:-	50821
SAMPLE_002473	FRAG_002473	hg38:20:28186586-28268248:-	81663
SAMPLE_002474	FRAG_002474	hg19:21:7971827-8060901:-	89075
SAMPLE_002475	FRAG_002475	hg38:17:158789947-158833463:+	43517
SAMPLE_002476	FRAG_002476	hg19:4:4298690-4312648:+	13959
SAMPLE_002477	FRAG_002477	hg38:19:154870460-154896336:+	25877
SAMPLE_002478	FRAG_002478	hg19:21:69796276-69863477:-	67202
SAMPLE_002479	FRAG_002479	hg38:14:195514514-195578110:-	63597
SAMPLE_002480	FRAG_002480	hg19:6:37956234-37988603:+	32370
SAMPLE_002481	FRAG_002481	hg38:2:84662435-84679669:-	17235
SAMPLE_002482	FRAG_002482	hg19:17:97031077-97116996:-	85920
SAMPLE_002483	FRAG_002483	hg38:19:40090829-40162256:+	71428
SAMPLE_002484	FRAG_002484	hg19:16:162955026-162995983:-	40958
SAMPLE_002485	FRAG_002485	hg38:10:3169452-3218294:+	48843
SAMPLE_002486	FRAG_002486	hg19:2:137125730-137157343:+	31614
SAMPLE_002487	FRAG_002487	hg38:14:53454200-53499763:+	45564
SAMPLE_002488	FRAG_002488	hg19:21:19361998-19388876:-	26879
SAMPLE_002489	FRAG_002489	hg38:7:128701472-128789508:-	88037
SAMPLE_002490	FRAG_002490	hg19:20:89891174-89982429:-	91256
SAMPLE_002491	FRAG_002491	hg38:20:113392660-113432432:-	39773
SAMPLE_002492	FRAG_002492	hg19:6:122950788-122965029:+	14242
SAMPLE_002493	FRAG_002493	hg38:16:1992425-2021681:+	29257
SAMPLE_002494	FRAG_002494	hg19:X:126235006-126265687:+	30682
SAMPLE_002495	FRAG_002495	hg38:8:198188974-198252485:-	63512
SAMPLE_002496	FRAG_002496	hg19:Y:56114190-56163960:-	49771
SAMPLE_002497	FRAG_002497	hg38:6:98392987-98394367:+	1381
SAMPLE_002498	FRAG_002498	hg19:3:9057784-9105191:+	47408
SAMPLE_002499	FRAG_002499	hg38:5:119221155-119259740:+	38586
SAMPLE_002500	FRAG_002500	hg19:21:97612400-97689666:+	77267
SAMPLE_002501	FRAG_002501	hg38:1:54103242-54129840:-	26599
SAMPLE_002502	FRAG_002502	hg19:6:71329781-71358977:+	29197
SAMPLE_002503	FRAG_002503	hg38:11:67025529-67098708:+	73180
SAMPLE_002504	FRAG_002504	hg19:7:48265423-48268739:-	3317
SAMPLE_002505	FRAG_002505	hg38:4:182852238-182855488:+	3251
SAMPLE_002506	FRAG_002506	hg19:13:30788017-30874351:-	86335
SAMPLE_002507	FRAG_002507	hg38:7:123461242-123501727:+	40486
SAMPLE_002508	FRAG_002508	hg19:12:178411332-178460635:+	49304
SAMPLE_002509	FRAG_002509	hg38:17:117425305-117507488:+	82184
SAMPLE_002510	FRAG_002510	hg19:4:36109929-36129359:+	19431
SAMPLE_002511	FRAG_002511	hg38:7:102521089-102591391:-	70303
SAMPLE_002512	FRAG_002512	hg19:11:116303808-116382891:+	79084
SAMPLE_002513	FRAG_002513	hg38:2:158659088-158740331:+	81244
SAMPLE_002514	FRAG_002514	hg19:18:40880629-40919687:-	39059
SAMPLE_002515	FRAG_002515	hg38:8:169969150-169976629:-	7480
SAMPLE_002516	FRAG_002516	hg19:5:157788376-157855494:-	67119
SAMPLE_002517	FRAG_002517	hg38:7:22852712-22948539:-	95828
SAMPLE_002518	FRAG_002518	hg19:22:18414225-18495318:+	81094
SAMPLE_002519	FRAG_002519	hg38:17:174160078-174211448:-	51371
SAMPLE_002520	FRAG_002520	hg19:16:125625799-125694310:+	68512
SAMPLE_002521	FRAG_002521	hg38:11:101362304-101456190:-	93887
SAMPLE_002522	FRAG_002522	hg19:X:128173487-128238839:-	65353
SAMPLE_002523	FRAG_002523	hg38:19:172290166-172343217:+	53052
SAMPLE_002524	FRAG_002524	hg19:7:55492530-55521802:-	29273
SAMPLE_002525	FRAG_002525	hg38:8:59678307-59730697:-	52391
SAMPLE_002526	FRAG_002526	hg19:14:154376070-154425994:+	49925
SAMPLE_002527	FRAG_002527	hg38:12:148787671-148821531:+	33861
SAMPLE_002528	FRAG_002528	hg19:5:23556135-23655150:-	99016
SAMPLE_002529	FRAG_002529	hg38:15:95375183-95443684:+	68502
SAMPLE_002530	FRAG_002530	hg19:19:125890431-125896322:-	5892
SAMPLE_002531	FRAG_002531	hg38:14:126507262-126566894:-	59633
SAMPLE_002532	FRAG_002532	hg19:14:134558198-134606867:-	48670
SAMPLE_002533	FRAG_002533	hg38:9:7635240-7685857:+	50618
SAMPLE_002534	FRAG_002534	hg19:15:72303134-72334276:+	31143
SAMPLE_002535	FRAG_002535	hg38:12:80059025-80070326:+	11302
SAMPLE_002536	FRAG_002536	hg19:9:27416495-27446844:+	30350
SAMPLE_002537	FRAG_002537	hg38:3:11276081-11323796:+	47716
SAMPLE_002538	FRAG_002538	hg19:11:182222742-182249015:-	26274
SAMPLE_002539	FRAG_002539	hg38:9:184486191-184526367:-	40177
SAMPLE_002540	FRAG_002540	hg19:7:163144152-163237140:+	92989
SAMPLE_002541	FRAG_002541	hg38:X:146794176-146891644:-	97469
SAMPLE_002542	FRAG_002542	hg19:1:76657263-76697014:-	39752
SAMPLE_002543	FRAG_002543	hg38:13:156680157-156733839:+	53683
SAMPLE_002544	FRAG_002544	hg19:16:138612623-138698855:+	86233
SAMPLE_002545	FRAG_002545	hg38:13:61915065-61945393:+	30329
SAMPLE_002546	FRAG_002546	hg19:16:139465812-139496945:-	31134
SAMPLE_002547	FRAG_002547	hg38:Y:92445107-92506082:+	60976
SAMPLE_002548	FRAG_002548	hg19:11:116103236-116128356:-	25121
SAMPLE_002549	FRAG_002549	hg38:7:121788420-121846417:+	57998
SAMPLE_002550	FRAG_002550	hg19:12:156023742-156042453:+	18712
SAMPLE_002551	FRAG_002551	hg38:10:3598765-3695969:-	97205
SAMPLE_002552	FRAG_002552	hg19:22:92220338-92267323:+	46986
SAMPLE_002553	FRAG_002553	hg38:14:185083051-185139349:-	56299
SAMPLE_002554	FRAG_002554	hg19:X:81433250-81504213:-	70964
SAMPLE_002555	FRAG_002555	hg38:19:153357905-153361450:+	3546
SAMPLE_002556	FRAG_002556	hg19:5:89650950-89671593:-	20644
SAMPLE_002557	FRAG_002557	hg38:13:105860592-105887856:+	27265
SAMPLE_002558	FRAG_002558	hg19:18:51556779-51607928:-	51150
SAMPLE_002559	FRAG_002559	hg38:4:153878020-153921620:-	43601
SAMPLE_002560	FRAG_002560	hg19:21:26029326-26069755:+	40430
SAMPLE_002561	FRAG_002561	hg38:4:149419782-149508739:+	88958
SAMPLE_002562	FRAG_002562	hg19:2:162964266-163055076:-	90811
SAMPLE_002563	FRAG_002563	hg38:1:54418317-54443286:+	24970
SAMPLE_002564	FRAG_002564	hg19:13:56268792-56306491:+	37700
SAMPLE_002565	FRAG_002565	hg38:10:141766398-141853348:+	86951
SAMPLE_002566	FRAG_002566	hg19:15:99959338-99967367:+	8030
SAMPLE_002567	FRAG_002567	hg38:6:111289723-111333052:-	43330
SAMPLE_002568	FRAG_002568	hg19:6:35665128-35680142:-	15015
SAMPLE_002569	FRAG_002569	hg38:16:19458425-19556329:-	97905
SAMPLE_002570	FRAG_002570	hg19:7:56211001-56228530:-	17530
SAMPLE_002571	FRAG_002571	hg38:14:179453917-179547434:-	93518
SAMPLE_002572	FRAG_002572	hg19:6:155374916-155454544:-	79629
SAMPLE_002573	FRAG_002573	hg38:19:135882110-135909213:-	27104
SAMPLE_002574	FRAG_002574	hg19:9:2998046-3024982:+	26937
SAMPLE_002575	FRAG_002575	hg38:15:108169342-108178225:+	8884
SAMPLE_002576	FRAG_002576	hg19:17:153801264-153844871:-	43608
SAMPLE_002577	FRAG_002577	hg38:15:155654459-155715604:+	61146
SAMPLE_002578	FRAG_002578	hg19:Y:78285730-78298170:-	12441
SAMPLE_002579	FRAG_002579	hg38:12:192031536-192123826:-	92291
SAMPLE_002580	FRAG_002580	hg19:13:48010105-48090954:-	80850
SAMPLE_002581	FRAG_002581	hg38:8:166822383-166846419:-	24037
SAMPLE_002582	FRAG_002582	hg19:15:177920450-177971367:+	50918
SAMPLE_002583	FRAG_002583	hg38:X:26644759-26719787:-	75029
SAMPLE_002584	FRAG_002584	hg19:X:65342704-65348926:+	6223
SAMPLE_002585	FRAG_002585	hg38:9:145347823-145430646:-	82824
SAMPLE_002586	FRAG_002586	hg19:22:188379757-188389004:+	9248
SAMPLE_002587	FRAG_002587	hg38:16:149397535-149451941:+	54407
SAMPLE_002588	FRAG_002588	hg19:12:29246002-29256532:-	10531
SAMPLE_002589	FRAG_002589	hg38:14:45248661-45308265:-	59605
SAMPLE_002590	FRAG_002590	hg19:7:12981661-13048490:-	66830
SAMPLE_002591	FRAG_002591	hg38:1:172494453-172504545:-	10093
SAMPLE_002592	FRAG_002592	hg19:13:108197506-108243048:+	45543
SAMPLE_002593	FRAG_002593	hg38:13:3882289-3887739:-	5451
SAMPLE_002594	FRAG_002594	hg19:4:37636224-37729666:-	93443
SAMPLE_002595	FRAG_002595	hg38:22:125619964-125718593:-	98630
SAMPLE_002596	FRAG_002596	hg19:15:23158978-23168420:+	9443
SAMPLE_002597	FRAG_002597	hg38:X:38649618-38707490:-	57873
SAMPLE_002598	FRAG_002598	hg19:9:46792161-46813810:+	21650
SAMPLE_002599	FRAG_002599	hg38:20:48576589-48590262:-	13674
SAMPLE_002600	FRAG_002600	hg19:4:105917864-105988441:+	70578
SAMPLE_002601	FRAG_002601	hg38:3:4009326-4097825:-	88500
SAMPLE_002602	FRAG_002602	hg19:5:97123244-97181500:+	58257
SAMPLE_002603	FRAG_002603	hg38:7:10246217-10340355:+	94139
SAMPLE_002604	FRAG_002604	hg19:15:13819408-13911230:+	91823
SAMPLE_002605	FRAG_002605	hg38:13:83765160-83856144:-	90985
SAMPLE_002606	FRAG_002606	hg19:2:2252448-2331354:+	78907
SAMPLE_002607	FRAG_002607	hg38:13:68028274-68055215:-	26942
SAMPLE_002608	FRAG_002608	hg19:8:25531358-25558069:+	26712
SAMPLE_002609	FRAG_002609	hg38:14:4908410-4912571:-	4162
SAMPLE_002610	FRAG_002610	hg19:7:180569753-180659375:+	89623
SAMPLE_002611	FRAG_002611	hg38:8:179270337-179283497:+	13161
SAMPLE_002612	FRAG_002612	hg19:Y:12814518-12836912:-	22395
SAMPLE_002613	FRAG_002613	hg38:17:88816369-88830982:-	14614
SAMPLE_002614	FRAG_002614	hg19:18:51881278-51963931:+	82654
SAMPLE_002615	FRAG_002615	hg38:18:115858243-115910523:+	52281
SAMPLE_002616	FRAG_002616	hg19:8:29423373-29451892:-	28520
SAMPLE_002617	FRAG_002617	hg38:11:5025075-5048330:-	23256
SAMPLE_002618	FRAG_002618	hg19:21:4216226-4258175:-	41950
SAMPLE_002619	FRAG_002619	hg38:7:60081622-60142253:+	60632
SAMPLE_002620	FRAG_002620	hg19:22:175468281-175505277:-	36997
SAMPLE_002621	FRAG_002621	hg38:2:59669482-59678806:-	9325
SAMPLE_002622	FRAG_002622	hg19:10:135103917-135182910:+	78994
SAMPLE_002623	FRAG_002623	hg38:X:153794820-153865597:+	70778
SAMPLE_002624	FRAG_002624	hg19:9:162025610-162038527:-	12918
SAMPLE_002625	FRAG_002625	hg38:21:105304740-105396506:+	91767
SAMPLE_002626	FRAG_002626	hg19:11:171551393-171574872:-	23480
SAMPLE_002627	FRAG_002627	hg38:22:19123013-19186705:-	63693
SAMPLE_002628	FRAG_002628	hg19:1:158044651-158124911:-	80261
SAMPLE_002629	FRAG_002629	hg38:13:172957593-173025073:+	67481
SAMPLE_002630	FRAG_002630	hg19:17:190147441-190224940:+	77500
SAMPLE_002631	FRAG_002631	hg38:8:166449837-166453116:+	3280
SAMPLE_002632	FRAG_002632	hg19:10:199082089-199113572:-	31484
SAMPLE_002633	FRAG_002633	hg38:8:22310995-22392727:+	81733
SAMPLE_002634	FRAG_002634	hg19:5:134875871-134925459:-	49589
SAMPLE_002635	FRAG_002635	hg38:7:101864070-101884448:+	20379
SAMPLE_002636	FRAG_002636	hg19:21:64904809-64910276:-	5468
SAMPLE_002637	FRAG_002637	hg38:Y:37042026-37085607:-	43582
SAMPLE_002638	FRAG_002638	hg19:11:11632050-11716907:-	84858
SAMPLE_002639	FRAG_002639	hg38:21:7360130-7398437:+	38308
SAMPLE_002640	FRAG_002640	hg19:Y:93000458-93044377:+	43920
SAMPLE_002641	FRAG_002641	hg38:7:15515372-15586559:+	71188
SAMPLE_002642	FRAG_002642	hg19:22:194139906-194231667:+	91762
SAMPLE_002643	FRAG_002643	hg38:20:140981555-141032056:-	50502
SAMPLE_002644	FRAG_002644	hg19:6:170055956-170114436:+	58481
SAMPLE_002645	FRAG_002645	hg38:3:19786433-19851372:+	64940
SAMPLE_002646	FRAG_002646	hg19:2:38992208-39075854:+	83647
SAMPLE_002647	FRAG_002647	hg38:5:47620748-47633274:+	12527
SAMPLE_002648	FRAG_002648	hg19:8:21982126-22049134:-	67009
SAMPLE_002649	FRAG_002649	hg38:Y:84607704-84669423:+	61720
SAMPLE_002650	FRAG_002650	hg19:Y:66746543-66772933:-	26391
SAMPLE_002651	FRAG_002651	hg38:6:67832222-67912131:-	79910
SAMPLE_002652	FRAG_002652	hg19:10:121331880-121407931:+	76052
SAMPLE_002653	FRAG_002653	hg38:9:22479122-22542689:-	63568
SAMPLE_002654	FRAG_002654	hg19:13:46034353-46084360:-	50008
SAMPLE_002655	FRAG_002655	hg38:15:136638437-136694339:-	55903
SAMPLE_002656	FRAG_002656	hg19:5:6317995-6381670:-	63676
SAMPLE_002657	FRAG_002657	hg38:14:81592793-81604201:+	11409
SAMPLE_002658	FRAG_002658	hg19:18:48163927-48259669:-	95743
SAMPLE_002659	FRAG_002659	hg38:13:83100255-83161525:-	61271
SAMPLE_002660	FRAG_002660	hg19:10:151898871-151948541:-	49671
SAMPLE_002661	FRAG_002661	hg38:3:37683408-37727584:-	44177
SAMPLE_002662	FRAG_002662	hg19:7:51902292-51923071:+	20780
SAMPLE_002663	FRAG_002663	hg38:1:197056838-197122964:-	66127
SAMPLE_002664	FRAG_002664	hg19:16:112620875-112674399:-	53525
SAMPLE_002665	FRAG_002665	hg38:Y:104089260-104138667:-	49408
SAMPLE_002666	FRAG_002666	hg19:10:158922996-159007518:+	84523
SAMPLE_002667	FRAG_002667	hg38:14:34414176-34419764:-	5589
SAMPLE_002668	FRAG_002668	hg19:19:53137735-53159515:-	21781
SAMPLE_002669	FRAG_002669	hg38:9:194876244-194975253:-	99010
SAMPLE_002670	FRAG_002670	hg19:17:132163426-132256871:-	93446
SAMPLE_002671	FRAG_002671	hg38:X:175726338-175734400:-	8063
SAMPLE_002672	FRAG_002672	hg19:14:67247673-67344596:+	96924
SAMPLE_002673	FRAG_002673	hg38:16:98016408-98021429:+	5022
SAMPLE_002674	FRAG_002674	hg19:X:174230402-174318152:+	87751
SAMPLE_002675	FRAG_002675	hg38:9:123264502-123344356:+	79855
SAMPLE_002676	FRAG_002676	hg19:9:162638229-162671157:+	32929
SAMPLE_002677	FRAG_002677	hg38:1:25778150-25793949:-	15800
SAMPLE_002678	FRAG_002678	hg19:13:158346241-158439285:+	93045
SAMPLE_002679	FRAG_002679	hg38:17:114533396-114558644:+	25249
SAMPLE_002680	FRAG_002680	hg19:14:186713527-186747170:-	33644
SAMPLE_002681	FRAG_002681	hg38:17:177761005-177831391:-	70387
SAMPLE_002682	FRAG_002682	hg19:19:198013757-198054623:-	40867
SAMPLE_002683	FRAG_002683	hg38:Y:30333034-30345181:-	12148
SAMPLE_002684	FRAG_002684	hg19:5:57244086-57279846:-	35761
SAMPLE_002685	FRAG_002685	hg38:X:2723437-2764319:+	40883
SAMPLE_002686	FRAG_002686	hg19:16:27003521-27004226:+	706
SAMPLE_002687	FRAG_002687	hg38:X:141918411-141973677:-	55267
SAMPLE_002688	FRAG_002688	hg19:21:197774526-197812818:-	38293
SAMPLE_002689	FRAG_002689	hg38:6:101569717-101593337:+	23621
SAMPLE_002690	FRAG_002690	hg19:X:54155730-54173836:-	18107
SAMPLE_002691	FRAG_002691	hg38:6:30591854-30658231:-	66378
SAMPLE_002692	FRAG_002692	hg19:19:50831833-50860194:+	28362
SAMPLE_002693	FRAG_002693	hg38:2:50051048-50149839:+	98792
SAMPLE_002694	FRAG_002694	hg19:9:119307679-119361759:+	54081
SAMPLE_002695	FRAG_002695	hg38:21:22423780-22446053:-	22274
SAMPLE_002696	FRAG_002696	hg19:3:34468956-34518964:-	50009
SAMPLE_002697	FRAG_002697	hg38:3:8963580-9008925:+	45346
SAMPLE_002698	FRAG_002698	hg19:16:181604606-181668700:+	64095
SAMPLE_002699	FRAG_002699	hg38:1:72425507-72434008:+	8502
SAMPLE_002700	FRAG_002700	hg19:22:12236533-12313374:+	76842
SAMPLE_002701	FRAG_002701	hg38:7:2949367-3018329:-	68963
SAMPLE_002702	FRAG_002702	hg19:20:72359753-72428419:-	68667
SAMPLE_002703	FRAG_002703	hg38:16:91470792-91570500:-	99709
SAMPLE_002704	FRAG_002704	hg19:11:184035399-184084497:-	49099
SAMPLE_002705	FRAG_002705	hg38:11:97961738-97993641:-	31904
SAMPLE_002706	FRAG_002706	hg19:13:16365658-16446216:-	80559
SAMPLE_002707	FRAG_002707	hg38:11:1828032-1841661:-	13630
SAMPLE_002708	FRAG_002708	hg19:X:195674811-195727975:+	53165
SAMPLE_002709	FRAG_002709	hg38:1:33989251-34068643:-	79393
SAMPLE_002710	FRAG_002710	hg19:X:67716314-67815305:-	98992
SAMPLE_002711	FRAG_002711	hg38:15:185196354-185277901:-	81548
SAMPLE_002712	FRAG_002712	hg19:17:178228715-178283363:+	54649
SAMPLE_002713	FRAG_002713	hg38:1:87485495-87569627:+	84133
SAMPLE_002714	FRAG_002714	hg19:21:13282071-13329782:-	47712
SAMPLE_002715	FRAG_002715	hg38:22:63695423-63754158:-	58736
SAMPLE_002716	FRAG_002716	hg19:13:165441504-165538892:+	97389
SAMPLE_002717	FRAG_002717	hg38:12:128808002-128864588:+	56587
SAMPLE_002718	FRAG_002718	hg19:Y:79883240-79934183:+	50944
SAMPLE_002719	FRAG_002719	hg38:X:140601046-140620309:+	19264
SAMPLE_002720	FRAG_002720	hg19:5:24378015-24443778:-	65764
SAMPLE_002721	FRAG_002721	hg38:22:126306488-126378912:+	72425
SAMPLE_002722	FRAG_002722	hg19:15:130431133-130446794:+	15662
SAMPLE_002723	FRAG_002723	hg38:8:46750263-46778502:+	28240
SAMPLE_002724	FRAG_002724	hg19:4:193136746-193194247:+	57502
SAMPLE_002725	FRAG_002725	hg38:6:103942262-103985556:-	43295
SAMPLE_002726	FRAG_002726	hg19:8:70156635-70251397:-	94763
SAMPLE_002727	FRAG_002727	hg38:22:179637452-179654085:+	16634
SAMPLE_002728	FRAG_002728	hg19:18:195726946-195810485:-	83540
SAMPLE_002729	FRAG_002729	hg38:3:90335619-90426791:+	91173
SAMPLE_002730	FRAG_002730	hg19:19:18358922-18438153:-	79232
SAMPLE_002731	FRAG_002731	hg38:13:198569162-198663697:-	94536
SAMPLE_002732	FRAG_002732	hg19:21:151833867-151918527:-	84661
SAMPLE_002733	FRAG_002733	hg38:8:70550002-70579802:+	29801
SAMPLE_002734	FRAG_002734	hg19:10:30899019-30911010:+	11992
SAMPLE_002735	FRAG_002735	hg38:11:159967606-160065174:+	97569
SAMPLE_002736	FRAG_002736	hg19:Y:154770300-154786017:-	15718
SAMPLE_002737	FRAG_002737	hg38:5:103057846-103099419:+	41574
SAMPLE_002738	FRAG_002738	hg19:10:159392967-159401577:+	8611
SAMPLE_002739	FRAG_002739	hg38:13:86803511-86859545:-	56035
SAMPLE_002740	FRAG_002740	hg19:22:140519699-140536753:+	17055
SAMPLE_002741	FRAG_002741	hg38:4:3466525-3518838:-	52314
SAMPLE_002742	FRAG_002742	hg19:11:80677964-80697429:+	19466
SAMPLE_002743	FRAG_002743	hg38:16:123348729-123438354:+	89626
SAMPLE_002744	FRAG_002744	hg19:20:40156866-40194509:+	37644
SAMPLE_002745	FRAG_002745	hg38:20:83917411-83959871:+	42461
SAMPLE_002746	FRAG_002746	hg19:9:155074422-155167526:-	93105
SAMPLE_002747	FRAG_002747	hg38:21:133882402-133911173:-	28772
SAMPLE_002748	FRAG_002748	hg19:X:16787382-16837256:-	49875
SAMPLE_002749	FRAG_002749	hg38:5:57536019-57630465:+	94447
SAMPLE_002750	FRAG_002750	hg19:X:15110659-15207591:+	96933
SAMPLE_002751	FRAG_002751	hg38:16:106175122-106270962:-	95841
SAMPLE_002752	FRAG_002752	hg19:22:6789031-6810395:-	21365
SAMPLE_002753	FRAG_002753	hg38:11:182972043-183027911:-	55869
SAMPLE_002754	FRAG_002754	hg19:12:106055629-106155443:-	99815
SAMPLE_002755	FRAG_002755	hg38:3:196086702-196156386:-	69685
SAMPLE_002756	FRAG_002756	hg19:10:53369656-53461430:-	91775
SAMPLE_002757	FRAG_002757	hg38:4:87817014-87834670:+	17657
SAMPLE_002758	FRAG_002758	hg19:X:123817945-123858299:+	40355
SAMPLE_002759	FRAG_002759	hg38:19:119617262-119635791:-	18530
SAMPLE_002760	FRAG_002760	hg19:10:57308725-57328206:+	19482
SAMPLE_002761	FRAG_002761	hg38:Y:198385663-198411806:+	26144
SAMPLE_002762	FRAG_002762	hg19:12:155533486-155629137:+	95652
SAMPLE_002763	FRAG_002763	hg38:22:102080924-102100769:-	19846
SAMPLE_002764	FRAG_002764	hg19:22:16121374-16143922:+	22549
SAMPLE_002765	FRAG_002765	hg38:12:49219833-49282443:+	62611
SAMPLE_002766	FRAG_002766	hg19:4:175509300-175577358:-	68059
SAMPLE_002767	FRAG_002767	hg38:19:40881005-40938365:-	57361
SAMPLE_002768	FRAG_002768	hg19:8:32890814-32895768:+	4955
SAMPLE_002769	FRAG_002769	hg38:13:82252623-82317167:+	64545
SAMPLE_002770	FRAG_002770	hg19:21:101763057-101861230:+	98174
SAMPLE_002771	FRAG_002771	hg38:15:103569435-103655171:-	85737
SAMPLE_002772	FRAG_002772	hg19:21:120485529-120571643:-	86115
SAMPLE_002773	FRAG_002773	hg38:1:32306993-32323220:+	16228
SAMPLE_002774	FRAG_002774	hg19:4:173177004-173241625:+	64622
SAMPLE_002775	FRAG_002775	hg38:1:154808659-154886077:-	77419
SAMPLE_002776	FRAG_002776	hg19:9:26381440-26472867:+	91428
SAMPLE_002777	FRAG_002777	hg38:13:174032594-174096556:-	63963
SAMPLE_002778	FRAG_002778	hg19:10:34617901-34693297:+	75397
SAMPLE_002779	FRAG_002779	hg38:11:192600676-192609497:+	8822
SAMPLE_002780	FRAG_002780	hg19:13:6300630-6392976:-	92347
SAMPLE_002781	FRAG_002781	hg38:18:143294322-143365130:-	70809
SAMPLE_002782	FRAG_002782	hg19:3:157959992-158028504:+	68513
SAMPLE_002783	FRAG_002783	hg38:7:32494477-32581297:+	86821
SAMPLE_002784	FRAG_002784	hg19:20:49301621-49393243:+	91623
SAMPLE_002785	FRAG_002785	hg38:18:85368213-85427331:+	59119
SAMPLE_002786	FRAG_002786	hg19:2:155372139-155389522:+	17384
SAMPLE_002787	FRAG_002787	hg38:21:24574250-24595879:-	21630
SAMPLE_002788	FRAG_002788	hg19:2:34478496-34490085:-	11590
SAMPLE_002789	FRAG_002789	hg38:12:47064383-47136241:-	71859
SAMPLE_002790	FRAG_002790	hg19:22:67662479-67662989:-	511
SAMPLE_002791	FRAG_002791	hg38:2:79758111-79826694:-	68584
SAMPLE_002792	FRAG_002792	hg19:5:132652242-132728378:-	76137
SAMPLE_002793	FRAG_002793	hg38:17:163718092-163764743:+	46652
SAMPLE_002794	FRAG_002794	hg19:X:178869895-178883371:+	13477
SAMPLE_002795	FRAG_002795	hg38:8:51485637-51490950:+	5314
SAMPLE_002796	FRAG_002796	hg19:10:37026186-37054893:+	28708
SAMPLE_002797	FRAG_002797	hg38:19:75462847-75510409:+	47563
SAMPLE_002798	FRAG_002798	hg19:Y:114283792-114365858:+	82067
SAMPLE_002799	FRAG_002799	hg38:18:70974262-71008180:-	33919
SAMPLE_002800	FRAG_002800	hg19:21:108390120-108412025:-	21906
SAMPLE_002801	FRAG_002801	hg38:3:182603476-182637290:-	33815
SAMPLE_002802	FRAG_002802	hg19:X:144855721-144874995:+	19275
SAMPLE_002803	FRAG_002803	hg38:3:197675921-197758938:-	83018
SAMPLE_002804	FRAG_002804	hg19:21:174294206-174386036:+	91831
SAMPLE_002805	FRAG_002805	hg38:X:152301539-152350815:+	49277
SAMPLE_002806	FRAG_002806	hg19:14:85922330-85942947:-	20618
SAMPLE_002807	FRAG_002807	hg38:13:163029587-163033482:+	3896
SAMPLE_002808	FRAG_002808	hg19:3:34452754-34488658:+	35905
SAMPLE_002809	FRAG_002809	hg38:22:110194514-110266888:+	72375
SAMPLE_002810	FRAG_002810	hg19:11:24883818-24968226:-	84409
SAMPLE_002811	FRAG_002811	hg38:11:40280061-40316375:+	36315
SAMPLE_002812	FRAG_002812	hg19:9:27292409-27294200:-	1792
SAMPLE_002813	FRAG_002813	hg38:8:29186454-29236581:+	50128
SAMPLE_002814	FRAG_002814	hg19:6:196508900-196578405:-	69506
SAMPLE_002815	FRAG_002815	hg38:19:26646473-26711147:-	64675
SAMPLE_002816	FRAG_002816	hg19:X:76697919-76773411:-	75493
SAMPLE_002817	FRAG_002817	hg38:20:13875046-13888529:+	13484
SAMPLE_002818	FRAG_002818	hg19:11:105572611-105671659:+	99049
SAMPLE_002819	FRAG_002819	hg38:12:182948741-183046403:-	97663
SAMPLE_002820	FRAG_002820	hg19:16:35244902-35323036:-	78135
SAMPLE_002821	FRAG_002821	hg38:1:138859166-138949666:+	90501
SAMPLE_002822	FRAG_002822	hg19:22:39297724-39314786:-	17063
SAMPLE_002823	FRAG_002823	hg38:19:72771563-72868455:+	96893
SAMPLE_002824	FRAG_002824	hg19:Y:100361570-100445849:+	84280
SAMPLE_002825	FRAG_002825	hg38:22:113271450-113351732:-	80283
SAMPLE_002826	FRAG_002826	hg19:6:96026531-96084565:-	58035
SAMPLE_002827	FRAG_002827	hg38:17:75040664-75078757:-	38094
SAMPLE_002828	FRAG_002828	hg19:17:62408396-62503065:-	94670
SAMPLE_002829	FRAG_002829	hg38:21:83050384-83062278:-	11895
SAMPLE_002830	FRAG_002830	hg19:11:171369725-171382038:+	12314
SAMPLE_002831	FRAG_002831	hg38:3:65434371-65530546:+	96176
SAMPLE_002832	FRAG_002832	hg19:6:16411288-16487194:+	75907
SAMPLE_002833	FRAG_002833	hg38:Y:149756131-149794097:-	37967
SAMPLE_002834	FRAG_002834	hg19:1:182739678-182795749:+	56072
SAMPLE_002835	FRAG_002835	hg38:16:139247343-139313090:+	65748
SAMPLE_002836	FRAG_002836	hg19:13:166433176-166435496:+	2321
SAMPLE_002837	FRAG_002837	hg38:Y:192705884-192707338:-	1455
SAMPLE_002838	FRAG_002838	hg19:X:93626506-93697040:+	70535
SAMPLE_002839	FRAG_002839	hg38:Y:142763829-142850989:+	87161
SAMPLE_002840	FRAG_002840	hg19:20:46240054-46299358:+	59305
SAMPLE_002841	FRAG_002841	hg38:6:99529484-99539829:+	10346
SAMPLE_002842	FRAG_002842	hg19:17:14665127-14711932:-	46806
SAMPLE_002843	FRAG_002843	hg38:16:46763941-46814128:-	50188
SAMPLE_002844	FRAG_002844	hg19:4:183284633-183329428:+	44796
SAMPLE_002845	FRAG_002845	hg38:18:78863661-78879608:-	15948
SAMPLE_002846	FRAG_002846	hg19:16:72068499-72107473:+	38975
SAMPLE_002847	FRAG_002847	hg38:1:170430139-170527372:-	97234
SAMPLE_002848	FRAG_002848	hg19:7:173596921-173637373:+	40453
SAMPLE_002849	FRAG_002849	hg38:15:132068030-132149498:+	81469
SAMPLE_002850	FRAG_002850	hg19:12:166230142-166231413:-	1272
SAMPLE_002851	FRAG_002851	hg38:11:95997361-96036965:+	39605
SAMPLE_002852	FRAG_002852	hg19:1:194926790-194973127:+	46338
SAMPLE_002853	FRAG_002853	hg38:13:3379341-3426309:+	46969
SAMPLE_002854	FRAG_002854	hg19:14:54027931-54092923:+	64993
SAMPLE_002855	FRAG_002855	hg38:17:42261393-42329304:-	67912
SAMPLE_002856	FRAG_002856	hg19:4:2855010-2919395:+	64386
SAMPLE_002857	FRAG_002857	hg38:22:61691977-61725261:-	33285
SAMPLE_002858	FRAG_002858	hg19:13:81338692-81388252:-	49561
SAMPLE_002859	FRAG_002859	hg38:14:144996129-145020506:-	24378
SAMPLE_002860	FRAG_002860	hg19:4:177168725-177226708:-	57984
SAMPLE_002861	FRAG_002861	hg38:6:95955760-95974592:-	18833
SAMPLE_002862	FRAG_002862	hg19:1:191379643-191427227:+	47585
SAMPLE_002863	FRAG_002863	hg38:4:77477199-77502544:+	25346
SAMPLE_002864	FRAG_002864	hg19:5:114026296-114078508:-	52213
SAMPLE_002865	FRAG_002865	hg38:2:179832994-179854505:+	21512
SAMPLE_002866	FRAG_002866	hg19:16:72350042-72437735:+	87694
SAMPLE_002867	FRAG_002867	hg38:14:148672699-148737301:-	64603
SAMPLE_002868	FRAG_002868	hg19:22:35207801-35301927:-	94127
SAMPLE_002869	FRAG_002869	hg38:13:195882679-195948957:-	66279
SAMPLE_002870	FRAG_002870	hg19:5:29958705-29973586:+	14882
SAMPLE_002871	FRAG_002871	hg38:5:93374156-93395042:+	20887
SAMPLE_002872	FRAG_002872	hg19:22:14969336-15000834:-	31499
SAMPLE_002873	FRAG_002873	hg38:14:198952777-199031537:+	78761
SAMPLE_002874	FRAG_002874	hg19:14:78703106-78766544:-	63439
SAMPLE_002875	FRAG_002875	hg38:16:116145909-116157236:+	11328
SAMPLE_002876	FRAG_002876	hg19:20:196756173-196776659:+	20487
SAMPLE_002877	FRAG_002877	hg38:8:31875443-31912791:-	37349
SAMPLE_002878	FRAG_002878	hg19:X:179866717-179899637:-	32921
SAMPLE_002879	FRAG_002879	hg38:7:190639152-190701765:+	62614
SAMPLE_002880	FRAG_002880	hg19:X:135844240-135940481:+	96242
SAMPLE_002881	FRAG_002881	hg38:7:169821180-169899168:+	77989
SAMPLE_002882	FRAG_002882	hg19:8:36512886-36529174:-	16289
SAMPLE_002883	FRAG_002883	hg38:2:52587225-52623619:+	36395
SAMPLE_002884	FRAG_002884	hg19:14:166481696-166484509:+	2814
SAMPLE_002885	FRAG_002885	hg38:3:103100136-103107313:-	7178
SAMPLE_002886	FRAG_002886	hg19:17:188947463-188988128:+	40666
SAMPLE_002887	FRAG_002887	hg38:8:115373866-115418428:-	44563
SAMPLE_002888	FRAG_002888	hg19:2:115641488-115708815:+	67328
SAMPLE_002889	FRAG_002889	hg38:10:73275197-73290121:-	14925
SAMPLE_002890	FRAG_002890	hg19:9:192014804-192061312:-	46509
SAMPLE_002891	FRAG_002891	hg38:8:13765823-13808244:+	42422
SAMPLE_002892	FRAG_002892	hg19:2:14993710-14994279:-	570
SAMPLE_002893	FRAG_002893	hg38:7:127717149-127755045:-	37897
SAMPLE_002894	FRAG_002894	hg19:20:116670858-116684564:+	13707
SAMPLE_002895	FRAG_002895	hg38:9:98598096-98662988:-	64893
SAMPLE_002896	FRAG_002896	hg19:10:27007964-27023081:+	15118
SAMPLE_002897	FRAG_002897	hg38:22:35979311-36052131:-	72821
SAMPLE_002898	FRAG_002898	hg19:12:98008536-98106197:-	97662
SAMPLE_002899	FRAG_002899	hg38:8:75073944-75159672:+	85729
SAMPLE_002900	FRAG_002900	hg19:19:24415939-24466776:+	50838
SAMPLE_002901	FRAG_002901	hg38:5:162553887-162636903:+	83017
SAMPLE_002902	FRAG_002902	hg19:2:176652124-176729504:+	77381
SAMPLE_002903	FRAG_002903	hg38:7:120660419-120753279:+	92861
SAMPLE_002904	FRAG_002904	hg19:3:167164330-167236470:-	72141
SAMPLE_002905	FRAG_002905	hg38:10:128291694-128387266:+	95573
SAMPLE_002906	FRAG_002906	hg19:18:42251108-42346079:+	94972
SAMPLE_002907	FRAG_002907	hg38:5:113263079-113288705:-	25627
SAMPLE_002908	FRAG_002908	hg19:18:99250604-99296629:-	46026
SAMPLE_002909	FRAG_002909	hg38:21:32522089-32616609:-	94521
SAMPLE_002910	FRAG_002910	hg19:3:113475572-113539355:+	63784
SAMPLE_002911	FRAG_002911	hg38:6:74591215-74670246:+	79032
SAMPLE_002912	FRAG_002912	hg19:10:152981383-152987838:+	6456
SAMPLE_002913	FRAG_002913	hg38:X:199834221-199859648:-	25428
SAMPLE_002914	FRAG_002914	hg19:16:143933786-144024029:+	90244
SAMPLE_002915	FRAG_002915	hg38:6:137708371-137766246:-	57876
SAMPLE_002916	FRAG_002916	hg19:18:108602072-108653721:-	51650
SAMPLE_002917	FRAG_002917	hg38:7:1966514-1991138:+	24625
SAMPLE_002918	FRAG_002918	hg19:19:159944056-159973103:+	29048
SAMPLE_002919	FRAG_002919	hg38:17:136242550-136302744:-	60195
SAMPLE_002920	FRAG_002920	hg19:10:80554520-80583898:-	29379
SAMPLE_002921	FRAG_002921	hg38:18:46931748-46947858:+	16111
SAMPLE_002922	FRAG_002922	hg19:2:64945828-65016262:-	70435
SAMPLE_002923	FRAG_002923	hg38:2:40765886-40850220:-	84335
SAMPLE_002924	FRAG_002924	hg19:5:14829787-14865732:+	35946
SAMPLE_002925	FRAG_002925	hg38:7:32188131-32258700:+	70570
SAMPLE_002926	FRAG_002926	hg19:21:170834517-170880558:-	46042
SAMPLE_002927	FRAG_002927	hg38:11:190370937-190382347:-	11411
SAMPLE_002928	FRAG_002928	hg19:Y:110613706-110631717:-	18012
SAMPLE_002929	FRAG_002929	hg38:11:169028597-169036601:+	8005
SAMPLE_002930	FRAG_002930	hg19:12:197085839-197115079:-	29241
SAMPLE_002931	FRAG_002931	hg38:6:5197924-5231975:+	34052
SAMPLE_002932	FRAG_002932	hg19:Y:185714568-185812816:-	98249
SAMPLE_002933	FRAG_002933	hg38:21:169102239-169136468:+	34230
SAMPLE_002934	FRAG_002934	hg19:15:88043694-88073112:-	29419
SAMPLE_002935	FRAG_002935	hg38:7:170060826-170137564:-	76739
SAMPLE_002936	FRAG_002936	hg19:5:63202706-63261670:-	58965
SAMPLE_002937	FRAG_002937	hg38:12:129582432-129602373:+	19942
SAMPLE_002938	FRAG_002938	hg19:16:124316594-124340884:+	24291
SAMPLE_002939	FRAG_002939	hg38:6:153916400-153941653:-	25254
SAMPLE_002940	FRAG_002940	hg19:Y:174829210-174853355:-	24146
SAMPLE_002941	FRAG_002941	hg38:1:44733140-44774292:+	41153
SAMPLE_002942	FRAG_002942	hg19:13:164160997-164251590:+	90594
SAMPLE_002943	FRAG_002943	hg38:3:20340423-20359733:-	19311
SAMPLE_002944	FRAG_002944	hg19:8:174172747-174232886:-	60140
SAMPLE_002945	FRAG_002945	hg38:4:142406041-142501476:+	95436
SAMPLE_002946	FRAG_002946	hg19:Y:4164459-4263320:+	98862
SAMPLE_002947	FRAG_002947	hg38:13:6560886-6611715:+	50830
SAMPLE_002948	FRAG_002948	hg19:1:12741378-12826350:+	84973
SAMPLE_002949	FRAG_002949	hg38:8:72848489-72859945:+	11457
SAMPLE_002950	FRAG_002950	hg19:21:4623046-4702140:+	79095
SAMPLE_002951	FRAG_002951	hg38:4:198603796-198675384:-	71589
SAMPLE_002952	FRAG_002952	hg19:X:55310302-55321937:+	11636
SAMPLE_002953	FRAG_002953	hg38:16:120272905-120347178:+	74274
SAMPLE_002954	FRAG_002954	hg19:10:129555991-129599973:+	43983
SAMPLE_002955	FRAG_002955	hg38:8:146901767-146909589:-	7823
SAMPLE_002956	FRAG_002956	hg19:21:34037833-34109584:+	71752
SAMPLE_002957	FRAG_002957	hg38:2:147201250-147215225:-	13976
SAMPLE_002958	FRAG_002958	hg19:4:112477131-112544678:+	67548
SAMPLE_002959	FRAG_002959	hg38:1:7442685-7472585:+	29901
SAMPLE_002960	FRAG_002960	hg19:14:40561081-40612092:-	51012
SAMPLE_002961	FRAG_002961	hg38:21:61635378-61673474:-	38097
SAMPLE_002962	FRAG_002962	hg19:22:31174472-31268667:-	94196
SAMPLE_002963	FRAG_002963	hg38:6:61269788-61284722:+	14935
SAMPLE_002964	FRAG_002964	hg19:10:21478925-21526257:-	47333
SAMPLE_002965	FRAG_002965	hg38:4:23764482-23812231:+	47750
SAMPLE_002966	FRAG_002966	hg19:20:48799704-48820008:-	20305
SAMPLE_002967	FRAG_002967	hg38:17:161956982-162001369:+	44388
SAMPLE_002968	FRAG_002968	hg19:22:41324383-41380619:-	56237
SAMPLE_002969	FRAG_002969	hg38:20:94519068-94557185:+	38118
SAMPLE_002970	FRAG_002970	hg19:9:178632254-178698190:-	65937
SAMPLE_002971	FRAG_002971	hg38:9:21500279-21594010:+	93732
SAMPLE_002972	FRAG_002972	hg19:5:40349709-40436172:-	86464
SAMPLE_002973	FRAG_002973	hg38:5:120908880-120960575:-	51696
SAMPLE_002974	FRAG_002974	hg19:3:156113516-156128847:-	15332
SAMPLE_002975	FRAG_002975	hg38:Y:39833973-39870972:+	37000
SAMPLE_002976	FRAG_002976	hg19:11:49820983-49838198:-	17216
SAMPLE_002977	FRAG_002977	hg38:12:133662541-133704893:-	42353
SAMPLE_002978	FRAG_002978	hg19:16:112117339-112208726:-	91388
SAMPLE_002979	FRAG_002979	hg38:5:67010459-67096673:-	86215
SAMPLE_002980	FRAG_002980	hg19:14:134439880-134512381:-	72502
SAMPLE_002981	FRAG_002981	hg38:18:62770895-62841676:-	70782
SAMPLE_002982	FRAG_002982	hg19:3:192910159-192986806:-	76648
SAMPLE_002983	FRAG_002983	hg38:17:187159706-187235948:+	76243
SAMPLE_002984	FRAG_002984	hg19:X:64134158-64146093:-	11936
SAMPLE_002985	FRAG_002985	hg38:1:5604917-5632060:-	27144
SAMPLE_002986	FRAG_002986	hg19:18:36861010-36923627:+	62618
SAMPLE_002987	FRAG_002987	hg38:2:97867224-97913512:+	46289
SAMPLE_002988	FRAG_002988	hg19:10:39692351-39753194:-	60844
SAMPLE_002989	FRAG_002989	hg38:8:61287167-61315287:+	28121
SAMPLE_002990	FRAG_002990	hg19:Y:32470246-32488806:+	18561
SAMPLE_002991	FRAG_002991	hg38:13:8072436-8169021:-	96586
SAMPLE_002992	FRAG_002992	hg19:12:189281103-189288690:+	7588
SAMPLE_002993	FRAG_002993	hg38:22:20802562-20879293:-	76732
SAMPLE_002994	FRAG_002994	hg19:20:9102920-9124151:+	21232
SAMPLE_002995	FRAG_002995	hg38:12:22204601-22223617:+	19017
SAMPLE_002996	FRAG_002996	hg19:3:153788939-153791073:-	2135
SAMPLE_002997	FRAG_002997	hg38:5:127101511-127125920:+	24410
SAMPLE_002998	FRAG_002998	hg19:Y:188519325-188588957:-	69633
SAMPLE_002999	FRAG_002999	hg38:16:194960031-195014469:-	54439
SAMPLE_003000	FRAG_003000	hg19:15:187628952-187713972:+	85021
SAMPLE_003001	FRAG_003001	hg38:10:42845688-42860770:+	15083
SAMPLE_003002	FRAG_003002	hg19:21:163181615-163186323:+	4709
SAMPLE_003003	FRAG_003003	hg38:17:3917243-3938759:-	21517
SAMPLE_003004	FRAG_003004	hg19:14:122949290-123038905:-	89616
SAMPLE_003005	FRAG_003005	hg38:19:83150365-83216645:+	66281
SAMPLE_003006	FRAG_003006	hg19:14:73968167-73989218:+	21052
SAMPLE_003007	FRAG_003007	hg38:17:34590228-34640214:+	49987
SAMPLE_003008	FRAG_003008	hg19:13:16031533-16113171:+	81639
SAMPLE_003009	FRAG_003009	hg38:13:151134416-151158992:+	24577
SAMPLE_003010	FRAG_003010	hg19:X:129155453-129217350:-	61898
SAMPLE_003011	FRAG_003011	hg38:21:109743169-109827801:-	84633
SAMPLE_003012	FRAG_003012	hg19:6:100717902-100725566:-	7665
SAMPLE_003013	FRAG_003013	hg38:7:30098641-30134518:+	35878
SAMPLE_003014	FRAG_003014	hg19:3:162917627-162965666:-	48040
SAMPLE_003015	FRAG_003015	hg38:1:76754346-76786240:+	31895
SAMPLE_003016	FRAG_003016	hg19:18:18533980-18548433:+	14454
SAMPLE_003017	FRAG_003017	hg38:20:83978799-83980736:+	1938
SAMPLE_003018	FRAG_003018	hg19:18:172366230-172393169:+	26940
SAMPLE_003019	FRAG_003019	hg38:8:23827577-23863356:+	35780
SAMPLE_003020	FRAG_003020	hg19:19:13262296-13326208:+	63913
SAMPLE_003021	FRAG_003021	hg38:11:83840486-83853202:+	12717
SAMPLE_003022	FRAG_003022	hg19:12:76806756-76905779:-	99024
SAMPLE_003023	FRAG_003023	hg38:17:85415552-85441594:-	26043
SAMPLE_003024	FRAG_003024	hg19:Y:35766924-35814063:+	47140
SAMPLE_003025	FRAG_003025	hg38:11:136178298-136232180:+	53883
SAMPLE_003026	FRAG_003026	hg19:17:7357976-7378160:-	20185
SAMPLE_003027	FRAG_003027	hg38:16:11041711-11119065:-	77355
SAMPLE_003028	FRAG_003028	hg19:6:184173371-184193732:-	20362
SAMPLE_003029	FRAG_003029	hg38:3:26042575-26125118:+	82544
SAMPLE_003030	FRAG_003030	hg19:7:176615884-176705703:+	89820
SAMPLE_003031	FRAG_003031	hg38:X:135652570-135674177:-	21608
SAMPLE_003032	FRAG_003032	hg19:15:92005179-92022874:-	17696
SAMPLE_003033	FRAG_003033	hg38:12:116669226-116751444:+	82219
SAMPLE_003034	FRAG_003034	hg19:X:105054783-105144787:+	90005
SAMPLE_003035	FRAG_003035	hg38:7:163907317-163987820:+	80504
SAMPLE_003036	FRAG_003036	hg19:5:169520998-169595801:-	74804
SAMPLE_003037	FRAG_003037	hg38:4:39284941-39287398:-	2458
SAMPLE_003038	FRAG_003038	hg19:18:134925740-134937664:+	11925
SAMPLE_003039	FRAG_003039	hg38:15:46558230-46599848:-	41619
SAMPLE_003040	FRAG_003040	hg19:6:76193420-76202853:-	9434
SAMPLE_003041	FRAG_003041	hg38:12:20094866-20107060:+	12195
SAMPLE_003042	FRAG_003042	hg19:X:70241340-70302229:-	60890
SAMPLE_003043	FRAG_003043	hg38:9:175561451-175619889:+	58439
SAMPLE_003044	FRAG_003044	hg19:4:132066027-132141071:+	75045
SAMPLE_003045	FRAG_003045	hg38:12:108626301-108664368:-	38068
SAMPLE_003046	FRAG_003046	hg19:20:35623942-35713646:-	89705
SAMPLE_003047	FRAG_003047	hg38:12:168673350-168741020:-	67671
SAMPLE_003048	FRAG_003048	hg19:12:184126909-184138351:-	11443
SAMPLE_003049	FRAG_003049	hg38:17:71552200-71611693:+	59494
SAMPLE_003050	FRAG_003050	hg19:20:16316571-16401462:+	84892
SAMPLE_003051	FRAG_003051	hg38:X:3132169-3206173:+	74005
SAMPLE_003052	FRAG_003052	hg19:4:101883866-101922462:+	38597
SAMPLE_003053	FRAG_003053	hg38:19:20590064-20642897:+	52834
SAMPLE_003054	FRAG_003054	hg19:13:180623736-180684826:+	61091
SAMPLE_003055	FRAG_003055	hg38:12:126758976-126820538:-	61563
SAMPLE_003056	FRAG_003056	hg19:4:49391761-49403508:+	11748
SAMPLE_003057	FRAG_003057	hg38:13:54545088-54602356:-	57269
SAMPLE_003058	FRAG_003058	hg19:11:86170506-86179455:-	8950
SAMPLE_003059	FRAG_003059	hg38:20:58078822-58143060:-	64239
SAMPLE_003060	FRAG_003060	hg19:4:123025027-123062013:+	36987
SAMPLE_003061	FRAG_003061	hg38:18:127155953-127176865:+	20913
SAMPLE_003062	FRAG_003062	hg19:21:86949441-86977919:+	28479
SAMPLE_003063	FRAG_003063	hg38:20:17750441-17800784:-	50344
SAMPLE_003064	FRAG_003064	hg19:14:58289718-58352267:+	62550
SAMPLE_003065	FRAG_003065	hg38:7:184521654-184525160:-	3507
SAMPLE_003066	FRAG_003066	hg19:9:171641009-171674547:+	33539
SAMPLE_003067	FRAG_003067	hg38:3:19591585-19610661:-	19077
SAMPLE_003068	FRAG_003068	hg19:13:81084175-81095383:-	11209
SAMPLE_003069	FRAG_003069	hg38:14:58473346-58542628:-	69283
SAMPLE_003070	FRAG_003070	hg19:6:25814510-25822053:-	7544
SAMPLE_003071	FRAG_003071	hg38:11:80699824-80799043:+	99220
SAMPLE_003072	FRAG_003072	hg19:7:113501588-113547867:-	46280
SAMPLE_003073	FRAG_003073	hg38:16:185906527-185977215:+	70689
SAMPLE_003074	FRAG_003074	hg19:X:96212009-96269758:-	57750
SAMPLE_003075	FRAG_003075	hg38:1:161290499-161364517:+	74019
SAMPLE_003076	FRAG_003076	hg19:3:180304815-180400042:+	95228
SAMPLE_003077	FRAG_003077	hg38:11:198127345-198214884:-	87540
SAMPLE_003078	FRAG_003078	hg19:1:124120354-124140580:+	20227
SAMPLE_003079	FRAG_003079	hg38:16:31496113-31538084:-	41972
SAMPLE_003080	FRAG_003080	hg19:9:194887183-194955930:+	68748
SAMPLE_003081	FRAG_003081	hg38:15:171266744-171283721:-	16978
SAMPLE_003082	FRAG_003082	hg19:21:27157977-27234285:+	76309
SAMPLE_003083	FRAG_003083	hg38:7:51373777-51472017:-	98241
SAMPLE_003084	FRAG_003084	hg19:X:45587405-45659480:-	72076
SAMPLE_003085	FRAG_003085	hg38:7:57307847-57353970:+	46124
SAMPLE_003086	FRAG_003086	hg19:22:4857690-4933796:-	76107
SAMPLE_003087	FRAG_003087	hg38:12:82052600-82055221:-	2622
SAMPLE_003088	FRAG_003088	hg19:17:188721517-188738366:-	16850
SAMPLE_003089	FRAG_003089	hg38:21:112146700-112206967:-	60268
SAMPLE_003090	FRAG_003090	hg19:12:146617380-146664044:-	46665
SAMPLE_003091	FRAG_003091	hg38:17:31435211-31479727:+	44517
SAMPLE_003092	FRAG_003092	hg19:15:101159036-101215684:+	56649
SAMPLE_003093	FRAG_003093	hg38:18:44662943-44741415:-	78473
SAMPLE_003094	FRAG_003094	hg19:13:178061530-178099388:-	37859
SAMPLE_003095	FRAG_003095	hg38:21:189466553-189504177:+	37625
SAMPLE_003096	FRAG_003096	hg19:3:25062001-25076106:+	14106
SAMPLE_003097	FRAG_003097	hg38:20:28830127-28884533:-	54407
SAMPLE_003098	FRAG_003098	hg19:Y:168456932-168555961:+	99030
SAMPLE_003099	FRAG_003099	hg38:21:136120079-136178787:+	58709
SAMPLE_003100	FRAG_003100	hg19:22:113914920-113953417:+	38498
SAMPLE_003101	FRAG_003101	hg38:8:149065752-149125840:-	60089
SAMPLE_003102	FRAG_003102	hg19:4:127050375-127076506:+	26132
SAMPLE_003103	FRAG_003103	hg38:12:111846325-111907634:-	61310
SAMPLE_003104	FRAG_003104	hg19:1:61112523-61162127:-	49605
SAMPLE_003105	FRAG_003105	hg38:9:72000929-72087762:-	86834
SAMPLE_003106	FRAG_003106	hg19:14:65841777-65930526:+	88750
SAMPLE_003107	FRAG_003107	hg38:14:5168820-5173601:+	4782
SAMPLE_003108	FRAG_003108	hg19:5:140308135-140357708:-	49574
SAMPLE_003109	FRAG_003109	hg38:11:154595396-154618231:-	22836
SAMPLE_003110	FRAG_003110	hg19:8:106055543-106128883:+	73341
SAMPLE_003111	FRAG_003111	hg38:20:106580426-106665392:+	84967
SAMPLE_003112	FRAG_003112	hg19:19:35593400-35650142:-	56743
SAMPLE_003113	FRAG_003113	hg38:Y:109211436-109234704:-	23269
SAMPLE_003114	FRAG_003114	hg19:17:118414095-118435361:+	21267
SAMPLE_003115	FRAG_003115	hg38:4:34911527-35005090:+	93564
SAMPLE_003116	FRAG_003116	hg19:21:106229966-106306084:-	76119
SAMPLE_003117	FRAG_003117	hg38:18:87544835-87566181:+	21347
SAMPLE_003118	FRAG_003118	hg19:3:7882746-7895469:-	12724
SAMPLE_003119	FRAG_003119	hg38:1:160259587-160342516:+	82930
SAMPLE_003120	FRAG_003120	hg19:1:190938463-191019977:+	81515
SAMPLE_003121	FRAG_003121	hg38:19:7788698-7839319:+	50622
SAMPLE_003122	FRAG_003122	hg19:15:170517471-170601130:-	83660
SAMPLE_003123	FRAG_003123	hg38:6:176160233-176192152:+	31920
SAMPLE_003124	FRAG_003124	hg19:10:144724964-144750868:+	25905
SAMPLE_003125	FRAG_003125	hg38:Y:70921993-70972051:+	50059
SAMPLE_003126	FRAG_003126	hg19:9:39592838-39604211:+	11374
SAMPLE_003127	FRAG_003127	hg38:21:28761388-28837824:+	76437
SAMPLE_003128	FRAG_003128	hg19:15:33932822-34011426:+	78605
SAMPLE_003129	FRAG_003129	hg38:5:71328659-71366180:+	37522
SAMPLE_003130	FRAG_003130	hg19:3:133672895-133683536:-	10642
SAMPLE_003131	FRAG_003131	hg38:7:28023858-28075579:-	51722
SAMPLE_003132	FRAG_003132	hg19:1:20750398-20805127:-	54730
SAMPLE_003133	FRAG_003133	hg38:21:57450894-57461395:-	10502
SAMPLE_003134	FRAG_003134	hg19:13:171067765-171109366:-	41602
SAMPLE_003135	FRAG_003135	hg38:6:81196430-81220496:+	24067
SAMPLE_003136	FRAG_003136	hg19:6:153281782-153368744:+	86963
SAMPLE_003137	FRAG_003137	hg38:4:94089046-94134477:-	45432
SAMPLE_003138	FRAG_003138	hg19:20:147695353-147774494:+	79142
SAMPLE_003139	FRAG_003139	hg38:6:69317096-69385981:+	68886
SAMPLE_003140	FRAG_003140	hg19:7:8933675-9013618:+	79944
SAMPLE_003141	FRAG_003141	hg38:17:41895072-41962646:+	67575
SAMPLE_003142	FRAG_003142	hg19:12:59239162-59254706:+	15545
SAMPLE_003143	FRAG_003143	hg38:11:59991675-60010335:+	18661
SAMPLE_003144	FRAG_003144	hg19:Y:34978626-35069774:-	91149
SAMPLE_003145	FRAG_003145	hg38:9:54482416-54546035:+	63620
SAMPLE_003146	FRAG_003146	hg19:12:149041378-149134686:-	93309
SAMPLE_003147	FRAG_003147	hg38:15:134090757-134188930:-	98174
SAMPLE_003148	FRAG_003148	hg19:17:52822603-52875523:-	52921
SAMPLE_003149	FRAG_003149	hg38:6:185430581-185457016:-	26436
SAMPLE_003150	FRAG_003150	hg19:13:157671884-157685869:-	13986
SAMPLE_003151	FRAG_003151	hg38:6:194826599-194854076:-	27478
SAMPLE_003152	FRAG_003152	hg19:14:114746121-114805098:-	58978
SAMPLE_003153	FRAG_003153	hg38:11:29872678-29954823:-	82146
SAMPLE_003154	FRAG_003154	hg19:14:153241031-153267707:-	26677
SAMPLE_003155	FRAG_003155	hg38:12:18251340-18334768:-	83429
SAMPLE_003156	FRAG_003156	hg19:6:138266298-138271221:-	4924
SAMPLE_003157	FRAG_003157	hg38:19:79778705-79832918:-	54214
SAMPLE_003158	FRAG_003158	hg19:13:31776112-31780535:+	4424
SAMPLE_003159	FRAG_003159	hg38:11:50906148-50962927:-	56780
SAMPLE_003160	FRAG_003160	hg19:8:58763059-58773079:-	10021
SAMPLE_003161	FRAG_003161	hg38:12:85410307-85429816:+	19510
SAMPLE_003162	FRAG_003162	hg19:1:185762088-185804345:+	42258
SAMPLE_003163	FRAG_003163	hg38:X:58384099-58427703:-	43605
SAMPLE_003164	FRAG_003164	hg19:19:63451171-63493817:+	42647
SAMPLE_003165	FRAG_003165	hg38:13:162544971-162582643:+	37673
SAMPLE_003166	FRAG_003166	hg19:17:28627428-28656430:-	29003
SAMPLE_003167	FRAG_003167	hg38:X:181212793-181292971:+	80179
SAMPLE_003168	FRAG_003168	hg19:19:114212690-114297896:-	85207
SAMPLE_003169	FRAG_003169	hg38:11:54190597-54233054:+	42458
SAMPLE_003170	FRAG_003170	hg19:2:134855600-134920839:+	65240
SAMPLE_003171	FRAG_003171	hg38:9:33013351-33069062:+	55712
SAMPLE_003172	FRAG_003172	hg19:15:162445319-162468249:-	22931
SAMPLE_003173	FRAG_003173	hg38:19:64464024-64514704:+	50681
SAMPLE_003174	FRAG_003174	hg19:10:173782939-173785775:+	2837
SAMPLE_003175	FRAG_003175	hg38:15:36180626-36218397:-	37772
SAMPLE_003176	FRAG_003176	hg19:2:142603376-142673797:+	70422
SAMPLE_003177	FRAG_003177	hg38:11:5368061-5453072:+	85012
SAMPLE_003178	FRAG_003178	hg19:16:112421885-112434851:-	12967
SAMPLE_003179	FRAG_003179	hg38:9:93831549-93873622:-	42074
SAMPLE_003180	FRAG_003180	hg19:3:85067183-85140617:-	73435
SAMPLE_003181	FRAG_003181	hg38:20:106583044-106589712:-	6669
SAMPLE_003182	FRAG_003182	hg19:X:133429041-133489122:+	60082
SAMPLE_003183	FRAG_003183	hg38:12:28580029-28661527:+	81499
SAMPLE_003184	FRAG_003184	hg19:8:3790662-3797430:+	6769
SAMPLE_003185	FRAG_003185	hg38:4:185575926-185618742:-	42817
SAMPLE_003186	FRAG_003186	hg19:8:24626809-24649615:+	22807
SAMPLE_003187	FRAG_003187	hg38:Y:145299725-145348573:+	48849
SAMPLE_003188	FRAG_003188	hg19:X:70709383-70716762:+	7380
SAMPLE_003189	FRAG_003189	hg38:4:82682250-82689040:+	6791
SAMPLE_003190	FRAG_003190	hg19:9:185662547-185706211:-	43665
SAMPLE_003191	FRAG_003191	hg38:9:46724927-46817001:+	92075
SAMPLE_003192	FRAG_003192	hg19:19:33185792-33246675:+	60884
SAMPLE_003193	FRAG_003193	hg38:11:157801283-157821180:-	19898
SAMPLE_003194	FRAG_003194	hg19:21:180378035-180437094:+	59060
SAMPLE_003195	FRAG_003195	hg38:17:65565020-65634671:-	69652
SAMPLE_003196	FRAG_003196	hg19:22:76307313-76372050:-	64738
SAMPLE_003197	FRAG_003197	hg38:Y:61620918-61684686:+	63769
SAMPLE_003198	FRAG_003198	hg19:9:191959984-191999311:+	39328
SAMPLE_003199	FRAG_003199	hg38:12:66062380-66136084:+	73705
SAMPLE_003200	FRAG_003200	hg19:X:21171420-21182144:-	10725
SAMPLE_003201	FRAG_003201	hg38:2:4524048-4552396:+	28349
SAMPLE_003202	FRAG_003202	hg19:15:51443700-51494669:-	50970
SAMPLE_003203	FRAG_003203	hg38:4:57012133-57057255:-	45123
SAMPLE_003204	FRAG_003204	hg19:10:122875593-122968958:+	93366
SAMPLE_003205	FRAG_003205	hg38:17:35912852-35927200:+	14349
SAMPLE_003206	FRAG_003206	hg19:12:122448761-122499798:+	51038
SAMPLE_003207	FRAG_003207	hg38:13:19425224-19450358:-	25135
SAMPLE_003208	FRAG_003208	hg19:14:185218126-185240146:-	22021
SAMPLE_003209	FRAG_003209	hg38:19:28397691-28483174:+	85484
SAMPLE_003210	FRAG_003210	hg19:15:30581366-30595912:+	14547
SAMPLE_003211	FRAG_003211	hg38:1:51205421-51266324:-	60904
SAMPLE_003212	FRAG_003212	hg19:1:178673536-178736456:-	62921
SAMPLE_003213	FRAG_003213	hg38:12:32762945-32798253:+	35309
SAMPLE_003214	FRAG_003214	hg19:12:57926040-57983093:+	57054
SAMPLE_003215	FRAG_003215	hg38:13:116654992-116721314:-	66323
SAMPLE_003216	FRAG_003216	hg19:2:74172516-74230862:-	58347
SAMPLE_003217	FRAG_003217	hg38:4:175113074-175120013:-	6940
SAMPLE_003218	FRAG_003218	hg19:Y:53058125-53114013:-	55889
SAMPLE_003219	FRAG_003219	hg38:7:48417809-48471089:-	53281
SAMPLE_003220	FRAG_003220	hg19:17:133504097-133584215:-	80119
SAMPLE_003221	FRAG_003221	hg38:4:14387264-14477044:+	89781
SAMPLE_003222	FRAG_003222	hg19:4:31920518-31949797:+	29280
SAMPLE_003223	FRAG_003223	hg38:2:72451678-72527573:+	75896
SAMPLE_003224	FRAG_003224	hg19:3:28120569-28190815:-	70247
SAMPLE_003225	FRAG_003225	hg38:8:188773896-188855688:-	81793
SAMPLE_003226	FRAG_003226	hg19:13:28193659-28245654:+	51996
SAMPLE_003227	FRAG_003227	hg38:Y:73012360-73103519:-	91160
SAMPLE_003228	FRAG_003228	hg19:7:55646876-55669792:-	22917
SAMPLE_003229	FRAG_003229	hg38:21:190476065-190514311:-	38247
SAMPLE_003230	FRAG_003230	hg19:Y:26298047-26298953:+	907
SAMPLE_003231	FRAG_003231	hg38:17:167998623-168090934:-	92312
SAMPLE_003232	FRAG_003232	hg19:Y:185666393-185706911:+	40519
SAMPLE_003233	FRAG_003233	hg38:6:183923324-183965125:+	41802
SAMPLE_003234	FRAG_003234	hg19:6:90162262-90187316:-	25055
SAMPLE_003235	FRAG_003235	hg38:5:179786437-179788605:-	2169
SAMPLE_003236	FRAG_003236	hg19:14:6590664-6634948:+	44285
SAMPLE_003237	FRAG_003237	hg38:9:46828672-46839260:+	10589
SAMPLE_003238	FRAG_003238	hg19:20:128192815-128239470:+	46656
SAMPLE_003239	FRAG_003239	hg38:16:127854072-127887012:+	32941
SAMPLE_003240	FRAG_003240	hg19:2:153274503-153277281:-	2779
SAMPLE_003241	FRAG_003241	hg38:8:136062352-136131699:+	69348
SAMPLE_003242	FRAG_003242	hg19:5:27841523-27854330:-	12808
SAMPLE_003243	FRAG_003243	hg38:Y:122498277-122542773:-	44497
SAMPLE_003244	FRAG_003244	hg19:Y:147489275-147535751:-	46477
SAMPLE_003245	FRAG_003245	hg38:22:69058279-69122543:-	64265
SAMPLE_003246	FRAG_003246	hg19:15:95657422-95659698:-	2277
SAMPLE_003247	FRAG_003247	hg38:X:140004215-140048457:-	44243
SAMPLE_003248	FRAG_003248	hg19:4:185088783-185124663:+	35881
SAMPLE_003249	FRAG_003249	hg38:5:60124412-60178692:+	54281
SAMPLE_003250	FRAG_003250	hg19:12:9295910-9361660:+	65751
SAMPLE_003251	FRAG_003251	hg38:19:187779023-187876647:-	97625
SAMPLE_003252	FRAG_003252	hg19:12:24964303-24991843:+	27541
SAMPLE_003253	FRAG_003253	hg38:13:29972683-30056902:-	84220
SAMPLE_003254	FRAG_003254	hg19:21:147274887-147364357:-	89471
SAMPLE_003255	FRAG_003255	hg38:17:72218431-72241861:-	23431
SAMPLE_003256	FRAG_003256	hg19:11:159148168-159199919:-	51752
SAMPLE_003257	FRAG_003257	hg38:9:52156460-52197502:+	41043
SAMPLE_003258	FRAG_003258	hg19:19:189397568-189466234:-	68667
SAMPLE_003259	FRAG_003259	hg38:20:117355930-117372545:-	16616
SAMPLE_003260	FRAG_003260	hg19:19:78419077-78465057:+	45981
SAMPLE_003261	FRAG_003261	hg38:1:185019673-185085567:+	65895
SAMPLE_003262	FRAG_003262	hg19:15:41326454-41416202:-	89749
SAMPLE_003263	FRAG_003263	hg38:20:179327129-179400784:+	73656
SAMPLE_003264	FRAG_003264	hg19:10:78379193-78443501:+	64309
SAMPLE_003265	FRAG_003265	hg38:10:122831628-122834170:+	2543
SAMPLE_003266	FRAG_003266	hg19:7:160201451-160239045:+	37595
SAMPLE_003267	FRAG_003267	hg38:2:83093334-83157844:+	64511
SAMPLE_003268	FRAG_003268	hg19:14:178235399-178282068:+	46670
SAMPLE_003269	FRAG_003269	hg38:2:37968604-38002058:-	33455
SAMPLE_003270	FRAG_003270	hg19:10:179597087-179663383:+	66297
SAMPLE_003271	FRAG_003271	hg38:3:73657128-73751107:+	93980
SAMPLE_003272	FRAG_003272	hg19:Y:116977749-117004033:+	26285
SAMPLE_003273	FRAG_003273	hg38:10:9626626-9655811:-	29186
SAMPLE_003274	FRAG_003274	hg19:12:183133530-183166630:-	33101
SAMPLE_003275	FRAG_003275	hg38:14:27343904-27396715:-	52812
SAMPLE_003276	FRAG_003276	hg19:10:84412507-84491261:+	78755
SAMPLE_003277	FRAG_003277	hg38:19:183247061-183304683:-	57623
SAMPLE_003278	FRAG_003278	hg19:19:184427632-184446373:+	18742
SAMPLE_003279	FRAG_003279	hg38:9:112752982-112771266:+	18285
SAMPLE_003280	FRAG_003280	hg19:10:23977518-24017993:-	40476
SAMPLE_003281	FRAG_003281	hg38:19:124790186-124873040:+	82855
SAMPLE_003282	FRAG_003282	hg19:13:26781158-26838921:+	57764
SAMPLE_003283	FRAG_003283	hg38:17:187330012-187388431:-	58420
SAMPLE_003284	FRAG_003284	hg19:17:192286704-192377008:-	90305
SAMPLE_003285	FRAG_003285	hg38:15:115801569-115848492:-	46924
SAMPLE_003286	FRAG_003286	hg19:14:124824976-124879248:+	54273
SAMPLE_003287	FRAG_003287	hg38:18:113989482-113993444:+	3963
SAMPLE_003288	FRAG_003288	hg19:5:82172193-82253328:+	81136
SAMPLE_003289	FRAG_003289	hg38:19:101156262-101223896:+	67635
SAMPLE_003290	FRAG_003290	hg19:20:152820275-152891981:-	71707
SAMPLE_003291	FRAG_003291	hg38:2:106403685-106503187:+	99503
SAMPLE_003292	FRAG_003292	hg19:13:2597954-2686281:-	88328
SAMPLE_003293	FRAG_003293	hg38:17:15588456-15649277:+	60822
SAMPLE_003294	FRAG_003294	hg19:2:175450819-175486730:+	35912
SAMPLE_003295	FRAG_003295	hg38:11:27145360-27223760:-	78401
SAMPLE_003296	FRAG_003296	hg19:19:186379620-186443225:-	63606
SAMPLE_003297	FRAG_003297	hg38:2:199769190-199785606:+	16417
SAMPLE_003298	FRAG_003298	hg19:X:139583570-139610947:+	27378
SAMPLE_003299	FRAG_003299	hg38:18:133957330-134054877:+	97548
SAMPLE_003300	FRAG_003300	hg19:8:172709605-172798666:+	89062
SAMPLE_003301	FRAG_003301	hg38:10:84454120-84536963:+	82844
SAMPLE_003302	FRAG_003302	hg19:16:185623114-185705357:+	82244
SAMPLE_003303	FRAG_003303	hg38:4:1009586-1018885:+	9300
SAMPLE_003304	FRAG_003304	hg19:20:140538806-140555169:+	16364
SAMPLE_003305	FRAG_003305	hg38:8:28811798-28839074:-	27277
SAMPLE_003306	FRAG_003306	hg19:1:120135917-120202712:-	66796
SAMPLE_003307	FRAG_003307	hg38:2:81510170-81526635:-	16466
SAMPLE_003308	FRAG_003308	hg19:16:64062964-64087586:-	24623
SAMPLE_003309	FRAG_003309	hg38:20:118878020-118967821:+	89802
SAMPLE_003310	FRAG_003310	hg19:14:171777877-171797544:+	19668
SAMPLE_003311	FRAG_003311	hg38:6:177487015-177506085:+	19071
SAMPLE_003312	FRAG_003312	hg19:6:188805138-188872682:+	67545
SAMPLE_003313	FRAG_003313	hg38:16:78855997-78919471:-	63475
SAMPLE_003314	FRAG_003314	hg19:22:159045079-159058687:-	13609
SAMPLE_003315	FRAG_003315	hg38:12:74868431-74956446:-	88016
SAMPLE_003316	FRAG_003316	hg19:13:29812745-29904686:-	91942
SAMPLE_003317	FRAG_003317	hg38:14:40773151-40829333:+	56183
SAMPLE_003318	FRAG_003318	hg19:10:33246211-33306620:-	60410
SAMPLE_003319	FRAG_003319	hg38:1:82271941-82348532:+	76592
SAMPLE_003320	FRAG_003320	hg19:21:177413485-177499236:-	85752
SAMPLE_003321	FRAG_003321	hg38:2:38394004-38440997:-	46994
SAMPLE_003322	FRAG_003322	hg19:Y:75330863-75391438:+	60576
SAMPLE_003323	FRAG_003323	hg38:6:135389091-135436480:+	47390
SAMPLE_003324	FRAG_003324	hg19:12:141943552-142036617:-	93066
SAMPLE_003325	FRAG_003325	hg38:17:47841149-47849874:+	8726
SAMPLE_003326	FRAG_003326	hg19:12:194061224-194147697:-	86474
SAMPLE_003327	FRAG_003327	hg38:15:38591513-38685752:-	94240
SAMPLE_003328	FRAG_003328	hg19:22:106744438-106784642:+	40205
SAMPLE_003329	FRAG_003329	hg38:21:102072051-102135955:-	63905
SAMPLE_003330	FRAG_003330	hg19:20:49418920-49505791:-	86872
SAMPLE_003331	FRAG_003331	hg38:5:87993653-88085609:-	91957
SAMPLE_003332	FRAG_003332	hg19:19:109387219-109468651:+	81433
SAMPLE_003333	FRAG_003333	hg38:2:197730307-197734675:+	4369
SAMPLE_003334	FRAG_003334	hg19:8:179579632-179592784:+	13153
SAMPLE_003335	FRAG_003335	hg38:16:128886142-128975681:-	89540
SAMPLE_003336	FRAG_003336	hg19:8:64516442-64612970:+	96529
SAMPLE_003337	FRAG_003337	hg38:6:104101618-104197558:-	95941
SAMPLE_003338	FRAG_003338	hg19:3:165256628-165265243:-	8616
SAMPLE_003339	FRAG_003339	hg38:4:20564031-20569434:-	5404
SAMPLE_003340	FRAG_003340	hg19:12:170461706-170541704:+	79999
SAMPLE_003341	FRAG_003341	hg38:6:29900030-29942623:-	42594
SAMPLE_003342	FRAG_003342	hg19:13:172099625-172117584:+	17960
SAMPLE_003343	FRAG_003343	hg38:7:132829463-132863057:-	33595
SAMPLE_003344	FRAG_003344	hg19:22:61531267-61569264:+	37998
SAMPLE_003345	FRAG_003345	hg38:Y:117517901-117539645:+	21745
SAMPLE_003346	FRAG_003346	hg19:3:7507695-7584492:+	76798
SAMPLE_003347	FRAG_003347	hg38:7:38731983-38736838:+	4856
SAMPLE_003348	FRAG_003348	hg19:12:153550534-153604513:+	53980
SAMPLE_003349	FRAG_003349	hg38:11:184169941-184194728:-	24788
SAMPLE_003350	FRAG_003350	hg19:7:154107549-154135242:-	27694
SAMPLE_003351	FRAG_003351	hg38:17:96693264-96739914:+	46651
SAMPLE_003352	FRAG_003352	hg19:3:115759310-115817333:-	58024
SAMPLE_003353	FRAG_003353	hg38:3:21976569-22051667:+	75099
SAMPLE_003354	FRAG_003354	hg19:17:28088628-28128216:+	39589
SAMPLE_003355	FRAG_003355	hg38:16:14818791-14849511:-	30721
SAMPLE_003356	FRAG_003356	hg19:1:78818492-78848353:-	29862
SAMPLE_003357	FRAG_003357	hg38:13:97074445-97167123:+	92679
SAMPLE_003358	FRAG_003358	hg19:6:21072830-21111086:+	38257
SAMPLE_003359	FRAG_003359	hg38:17:135230346-135310962:-	80617
SAMPLE_003360	FRAG_003360	hg19:13:16206384-16287970:+	81587
SAMPLE_003361	FRAG_003361	hg38:19:71612770-71675001:+	62232
SAMPLE_003362	FRAG_003362	hg19:2:114120231-114165038:-	44808
SAMPLE_003363	FRAG_003363	hg38:7:16942910-16987257:+	44348
SAMPLE_003364	FRAG_003364	hg19:7:197997444-198069650:-	72207
SAMPLE_003365	FRAG_003365	hg38:22:64248011-64256679:-	8669
SAMPLE_003366	FRAG_003366	hg19:3:164746086-164820490:+	74405
SAMPLE_003367	FRAG_003367	hg38:12:112733621-112743395:+	9775
SAMPLE_003368	FRAG_003368	hg19:18:35752883-35816135:-	63253
SAMPLE_003369	FRAG_003369	hg38:Y:28933720-28939690:+	5971
SAMPLE_003370	FRAG_003370	hg19:16:61463754-61530785:-	67032
SAMPLE_003371	FRAG_003371	hg38:14:82448243-82511341:+	63099
SAMPLE_003372	FRAG_003372	hg19:1:8074299-8082053:+	7755
SAMPLE_003373	FRAG_003373	hg38:18:102841294-102921502:+	80209
SAMPLE_003374	FRAG_003374	hg19:18:14996336-15060034:-	63699
SAMPLE_003375	FRAG_003375	hg38:13:34618157-34709808:-	91652
SAMPLE_003376	FRAG_003376	hg19:X:148517342-148573786:+	56445
SAMPLE_003377	FRAG_003377	hg38:4:32673385-32731287:-	57903
SAMPLE_003378	FRAG_003378	hg19:12:93107087-93132967:-	25881
SAMPLE_003379	FRAG_003379	hg38:2:63285999-63317715:+	31717
SAMPLE_003380	FRAG_003380	hg19:19:61968641-61970457:-	1817
SAMPLE_003381	FRAG_003381	hg38:Y:144939809-145038948:+	99140
SAMPLE_003382	FRAG_003382	hg19:1:68088033-68182881:+	94849
SAMPLE_003383	FRAG_003383	hg38:3:35015039-35022963:-	7925
SAMPLE_003384	FRAG_003384	hg19:6:12735844-12773383:-	37540
SAMPLE_003385	FRAG_003385	hg38:12:176881313-176960771:+	79459
SAMPLE_003386	FRAG_003386	hg19:10:163705130-163722631:-	17502
SAMPLE_003387	FRAG_003387	hg38:16:33850153-33936842:+	86690
SAMPLE_003388	FRAG_003388	hg19:3:146933915-146967208:+	33294
SAMPLE_003389	FRAG_003389	hg38:16:198358747-198451685:-	92939
SAMPLE_003390	FRAG_003390	hg19:8:192430413-192489047:-	58635
SAMPLE_003391	FRAG_003391	hg38:12:79566604-79639376:+	72773
SAMPLE_003392	FRAG_003392	hg19:17:86593047-86628612:+	35566
SAMPLE_003393	FRAG_003393	hg38:2:111282372-111328305:-	45934
SAMPLE_003394	FRAG_003394	hg19:9:55641361-55652142:+	10782
SAMPLE_003395	FRAG_003395	hg38:17:82856493-82887208:+	30716
SAMPLE_003396	FRAG_003396	hg19:4:195591748-195641056:+	49309
SAMPLE_003397	FRAG_003397	hg38:2:188459736-188491050:-	31315
SAMPLE_003398	FRAG_003398	hg19:21:31665701-31725675:+	59975
SAMPLE_003399	FRAG_003399	hg38:16:73557721-73562644:-	4924
SAMPLE_003400	FRAG_003400	hg19:19:81641459-81692312:+	50854
SAMPLE_003401	FRAG_003401	hg38:2:164677908-164714988:-	37081
SAMPLE_003402	FRAG_003402	hg19:16:103700233-103703202:-	2970
SAMPLE_003403	FRAG_003403	hg38:15:61249923-61256243:+	6321
SAMPLE_003404	FRAG_003404	hg19:13:178147454-178172126:-	24673
SAMPLE_003405	FRAG_003405	hg38:18:178275435-178282783:-	7349
SAMPLE_003406	FRAG_003406	hg19:2:94363069-94434549:+	71481
SAMPLE_003407	FRAG_003407	hg38:20:91252911-91352300:-	99390
SAMPLE_003408	FRAG_003408	hg19:19:8340405-8369286:-	28882
SAMPLE_003409	FRAG_003409	hg38:Y:117521391-117603355:-	81965
SAMPLE_003410	FRAG_003410	hg19:Y:16332655-16429546:+	96892
SAMPLE_003411	FRAG_003411	hg38:18:194621695-194673064:-	51370
SAMPLE_003412	FRAG_003412	hg19:18:114772347-114833598:-	61252
SAMPLE_003413	FRAG_003413	hg38:6:126448604-126499079:+	50476
SAMPLE_003414	FRAG_003414	hg19:5:76349866-76352355:-	2490
SAMPLE_003415	FRAG_003415	hg38:3:146707988-146741246:-	33259
SAMPLE_003416	FRAG_003416	hg19:11:106924955-107000306:+	75352
SAMPLE_003417	FRAG_003417	hg38:20:98091727-98128175:-	36449
SAMPLE_003418	FRAG_003418	hg19:22:176296703-176330037:+	33335
SAMPLE_003419	FRAG_003419	hg38:4:153589739-153630463:-	40725
SAMPLE_003420	FRAG_003420	hg19:9:120133986-120157918:-	23933
SAMPLE_003421	FRAG_003421	hg38:1:3381210-3439368:-	58159
SAMPLE_003422	FRAG_003422	hg19:2:129904829-129952346:+	47518
SAMPLE_003423	FRAG_003423	hg38:14:156577223-156585400:+	8178
SAMPLE_003424	FRAG_003424	hg19:9:149028160-149108655:-	80496
SAMPLE_003425	FRAG_003425	hg38:3:49265745-49323973:-	58229
SAMPLE_003426	FRAG_003426	hg19:9:133856472-133890989:+	34518
SAMPLE_003427	FRAG_003427	hg38:8:47840730-47923848:+	83119
SAMPLE_003428	FRAG_003428	hg19:20:14308942-14395421:+	86480
SAMPLE_003429	FRAG_003429	hg38:4:11335242-11421540:+	86299
SAMPLE_003430	FRAG_003430	hg19:22:119194515-119261430:-	66916
SAMPLE_003431	FRAG_003431	hg38:2:193564240-193637275:+	73036
SAMPLE_003432	FRAG_003432	hg19:2:70539479-70633635:-	94157
SAMPLE_003433	FRAG_003433	hg38:1:95847653-95937069:+	89417
SAMPLE_003434	FRAG_003434	hg19:20:94879838-94911099:+	31262
SAMPLE_003435	FRAG_003435	hg38:3:120135060-120202004:+	66945
SAMPLE_003436	FRAG_003436	hg19:17:64613489-64624139:+	10651
SAMPLE_003437	FRAG_003437	hg38:11:100686019-100761276:-	75258
SAMPLE_003438	FRAG_003438	hg19:3:115481099-115565731:-	84633
SAMPLE_003439	FRAG_003439	hg38:5:88655058-88658793:-	3736
SAMPLE_003440	FRAG_003440	hg19:11:176014068-176068062:-	53995
SAMPLE_003441	FRAG_003441	hg38:16:167944405-167983447:+	39043
SAMPLE_003442	FRAG_003442	hg19:6:12975060-13023833:-	48774
SAMPLE_003443	FRAG_003443	hg38:5:7854577-7932569:+	77993
SAMPLE_003444	FRAG_003444	hg19:20:85048688-85076906:-	28219
SAMPLE_003445	FRAG_003445	hg38:7:157413648-157463802:+	50155
SAMPLE_003446	FRAG_003446	hg19:22:41285366-41381057:-	95692
SAMPLE_003447	FRAG_003447	hg38:21:21753131-21763911:+	10781
SAMPLE_003448	FRAG_003448	hg19:19:155199860-155266353:-	66494
SAMPLE_003449	FRAG_003449	hg38:18:33545750-33642330:+	96581
SAMPLE_003450	FRAG_003450	hg19:20:177952050-178014458:-	62409
SAMPLE_003451	FRAG_003451	hg38:11:53351247-53387028:-	35782
SAMPLE_003452	FRAG_003452	hg19:8:66249503-66293083:-	43581
SAMPLE_003453	FRAG_003453	hg38:8:85507876-85568120:+	60245
SAMPLE_003454	FRAG_003454	hg19:X:120455786-120487879:-	32094
SAMPLE_003455	FRAG_003455	hg38:12:95485149-95496093:+	10945
SAMPLE_003456	FRAG_003456	hg19:12:130964239-131050371:+	86133
SAMPLE_003457	FRAG_003457	hg38:15:62676616-62732014:+	55399
SAMPLE_003458	FRAG_003458	hg19:18:110418972-110451576:+	32605
SAMPLE_003459	FRAG_003459	hg38:20:78010156-78044770:-	34615
SAMPLE_003460	FRAG_003460	hg19:11:22879089-22895049:-	15961
SAMPLE_003461	FRAG_003461	hg38:14:40835439-40902132:-	66694
SAMPLE_003462	FRAG_003462	hg19:21:49295754-49322218:-	26465
SAMPLE_003463	FRAG_003463	hg38:1:33424008-33446366:-	22359
SAMPLE_003464	FRAG_003464	hg19:9:191960116-192033304:-	73189
SAMPLE_003465	FRAG_003465	hg38:Y:34929691-34943427:+	13737
SAMPLE_003466	FRAG_003466	hg19:14:186232965-186236600:+	3636
SAMPLE_003467	FRAG_003467	hg38:3:139216634-139234484:-	17851
SAMPLE_003468	FRAG_003468	hg19:14:35212900-35259846:-	46947
SAMPLE_003469	FRAG_003469	hg38:X:65809689-65883187:-	73499
SAMPLE_003470	FRAG_003470	hg19:4:91366241-91410886:+	44646
SAMPLE_003471	FRAG_003471	hg38:Y:20797797-20804225:-	6429
SAMPLE_003472	FRAG_003472	hg19:15:170337675-170391766:-	54092
SAMPLE_003473	FRAG_003473	hg38:Y:78655998-78713603:-	57606
SAMPLE_003474	FRAG_003474	hg19:X:197882142-197900284:+	18143
SAMPLE_003475	FRAG_003475	hg38:Y:137734039-137811812:+	77774
SAMPLE_003476	FRAG_003476	hg19:5:160330746-160332265:-	1520
SAMPLE_003477	FRAG_003477	hg38:22:122742768-122828385:-	85618
SAMPLE_003478	FRAG_003478	hg19:11:48438520-48496505:-	57986
SAMPLE_003479	FRAG_003479	hg38:4:80818888-80849830:-	30943
SAMPLE_003480	FRAG_003480	hg19:11:152432853-152439681:-	6829
SAMPLE_003481	FRAG_003481	hg38:10:104097401-104140210:-	42810
SAMPLE_003482	FRAG_003482	hg19:6:12256687-12275955:+	19269
SAMPLE_003483	FRAG_003483	hg38:14:75693837-75762380:-	68544
SAMPLE_003484	FRAG_003484	hg19:4:77447991-77494017:+	46027
SAMPLE_003485	FRAG_003485	hg38:4:74510646-74548873:-	38228
SAMPLE_003486	FRAG_003486	hg19:15:46451699-46481510:-	29812
SAMPLE_003487	FRAG_003487	hg38:9:29486222-29566172:+	79951
SAMPLE_003488	FRAG_003488	hg19:22:38850239-38887258:+	37020
SAMPLE_003489	FRAG_003489	hg38:7:137552625-137625497:+	72873
SAMPLE_003490	FRAG_003490	hg19:1:11668977-11747908:+	78932
SAMPLE_003491	FRAG_003491	hg38:1:7919542-7984052:-	64511
SAMPLE_003492	FRAG_003492	hg19:7:154320980-154358420:-	37441
SAMPLE_003493	FRAG_003493	hg38:Y:140826391-140885194:+	58804
SAMPLE_003494	FRAG_003494	hg19:15:30424519-30463676:+	39158
SAMPLE_003495	FRAG_003495	hg38:15:133407278-133464434:-	57157
SAMPLE_003496	FRAG_003496	hg19:3:75746711-75765143:+	18433
SAMPLE_003497	FRAG_003497	hg38:12:60711258-60722120:+	10863
SAMPLE_003498	FRAG_003498	hg19:11:137112928-137133969:-	21042
SAMPLE_003499	FRAG_003499	hg38:9:170281824-170341759:+	59936
SAMPLE_003500	FRAG_003500	hg19:X:85506145-85596813:+	90669
SAMPLE_003501	FRAG_003501	hg38:14:190274829-190288492:-	13664
SAMPLE_003502	FRAG_003502	hg19:7:178470846-178544505:+	73660
SAMPLE_003503	FRAG_003503	hg38:21:3139588-3222306:+	82719
SAMPLE_003504	FRAG_003504	hg19:5:101987848-102065200:+	77353
SAMPLE_003505	FRAG_003505	hg38:22:72212180-72238326:-	26147
SAMPLE_003506	FRAG_003506	hg19:5:51225576-51289580:-	64005
SAMPLE_003507	FRAG_003507	hg38:10:54304024-54321797:+	17774
SAMPLE_003508	FRAG_003508	hg19:17:58495943-58591244:+	95302
SAMPLE_003509	FRAG_003509	hg38:14:132718903-132728218:+	9316
SAMPLE_003510	FRAG_003510	hg19:X:11418713-11442557:-	23845
SAMPLE_003511	FRAG_003511	hg38:X:165652462-165687442:-	34981
SAMPLE_003512	FRAG_003512	hg19:21:64006039-64083070:-	77032
SAMPLE_003513	FRAG_003513	hg38:16:177346247-177416274:+	70028
SAMPLE_003514	FRAG_003514	hg19:10:79414269-79445162:-	30894
SAMPLE_003515	FRAG_003515	hg38:16:106283084-106366161:-	83078
SAMPLE_003516	FRAG_003516	hg19:18:80300456-80363995:+	63540
SAMPLE_003517	FRAG_003517	hg38:8:78113817-78129044:-	15228
SAMPLE_003518	FRAG_003518	hg19:15:67409927-67453076:-	43150
SAMPLE_003519	FRAG_003519	hg38:4:125751601-125775194:-	23594
SAMPLE_003520	FRAG_003520	hg19:22:94302412-94317792:-	15381
SAMPLE_003521	FRAG_003521	hg38:X:130852627-130869910:-	17284
SAMPLE_003522	FRAG_003522	hg19:20:185474732-185529233:+	54502
SAMPLE_003523	FRAG_003523	hg38:1:72920264-72958895:+	38632
SAMPLE_003524	FRAG_003524	hg19:14:151929796-151938264:-	8469
SAMPLE_003525	FRAG_003525	hg38:9:86260029-86349000:-	88972
SAMPLE_003526	FRAG_003526	hg19:13:115138563-115196989:-	58427
SAMPLE_003527	FRAG_003527	hg38:9:73025859-73033518:-	7660
SAMPLE_003528	FRAG_003528	hg19:Y:92225523-92254719:+	29197
SAMPLE_003529	FRAG_003529	hg38:10:111007948-111067119:+	59172
SAMPLE_003530	FRAG_003530	hg19:19:144884921-144907248:+	22328
SAMPLE_003531	FRAG_003531	hg38:21:165632531-165647489:-	14959
SAMPLE_003532	FRAG_003532	hg19:5:145892685-145972477:+	79793
SAMPLE_003533	FRAG_003533	hg38:Y:102787538-102790804:+	3267
SAMPLE_003534	FRAG_003534	hg19:X:95677354-95721537:+	44184
SAMPLE_003535	FRAG_003535	hg38:21:140223780-140230729:+	6950
SAMPLE_003536	FRAG_003536	hg19:12:54268281-54338965:+	70685
SAMPLE_003537	FRAG_003537	hg38:18:193688474-193740815:+	52342
SAMPLE_003538	FRAG_003538	hg19:10:101362634-101384288:-	21655
SAMPLE_003539	FRAG_003539	hg38:14:149431698-149460458:+	28761
SAMPLE_003540	FRAG_003540	hg19:1:6376325-6381552:+	5228
SAMPLE_003541	FRAG_003541	hg38:17:131164339-131216996:+	52658
SAMPLE_003542	FRAG_003542	hg19:6:81924281-81961885:+	37605
SAMPLE_003543	FRAG_003543	hg38:8:185702393-185785671:+	83279
SAMPLE_003544	FRAG_003544	hg19:2:34190118-34226328:-	36211
SAMPLE_003545	FRAG_003545	hg38:21:36216903-36269929:-	53027
SAMPLE_003546	FRAG_003546	hg19:3:20834761-20845290:-	10530
SAMPLE_003547	FRAG_003547	hg38:1:146410936-146413367:+	2432
SAMPLE_003548	FRAG_003548	hg19:4:158892605-158989556:-	96952
SAMPLE_003549	FRAG_003549	hg38:7:84802784-84882672:-	79889
SAMPLE_003550	FRAG_003550	hg19:14:7289967-7357621:-	67655
SAMPLE_003551	FRAG_003551	hg38:9:55402927-55463575:+	60649
SAMPLE_003552	FRAG_003552	hg19:9:155672827-155759315:-	86489
SAMPLE_003553	FRAG_003553	hg38:13:116302308-116340980:+	38673
SAMPLE_003554	FRAG_003554	hg19:8:151591287-151645044:-	53758
SAMPLE_003555	FRAG_003555	hg38:16:189677769-189715547:+	37779
SAMPLE_003556	FRAG_003556	hg19:13:134421787-134424542:-	2756
SAMPLE_003557	FRAG_003557	hg38:12:192818268-192890408:+	72141
SAMPLE_003558	FRAG_003558	hg19:15:156123343-156153210:+	29868
SAMPLE_003559	FRAG_003559	hg38:13:121013543-121044465:-	30923
SAMPLE_003560	FRAG_003560	hg19:16:30245626-30319938:-	74313
SAMPLE_003561	FRAG_003561	hg38:11:170091205-170110548:+	19344
SAMPLE_003562	FRAG_003562	hg19:4:46434235-46508250:+	74016
SAMPLE_003563	FRAG_003563	hg38:16:68100559-68178837:+	78279
SAMPLE_003564	FRAG_003564	hg19:5:166487363-166540709:-	53347
SAMPLE_003565	FRAG_003565	hg38:17:153106053-153201321:+	95269
SAMPLE_003566	FRAG_003566	hg19:2:68652137-68717309:-	65173
SAMPLE_003567	FRAG_003567	hg38:10:91695879-91793438:+	97560
SAMPLE_003568	FRAG_003568	hg19:2:185951385-185994016:-	42632
SAMPLE_003569	FRAG_003569	hg38:1:186327124-186362769:+	35646
SAMPLE_003570	FRAG_003570	hg19:18:147455361-147519918:-	64558
SAMPLE_003571	FRAG_003571	hg38:11:64280796-64366755:-	85960
SAMPLE_003572	FRAG_003572	hg19:15:130653341-130746752:+	93412
SAMPLE_003573	FRAG_003573	hg38:4:188704986-188761282:+	56297
SAMPLE_003574	FRAG_003574	hg19:13:4657305-4674487:+	17183
SAMPLE_003575	FRAG_003575	hg38:17:33608919-33707479:+	98561
SAMPLE_003576	FRAG_003576	hg19:7:31511606-31569462:+	57857
SAMPLE_003577	FRAG_003577	hg38:14:46827861-46893264:-	65404
SAMPLE_003578	FRAG_003578	hg19:5:147857024-147955695:-	98672
SAMPLE_003579	FRAG_003579	hg38:13:80658497-80660209:+	1713
SAMPLE_003580	FRAG_003580	hg19:14:194258225-194297288:-	39064
SAMPLE_003581	FRAG_003581	hg38:17:166114779-166157533:-	42755
SAMPLE_003582	FRAG_003582	hg19:19:45545703-45631427:+	85725
SAMPLE_003583	FRAG_003583	hg38:10:184884697-184953779:+	69083
SAMPLE_003584	FRAG_003584	hg19:20:100657551-100751697:-	94147
SAMPLE_003585	FRAG_003585	hg38:16:57537104-57598273:-	61170
SAMPLE_003586	FRAG_003586	hg19:Y:37329852-37424739:+	94888
SAMPLE_003587	FRAG_003587	hg38:17:128203623-128297849:+	94227
SAMPLE_003588	FRAG_003588	hg19:11:49110554-49165618:+	55065
SAMPLE_003589	FRAG_003589	hg38:16:2503891-2513178:-	9288
SAMPLE_003590	FRAG_003590	hg19:X:54490499-54515596:+	25098
SAMPLE_003591	FRAG_003591	hg38:18:89861566-89922173:+	60608
SAMPLE_003592	FRAG_003592	hg19:2:126814114-126896529:+	82416
SAMPLE_003593	FRAG_003593	hg38:3:171817165-171863598:+	46434
SAMPLE_003594	FRAG_003594	hg19:12:4792855-4875774:+	82920
SAMPLE_003595	FRAG_003595	hg38:9:115397970-115435718:-	37749
SAMPLE_003596	FRAG_003596	hg19:12:109251524-109333877:-	82354
SAMPLE_003597	FRAG_003597	hg38:18:173228015-173299426:+	71412
SAMPLE_003598	FRAG_003598	hg19:3:41915417-41993594:+	78178
SAMPLE_003599	FRAG_003599	hg38:Y:76158045-76186913:+	28869
SAMPLE_003600	FRAG_003600	hg19:9:28466887-28541266:+	74380
SAMPLE_003601	FRAG_003601	hg38:17:174095268-174172747:-	77480
SAMPLE_003602	FRAG_003602	hg19:11:159959417-160035368:-	75952
SAMPLE_003603	FRAG_003603	hg38:Y:180448273-180529497:-	81225
SAMPLE_003604	FRAG_003604	hg19:7:1716933-1739465:+	22533
SAMPLE_003605	FRAG_003605	hg38:7:166067323-166079793:+	12471
SAMPLE_003606	FRAG_003606	hg19:5:128631395-128653497:+	22103
SAMPLE_003607	FRAG_003607	hg38:11:15009428-15020122:+	10695
SAMPLE_003608	FRAG_003608	hg19:17:115193982-115252111:-	58130
SAMPLE_003609	FRAG_003609	hg38:11:135318419-135358574:+	40156
SAMPLE_003610	FRAG_003610	hg19:8:106561347-106635265:-	73919
SAMPLE_003611	FRAG_003611	hg38:13:128366719-128459786:-	93068
SAMPLE_003612	FRAG_003612	hg19:10:86086502-86155418:+	68917
SAMPLE_003613	FRAG_003613	hg38:20:45591506-45620041:-	28536
SAMPLE_003614	FRAG_003614	hg19:X:118371589-118390816:-	19228
SAMPLE_003615	FRAG_003615	hg38:16:68253561-68345168:+	91608
SAMPLE_003616	FRAG_003616	hg19:18:176044647-176102216:-	57570
SAMPLE_003617	FRAG_003617	hg38:6:99163403-99167217:-	3815
SAMPLE_003618	FRAG_003618	hg19:22:196552949-196598797:-	45849
SAMPLE_003619	FRAG_003619	hg38:7:151268562-151349929:+	81368
SAMPLE_003620	FRAG_003620	hg19:13:49051448-49100994:+	49547
SAMPLE_003621	FRAG_003621	hg38:7:97902884-97961327:+	58444
SAMPLE_003622	FRAG_003622	hg19:1:84319869-84397200:-	77332
SAMPLE_003623	FRAG_003623	hg38:4:69118269-69167116:+	48848
SAMPLE_003624	FRAG_003624	hg19:20:10000155-10036440:-	36286
SAMPLE_003625	FRAG_003625	hg38:21:107916233-107979480:+	63248
SAMPLE_003626	FRAG_003626	hg19:X:68924358-69017166:-	92809
SAMPLE_003627	FRAG_003627	hg38:21:154593645-154601644:+	8000
SAMPLE_003628	FRAG_003628	hg19:X:164086958-164149166:-	62209
SAMPLE_003629	FRAG_003629	hg38:16:128090340-128113615:+	23276
SAMPLE_003630	FRAG_003630	hg19:2:8740864-8789798:+	48935
SAMPLE_003631	FRAG_003631	hg38:X:48488291-48585284:+	96994
SAMPLE_003632	FRAG_003632	hg19:3:33058378-33113871:+	55494
SAMPLE_003633	FRAG_003633	hg38:15:191747785-191831839:+	84055
SAMPLE_003634	FRAG_003634	hg19:11:147051298-147064573:-	13276
SAMPLE_003635	FRAG_003635	hg38:7:165820387-165906751:+	86365
SAMPLE_003636	FRAG_003636	hg19:11:85954528-86043106:+	88579
SAMPLE_003637	FRAG_003637	hg38:19:99316249-99411399:+	95151
SAMPLE_003638	FRAG_003638	hg19:22:112770812-112824155:+	53344
SAMPLE_003639	FRAG_003639	hg38:3:135627278-135653066:+	25789
SAMPLE_003640	FRAG_003640	hg19:Y:23540177-23575624:+	35448
SAMPLE_003641	FRAG_003641	hg38:15:74960801-74967133:+	6333
SAMPLE_003642	FRAG_003642	hg19:X:110857617-110924368:+	66752
SAMPLE_003643	FRAG_003643	hg38:21:1865538-1963925:-	98388
SAMPLE_003644	FRAG_003644	hg19:9:95136229-95210201:+	73973
SAMPLE_003645	FRAG_003645	hg38:11:153517849-153579460:+	61612
SAMPLE_003646	FRAG_003646	hg19:19:24665795-24726981:+	61187
SAMPLE_003647	FRAG_003647	hg38:3:196837189-196861608:+	24420
SAMPLE_003648	FRAG_003648	hg19:6:159685224-159727338:+	42115
SAMPLE_003649	FRAG_003649	hg38:6:59391651-59393518:-	1868
SAMPLE_003650	FRAG_003650	hg19:15:195421562-195432713:+	11152
SAMPLE_003651	FRAG_003651	hg38:10:173420761-173510505:+	89745
SAMPLE_003652	FRAG_003652	hg19:Y:199135021-199234588:+	99568
SAMPLE_003653	FRAG_003653	hg38:10:102820375-102827864:-	7490
SAMPLE_003654	FRAG_003654	hg19:6:38695336-38732399:-	37064
SAMPLE_003655	FRAG_003655	hg38:14:51531711-51561827:-	30117
SAMPLE_003656	FRAG_003656	hg19:7:80170298-80194011:-	23714
SAMPLE_003657	FRAG_003657	hg38:X:72013296-72071414:+	58119
SAMPLE_003658	FRAG_003658	hg19:16:156342569-156389618:-	47050
SAMPLE_003659	FRAG_003659	hg38:12:141403215-141487839:-	84625
SAMPLE_003660	FRAG_003660	hg19:21:46761438-46851988:+	90551
SAMPLE_003661	FRAG_003661	hg38:19:42796534-42847584:+	51051
SAMPLE_003662	FRAG_003662	hg19:X:94126038-94183403:-	57366
SAMPLE_003663	FRAG_003663	hg38:7:188811892-188857241:-	45350
SAMPLE_003664	FRAG_003664	hg19:3:57565252-57633026:-	67775
SAMPLE_003665	FRAG_003665	hg38:7:71020292-71082091:+	61800
SAMPLE_003666	FRAG_003666	hg19:4:177719698-177787965:+	68268
SAMPLE_003667	FRAG_003667	hg38:16:126425627-126444451:-	18825
SAMPLE_003668	FRAG_003668	hg19:12:102444485-102518878:+	74394
SAMPLE_003669	FRAG_003669	hg38:11:29081829-29174247:-	92419
SAMPLE_003670	FRAG_003670	hg19:1:114120784-114142090:-	21307
SAMPLE_003671	FRAG_003671	hg38:11:174914314-174958941:+	44628
SAMPLE_003672	FRAG_003672	hg19:6:83215238-83262661:+	47424
SAMPLE_003673	FRAG_003673	hg38:15:50972138-51044304:+	72167
SAMPLE_003674	FRAG_003674	hg19:15:123526203-123607522:-	81320
SAMPLE_003675	FRAG_003675	hg38:Y:128123535-128176375:+	52841
SAMPLE_003676	FRAG_003676	hg19:9:101184079-101279391:-	95313
SAMPLE_003677	FRAG_003677	hg38:16:108683717-108773155:-	89439
SAMPLE_003678	FRAG_003678	hg19:2:137086242-137117451:+	31210
SAMPLE_003679	FRAG_003679	hg38:14:73306036-73362357:-	56322
SAMPLE_003680	FRAG_003680	hg19:19:45030384-45034625:+	4242
SAMPLE_003681	FRAG_003681	hg38:10:188269031-188347760:+	78730
SAMPLE_003682	FRAG_003682	hg19:19:38459955-38559000:+	99046
SAMPLE_003683	FRAG_003683	hg38:22:15441853-15486018:+	44166
SAMPLE_003684	FRAG_003684	hg19:10:93906168-93925208:-	19041
SAMPLE_003685	FRAG_003685	hg38:13:124638077-124660247:+	22171
SAMPLE_003686	FRAG_003686	hg19:22:54796218-54816048:+	19831
SAMPLE_003687	FRAG_003687	hg38:10:22575572-22616379:+	40808
SAMPLE_003688	FRAG_003688	hg19:8:118185198-118212346:+	27149
SAMPLE_003689	FRAG_003689	hg38:Y:42376087-42408663:-	32577
SAMPLE_003690	FRAG_003690	hg19:1:43769768-43832833:-	63066
SAMPLE_003691	FRAG_003691	hg38:4:148593617-148655824:-	62208
SAMPLE_003692	FRAG_003692	hg19:X:127783662-127812012:-	28351
SAMPLE_003693	FRAG_003693	hg38:15:66160561-66253626:+	93066
SAMPLE_003694	FRAG_003694	hg19:13:86458225-86475567:+	17343
SAMPLE_003695	FRAG_003695	hg38:13:77019471-77062845:-	43375
SAMPLE_003696	FRAG_003696	hg19:20:144375451-144427572:+	52122
SAMPLE_003697	FRAG_003697	hg38:12:180818651-180883153:+	64503
SAMPLE_003698	FRAG_003698	hg19:8:48824468-48904727:+	80260
SAMPLE_003699	FRAG_003699	hg38:12:92228044-92276027:+	47984
SAMPLE_003700	FRAG_003700	hg19:20:107885832-107964865:+	79034
SAMPLE_003701	FRAG_003701	hg38:21:38065540-38096195:-	30656
SAMPLE_003702	FRAG_003702	hg19:7:57702250-57708548:-	6299
SAMPLE_003703	FRAG_003703	hg38:14:92157098-92169767:-	12670
SAMPLE_003704	FRAG_003704	hg19:21:115276012-115300087:+	24076
SAMPLE_003705	FRAG_003705	hg38:10:104834998-104876272:-	41275
SAMPLE_003706	FRAG_003706	hg19:2:114209135-114243846:+	34712
SAMPLE_003707	FRAG_003707	hg38:6:184164189-184216882:+	52694
SAMPLE_003708	FRAG_003708	hg19:15:93955673-93967003:+	11331
SAMPLE_003709	FRAG_003709	hg38:21:4281486-4335000:+	53515
SAMPLE_003710	FRAG_003710	hg19:11:155265080-155282453:-	17374
SAMPLE_003711	FRAG_003711	hg38:22:4110807-4170903:-	60097
SAMPLE_003712	FRAG_003712	hg19:21:108831433-108919775:-	88343
SAMPLE_003713	FRAG_003713	hg38:2:115080022-115120229:-	40208
SAMPLE_003714	FRAG_003714	hg19:Y:32127351-32210965:-	83615
SAMPLE_003715	FRAG_003715	hg38:17:128116880-128166245:-	49366
SAMPLE_003716	FRAG_003716	hg19:18:30976761-31025083:+	48323
SAMPLE_003717	FRAG_003717	hg38:14:103937432-104007623:+	70192
SAMPLE_003718	FRAG_003718	hg19:5:91493803-91495213:-	1411
SAMPLE_003719	FRAG_003719	hg38:7:165958986-166026973:-	67988
SAMPLE_003720	FRAG_003720	hg19:14:125758914-125765775:-	6862
SAMPLE_003721	FRAG_003721	hg38:2:132431746-132448176:-	16431
SAMPLE_003722	FRAG_003722	hg19:12:161880944-161888006:-	7063
SAMPLE_003723	FRAG_003723	hg38:9:91586697-91642993:-	56297
SAMPLE_003724	FRAG_003724	hg19:1:72735488-72807126:+	71639
SAMPLE_003725	FRAG_003725	hg38:10:112953754-113001030:+	47277
SAMPLE_003726	FRAG_003726	hg19:15:80908765-80951814:+	43050
SAMPLE_003727	FRAG_003727	hg38:20:96897085-96912222:+	15138
SAMPLE_003728	FRAG_003728	hg19:18:107358039-107455358:+	97320
SAMPLE_003729	FRAG_003729	hg38:6:144608997-144620512:+	11516
SAMPLE_003730	FRAG_003730	hg19:5:39827663-39923423:-	95761
SAMPLE_003731	FRAG_003731	hg38:14:93713922-93750425:-	36504
SAMPLE_003732	FRAG_003732	hg19:X:66525283-66606685:-	81403
SAMPLE_003733	FRAG_003733	hg38:2:88667927-88678457:-	10531
SAMPLE_003734	FRAG_003734	hg19:2:164572080-164591813:+	19734
SAMPLE_003735	FRAG_003735	hg38:13:195722830-195790520:+	67691
SAMPLE_003736	FRAG_003736	hg19:11:82063743-82147700:-	83958
SAMPLE_003737	FRAG_003737	hg38:13:50373427-50376859:-	3433
SAMPLE_003738	FRAG_003738	hg19:Y:22282443-22368518:-	86076
SAMPLE_003739	FRAG_003739	hg38:4:154248492-154274110:-	25619
SAMPLE_003740	FRAG_003740	hg19:10:138986447-139067631:+	81185
SAMPLE_003741	FRAG_003741	hg38:X:101458315-101465214:-	6900
SAMPLE_003742	FRAG_003742	hg19:7:74762507-74820277:+	57771
SAMPLE_003743	FRAG_003743	hg38:9:181238207-181304446:+	66240
SAMPLE_003744	FRAG_003744	hg19:20:49656721-49709474:-	52754
SAMPLE_003745	FRAG_003745	hg38:9:110302298-110303459:+	1162
SAMPLE_003746	FRAG_003746	hg19:1:177419214-177474019:+	54806
SAMPLE_003747	FRAG_003747	hg38:9:125135620-125171122:-	35503
SAMPLE_003748	FRAG_003748	hg19:4:61350940-61380448:+	29509
SAMPLE_003749	FRAG_003749	hg38:X:60339729-60382775:+	43047
SAMPLE_003750	FRAG_003750	hg19:20:196465026-196503251:-	38226
SAMPLE_003751	FRAG_003751	hg38:19:171395488-171451137:-	55650
SAMPLE_003752	FRAG_003752	hg19:18:128668676-128720167:+	51492
SAMPLE_003753	FRAG_003753	hg38:11:86803462-86848603:-	45142
SAMPLE_003754	FRAG_003754	hg19:15:125003100-125023492:-	20393
SAMPLE_003755	FRAG_003755	hg38:7:188294226-188364486:+	70261
SAMPLE_003756	FRAG_003756	hg19:22:69636959-69688584:-	51626
SAMPLE_003757	FRAG_003757	hg38:2:154360743-154447841:+	87099
SAMPLE_003758	FRAG_003758	hg19:21:151679728-151743998:-	64271
SAMPLE_003759	FRAG_003759	hg38:3:143161203-143188906:-	27704
SAMPLE_003760	FRAG_003760	hg19:10:85647923-85686671:-	38749
SAMPLE_003761	FRAG_003761	hg38:22:8936179-8997938:+	61760
SAMPLE_003762	FRAG_003762	hg19:20:45757398-45834565:-	77168
SAMPLE_003763	FRAG_003763	hg38:19:112506207-112563267:+	57061
SAMPLE_003764	FRAG_003764	hg19:10:132736545-132809977:+	73433
SAMPLE_003765	FRAG_003765	hg38:13:36352248-36423210:-	70963
SAMPLE_003766	FRAG_003766	hg19:20:27032822-27049507:-	16686
SAMPLE_003767	FRAG_003767	hg38:7:30697757-30725952:-	28196
SAMPLE_003768	FRAG_003768	hg19:6:198155295-198176649:-	21355
SAMPLE_003769	FRAG_003769	hg38:18:95495888-95549932:+	54045
SAMPLE_003770	FRAG_003770	hg19:14:75861205-75940248:-	79044
SAMPLE_003771	FRAG_003771	hg38:12:29357193-29440303:-	83111
SAMPLE_003772	FRAG_003772	hg19:17:143944135-144014839:-	70705
SAMPLE_003773	FRAG_003773	hg38:8:133830779-133884226:-	53448
SAMPLE_003774	FRAG_003774	hg19:10:43135722-43195132:+	59411
SAMPLE_003775	FRAG_003775	hg38:13:1895871-1934172:-	38302
SAMPLE_003776	FRAG_003776	hg19:15:47243555-47330062:+	86508
SAMPLE_003777	FRAG_003777	hg38:13:176316335-176392876:-	76542
SAMPLE_003778	FRAG_003778	hg19:14:51700734-51755011:+	54278
SAMPLE_003779	FRAG_003779	hg38:20:38197648-38227532:+	29885
SAMPLE_003780	FRAG_003780	hg19:20:197534480-197609766:-	75287
SAMPLE_003781	FRAG_003781	hg38:1:164695298-164738398:+	43101
SAMPLE_003782	FRAG_003782	hg19:6:168905069-168980188:-	75120
SAMPLE_003783	FRAG_003783	hg38:22:100400553-100412975:+	12423
SAMPLE_003784	FRAG_003784	hg19:Y:176587938-176667256:-	79319
SAMPLE_003785	FRAG_003785	hg38:18:52816518-52884038:+	67521
SAMPLE_003786	FRAG_003786	hg19:15:195094969-195143841:+	48873
SAMPLE_003787	FRAG_003787	hg38:6:192338785-192401172:+	62388
SAMPLE_003788	FRAG_003788	hg19:11:79646735-79664620:+	17886
SAMPLE_003789	FRAG_003789	hg38:1:156048922-156076553:-	27632
SAMPLE_003790	FRAG_003790	hg19:15:184521561-184554178:-	32618
SAMPLE_003791	FRAG_003791	hg38:8:124857790-124881472:+	23683
SAMPLE_003792	FRAG_003792	hg19:20:43752798-43796715:+	43918
SAMPLE_003793	FRAG_003793	hg38:15:19748142-19843281:+	95140
SAMPLE_003794	FRAG_003794	hg19:Y:184079315-184084050:-	4736
SAMPLE_003795	FRAG_003795	hg38:17:104432367-104494497:+	62131
SAMPLE_003796	FRAG_003796	hg19:14:193193499-193228080:+	34582
SAMPLE_003797	FRAG_003797	hg38:X:174701721-174781777:+	80057
SAMPLE_003798	FRAG_003798	hg19:15:195892664-195956183:+	63520
SAMPLE_003799	FRAG_003799	hg38:10:195656115-195708832:+	52718
SAMPLE_003800	FRAG_003800	hg19:12:193367457-193420310:-	52854
SAMPLE_003801	FRAG_003801	hg38:14:28816091-28832850:+	16760
SAMPLE_003802	FRAG_003802	hg19:9:156642092-156741935:+	99844
SAMPLE_003803	FRAG_003803	hg38:Y:99372067-99394711:-	22645
SAMPLE_003804	FRAG_003804	hg19:22:39104438-39149479:+	45042
SAMPLE_003805	FRAG_003805	hg38:16:72003246-72031281:+	28036
SAMPLE_003806	FRAG_003806	hg19:11:187217987-187302638:+	84652
SAMPLE_003807	FRAG_003807	hg38:15:132956677-133050116:+	93440
SAMPLE_003808	FRAG_003808	hg19:9:80266860-80312243:-	45384
SAMPLE_003809	FRAG_003809	hg38:11:188787157-188846687:-	59531
SAMPLE_003810	FRAG_003810	hg19:19:160565586-160602168:+	36583
SAMPLE_003811	FRAG_003811	hg38:5:141064063-141083963:-	19901
SAMPLE_003812	FRAG_003812	hg19:1:100549589-100579057:-	29469
SAMPLE_003813	FRAG_003813	hg38:X:83319149-83357818:+	38670
SAMPLE_003814	FRAG_003814	hg19:19:82803386-82886970:-	83585
SAMPLE_003815	FRAG_003815	hg38:X:181731879-181790031:-	58153
SAMPLE_003816	FRAG_003816	hg19:5:187584793-187682774:+	97982
SAMPLE_003817	FRAG_003817	hg38:5:79472509-79552627:-	80119
SAMPLE_003818	FRAG_003818	hg19:9:62181280-62265240:+	83961
SAMPLE_003819	FRAG_003819	hg38:7:82324285-82401229:+	76945
SAMPLE_003820	FRAG_003820	hg19:19:70637841-70639921:-	2081
SAMPLE_003821	FRAG_003821	hg38:Y:139732264-139799425:-	67162
SAMPLE_003822	FRAG_003822	hg19:16:46744118-46825679:-	81562
SAMPLE_003823	FRAG_003823	hg38:21:158607965-158628895:-	20931
SAMPLE_003824	FRAG_003824	hg19:17:102462894-102512461:-	49568
SAMPLE_003825	FRAG_003825	hg38:21:141992199-142014865:-	22667
SAMPLE_003826	FRAG_003826	hg19:6:102971213-103035150:+	63938
SAMPLE_003827	FRAG_003827	hg38:22:92903441-92912427:+	8987
SAMPLE_003828	FRAG_003828	hg19:10:61212755-61240311:+	27557
SAMPLE_003829	FRAG_003829	hg38:9:196625511-196705785:+	80275
SAMPLE_003830	FRAG_003830	hg19:21:96697633-96723945:-	26313
SAMPLE_003831	FRAG_003831	hg38:15:172432700-172507832:+	75133
SAMPLE_003832	FRAG_003832	hg19:Y:62302958-62372154:+	69197
SAMPLE_003833	FRAG_003833	hg38:12:9815563-9903125:-	87563
SAMPLE_003834	FRAG_003834	hg19:21:89453531-89466985:+	13455
SAMPLE_003835	FRAG_003835	hg38:9:144546899-144619918:+	73020
SAMPLE_003836	FRAG_003836	hg19:2:153122953-153181993:+	59041
SAMPLE_003837	FRAG_003837	hg38:8:199490780-199524842:+	34063
SAMPLE_003838	FRAG_003838	hg19:X:66790054-66875855:+	85802
SAMPLE_003839	FRAG_003839	hg38:X:123424298-123518825:+	94528
SAMPLE_003840	FRAG_003840	hg19:2:72340302-72420641:-	80340
SAMPLE_003841	FRAG_003841	hg38:3:52006539-52104438:+	97900
SAMPLE_003842	FRAG_003842	hg19:5:82271749-82340740:+	68992
SAMPLE_003843	FRAG_003843	hg38:7:66482304-66512633:-	30330
SAMPLE_003844	FRAG_003844	hg19:15:145132026-145145405:+	13380
SAMPLE_003845	FRAG_003845	hg38:11:20610430-20694016:+	83587
SAMPLE_003846	FRAG_003846	hg19:16:119621111-119636867:+	15757
SAMPLE_003847	FRAG_003847	hg38:16:27810235-27836607:+	26373
SAMPLE_003848	FRAG_003848	hg19:20:81520157-81584518:+	64362
SAMPLE_003849	FRAG_003849	hg38:19:30936969-30993796:-	56828
SAMPLE_003850	FRAG_003850	hg19:21:159091716-159117747:-	26032
SAMPLE_003851	FRAG_003851	hg38:1:110298560-110332056:-	33497
SAMPLE_003852	FRAG_003852	hg19:16:48387415-48470637:-	83223
SAMPLE_003853	FRAG_003853	hg38:17:139029574-139093417:-	63844
SAMPLE_003854	FRAG_003854	hg19:21:71920620-71960393:+	39774
SAMPLE_003855	FRAG_003855	hg38:11:182956974-182993555:-	36582
SAMPLE_003856	FRAG_003856	hg19:21:30922515-30980691:+	58177
SAMPLE_003857	FRAG_003857	hg38:16:86686622-86687975:-	1354
SAMPLE_003858	FRAG_003858	hg19:16:48994962-49016842:+	21881
SAMPLE_003859	FRAG_003859	hg38:14:82776440-82865147:+	88708
SAMPLE_003860	FRAG_003860	hg19:15:172230407-172275789:+	45383
SAMPLE_003861	FRAG_003861	hg38:7:63224090-63238838:+	14749
SAMPLE_003862	FRAG_003862	hg19:10:82975845-83042113:-	66269
SAMPLE_003863	FRAG_003863	hg38:17:28626602-28688950:-	62349
SAMPLE_003864	FRAG_003864	hg19:20:154278906-154306968:+	28063
SAMPLE_003865	FRAG_003865	hg38:11:52513855-52534852:-	20998
SAMPLE_003866	FRAG_003866	hg19:6:164778707-164799907:+	21201
SAMPLE_003867	FRAG_003867	hg38:11:128178061-128246254:-	68194
SAMPLE_003868	FRAG_003868	hg19:Y:62397522-62433329:-	35808
SAMPLE_003869	FRAG_003869	hg38:16:100533487-100573781:+	40295
SAMPLE_003870	FRAG_003870	hg19:10:196074632-196118872:-	44241
SAMPLE_003871	FRAG_003871	hg38:Y:121717539-121759371:-	41833
SAMPLE_003872	FRAG_003872	hg19:14:106640680-106715010:-	74331
SAMPLE_003873	FRAG_003873	hg38:1:15846472-15899934:-	53463
SAMPLE_003874	FRAG_003874	hg19:12:38562249-38647393:-	85145
SAMPLE_003875	FRAG_003875	hg38:9:190069537-190072589:+	3053
SAMPLE_003876	FRAG_003876	hg19:7:193380363-193467638:-	87276
SAMPLE_003877	FRAG_003877	hg38:10:7356283-7405734:-	49452
SAMPLE_003878	FRAG_003878	hg19:14:88425437-88476058:+	50622
SAMPLE_003879	FRAG_003879	hg38:7:136007846-136089289:-	81444
SAMPLE_003880	FRAG_003880	hg19:9:20978823-20993325:+	14503
SAMPLE_003881	FRAG_003881	hg38:6:195038340-195081500:-	43161
SAMPLE_003882	FRAG_003882	hg19:Y:127130239-127208455:+	78217
SAMPLE_003883	FRAG_003883	hg38:22:185630165-185681790:-	51626
SAMPLE_003884	FRAG_003884	hg19:8:163861091-163898308:-	37218
SAMPLE_003885	FRAG_003885	hg38:2:16063138-16076932:-	13795
SAMPLE_003886	FRAG_003886	hg19:9:100173165-100244167:-	71003
SAMPLE_003887	FRAG_003887	hg38:10:127658819-127673871:+	15053
SAMPLE_003888	FRAG_003888	hg19:Y:88119522-88129718:-	10197
SAMPLE_003889	FRAG_003889	hg38:5:159325465-159345679:-	20215
SAMPLE_003890	FRAG_003890	hg19:19:151816807-151843519:+	26713
SAMPLE_003891	FRAG_003891	hg38:15:89004447-89037088:-	32642
SAMPLE_003892	FRAG_003892	hg19:18:79227295-79297396:+	70102
SAMPLE_003893	FRAG_003893	hg38:5:188703845-188713257:-	9413
SAMPLE_003894	FRAG_003894	hg19:12:58663377-58722313:+	58937
SAMPLE_003895	FRAG_003895	hg38:11:62117997-62179880:-	61884
SAMPLE_003896	FRAG_003896	hg19:12:54414677-54458824:-	44148
SAMPLE_003897	FRAG_003897	hg38:9:7211143-7290759:+	79617
SAMPLE_003898	FRAG_003898	hg19:4:111267635-111352313:-	84679
SAMPLE_003899	FRAG_003899	hg38:13:13893245-13957491:+	64247
SAMPLE_003900	FRAG_003900	hg19:17:5348995-5398446:-	49452
SAMPLE_003901	FRAG_003901	hg38:2:88797187-88863774:-	66588
SAMPLE_003902	FRAG_003902	hg19:10:90591023-90666864:+	75842
SAMPLE_003903	FRAG_003903	hg38:Y:152748390-152758791:+	10402
SAMPLE_003904	FRAG_003904	hg19:18:143743892-143759114:+	15223
SAMPLE_003905	FRAG_003905	hg38:17:155061883-155073880:-	11998
SAMPLE_003906	FRAG_003906	hg19:20:52240961-52326679:+	85719
SAMPLE_003907	FRAG_003907	hg38:22:75320359-75377343:-	56985
SAMPLE_003908	FRAG_003908	hg19:15:41857302-41954654:-	97353
SAMPLE_003909	FRAG_003909	hg38:3:174903188-174927499:-	24312
SAMPLE_003910	FRAG_003910	hg19:15:186914683-186984350:-	69668
SAMPLE_003911	FRAG_003911	hg38:1:155280015-155333134:-	53120
SAMPLE_003912	FRAG_003912	hg19:1:105675735-105757982:+	82248
SAMPLE_003913	FRAG_003913	hg38:1:87539378-87569398:-	30021
SAMPLE_003914	FRAG_003914	hg19:5:60831574-60866001:-	34428
SAMPLE_003915	FRAG_003915	hg38:18:176452823-176513320:+	60498
SAMPLE_003916	FRAG_003916	hg19:19:192905705-192952688:+	46984
SAMPLE_003917	FRAG_003917	hg38:7:56336405-56356339:-	19935
SAMPLE_003918	FRAG_003918	hg19:6:8039583-8053306:+	13724
SAMPLE_003919	FRAG_003919	hg38:5:94555017-94626304:+	71288
SAMPLE_003920	FRAG_003920	hg19:11:62768032-62809862:+	41831
SAMPLE_003921	FRAG_003921	hg38:7:44832533-44872737:-	40205
SAMPLE_003922	FRAG_003922	hg19:9:59313793-59344829:-	31037
SAMPLE_003923	FRAG_003923	hg38:1:119015217-119033713:+	18497
SAMPLE_003924	FRAG_003924	hg19:13:120172580-120176411:+	3832
SAMPLE_003925	FRAG_003925	hg38:13:120940286-120947235:-	6950
SAMPLE_003926	FRAG_003926	hg19:13:56198990-56225524:-	26535
SAMPLE_003927	FRAG_003927	hg38:19:25924718-25941555:+	16838
SAMPLE_003928	FRAG_003928	hg19:17:195486411-195562709:+	76299
SAMPLE_003929	FRAG_003929	hg38:6:57274265-57373933:+	99669
SAMPLE_003930	FRAG_003930	hg19:16:163362758-163460334:-	97577
SAMPLE_003931	FRAG_003931	hg38:Y:112435038-112477071:+	42034
SAMPLE_003932	FRAG_003932	hg19:7:137072666-137085065:-	12400
SAMPLE_003933	FRAG_003933	hg38:16:137562580-137596539:+	33960
SAMPLE_003934	FRAG_003934	hg19:15:2947659-2950274:-	2616
SAMPLE_003935	FRAG_003935	hg38:14:27861269-27914237:-	52969
SAMPLE_003936	FRAG_003936	hg19:12:18530339-18571467:-	41129
SAMPLE_003937	FRAG_003937	hg38:21:62568042-62607953:+	39912
SAMPLE_003938	FRAG_003938	hg19:21:105605594-105690448:-	84855
SAMPLE_003939	FRAG_003939	hg38:1:196858322-196894828:-	36507
SAMPLE_003940	FRAG_003940	hg19:2:67839925-67858870:+	18946
SAMPLE_003941	FRAG_003941	hg38:19:35345860-35347574:+	1715
SAMPLE_003942	FRAG_003942	hg19:5:127114386-127205989:+	91604
SAMPLE_003943	FRAG_003943	hg38:2:57324629-57403273:-	78645
SAMPLE_003944	FRAG_003944	hg19:12:112367527-112448970:+	81444
SAMPLE_003945	FRAG_003945	hg38:14:47878891-47901989:+	23099
SAMPLE_003946	FRAG_003946	hg19:Y:49751822-49839964:-	88143
SAMPLE_003947	FRAG_003947	hg38:4:9047729-9069510:-	21782
SAMPLE_003948	FRAG_003948	hg19:7:109355124-109395739:-	40616
SAMPLE_003949	FRAG_003949	hg38:9:87187306-87269320:+	82015
SAMPLE_003950	FRAG_003950	hg19:1:8649575-8693535:-	43961
SAMPLE_003951	FRAG_003951	hg38:2:39746190-39843020:-	96831
SAMPLE_003952	FRAG_003952	hg19:2:102210037-102281246:+	71210
SAMPLE_003953	FRAG_003953	hg38:6:5010012-5023633:-	13622
SAMPLE_003954	FRAG_003954	hg19:8:113711451-113724024:+	12574
SAMPLE_003955	FRAG_003955	hg38:4:125670369-125733217:-	62849
SAMPLE_003956	FRAG_003956	hg19:18:37079173-37137398:+	58226
SAMPLE_003957	FRAG_003957	hg38:10:127026950-127089871:-	62922
SAMPLE_003958	FRAG_003958	hg19:5:177194127-177236946:-	42820
SAMPLE_003959	FRAG_003959	hg38:20:193284422-193372533:+	88112
SAMPLE_003960	FRAG_003960	hg19:16:154340945-154406036:+	65092
SAMPLE_003961	FRAG_003961	hg38:5:139172865-139202109:+	29245
SAMPLE_003962	FRAG_003962	hg19:5:177955318-177985380:+	30063
SAMPLE_003963	FRAG_003963	hg38:Y:193540180-193553103:-	12924
SAMPLE_003964	FRAG_003964	hg19:10:29246983-29328093:+	81111
SAMPLE_003965	FRAG_003965	hg38:8:50560367-50593721:-	33355
SAMPLE_003966	FRAG_003966	hg19:11:125057220-125150840:-	93621
SAMPLE_003967	FRAG_003967	hg38:5:114285387-114328870:-	43484
SAMPLE_003968	FRAG_003968	hg19:22:156523063-156542596:+	19534
SAMPLE_003969	FRAG_003969	hg38:Y:170619056-170670021:+	50966
SAMPLE_003970	FRAG_003970	hg19:7:4844461-4868837:+	24377
SAMPLE_003971	FRAG_003971	hg38:21:64841825-64846795:+	4971
SAMPLE_003972	FRAG_003972	hg19:13:4144053-4186826:-	42774
SAMPLE_003973	FRAG_003973	hg38:16:51398290-51443864:-	45575
SAMPLE_003974	FRAG_003974	hg19:15:122653228-122681886:-	28659
SAMPLE_003975	FRAG_003975	hg38:18:32626831-32684983:-	58153
SAMPLE_003976	FRAG_003976	hg19:21:91556792-91624726:-	67935
SAMPLE_003977	FRAG_003977	hg38:6:92531924-92565883:-	33960
SAMPLE_003978	FRAG_003978	hg19:18:179039299-179099608:+	60310
SAMPLE_003979	FRAG_003979	hg38:22:140337577-140382951:-	45375
SAMPLE_003980	FRAG_003980	hg19:3:115491619-115540014:+	48396
SAMPLE_003981	FRAG_003981	hg38:18:26389570-26406613:+	17044
SAMPLE_003982	FRAG_003982	hg19:15:33286811-33301876:-	15066
SAMPLE_003983	FRAG_003983	hg38:5:83417847-83463909:-	46063
SAMPLE_003984	FRAG_003984	hg19:14:23271349-23344369:+	73021
SAMPLE_003985	FRAG_003985	hg38:13:53312160-53379624:+	67465
SAMPLE_003986	FRAG_003986	hg19:22:5488037-5517615:+	29579
SAMPLE_003987	FRAG_003987	hg38:Y:96009105-96107199:+	98095
SAMPLE_003988	FRAG_003988	hg19:19:141940755-142010795:+	70041
SAMPLE_003989	FRAG_003989	hg38:18:145809441-145857474:+	48034
SAMPLE_003990	FRAG_003990	hg19:X:45762543-45832624:-	70082
SAMPLE_003991	FRAG_003991	hg38:6:183642653-183656277:+	13625
SAMPLE_003992	FRAG_003992	hg19:21:166942575-167026214:+	83640
SAMPLE_003993	FRAG_003993	hg38:X:146175683-146196111:-	20429
SAMPLE_003994	FRAG_003994	hg19:7:14129763-14166755:-	36993
SAMPLE_003995	FRAG_003995	hg38:10:141055812-141107399:-	51588
SAMPLE_003996	FRAG_003996	hg19:16:87415086-87476927:+	61842
SAMPLE_003997	FRAG_003997	hg38:Y:1094922-1134741:+	39820
SAMPLE_003998	FRAG_003998	hg19:9:150184984-150278326:-	93343
SAMPLE_003999	FRAG_003999	hg38:7:165582413-165679048:+	96636
SAMPLE_004000	FRAG_004000	hg19:2:111159342-111258822:+	99481
SAMPLE_004001	FRAG_004001	hg38:5:44017575-44081110:+	63536
SAMPLE_004002	FRAG_004002	hg19:13:174432020-174453417:-	21398
SAMPLE_004003	FRAG_004003	hg38:13:52907713-52985730:+	78018
SAMPLE_004004	FRAG_004004	hg19:12:61748302-61758045:-	9744
SAMPLE_004005	FRAG_004005	hg38:5:34144107-34197223:+	53117
SAMPLE_004006	FRAG_004006	hg19:7:39227472-39286085:-	58614
SAMPLE_004007	FRAG_004007	hg38:11:171928050-171929960:+	1911
SAMPLE_004008	FRAG_004008	hg19:17:141724860-141766143:+	41284
SAMPLE_004009	FRAG_004009	hg38:21:127462448-127541386:+	78939
SAMPLE_004010	FRAG_004010	hg19:22:81214477-81272421:+	57945
SAMPLE_004011	FRAG_004011	hg38:18:164755210-164853083:-	97874
SAMPLE_004012	FRAG_004012	hg19:5:194275358-194285084:-	9727
SAMPLE_004013	FRAG_004013	hg38:9:103408585-103414454:-	5870
SAMPLE_004014	FRAG_004014	hg19:4:126232034-126314701:-	82668
SAMPLE_004015	FRAG_004015	hg38:19:191524928-191547506:-	22579
SAMPLE_004016	FRAG_004016	hg19:10:141348608-141378550:+	29943
SAMPLE_004017	FRAG_004017	hg38:3:162951423-163047835:-	96413
SAMPLE_004018	FRAG_004018	hg19:8:133749868-133837518:-	87651
SAMPLE_004019	FRAG_004019	hg38:14:172277902-172285826:+	7925
SAMPLE_004020	FRAG_004020	hg19:9:197613573-197708974:-	95402
SAMPLE_004021	FRAG_004021	hg38:9:137317847-137402266:-	84420
SAMPLE_004022	FRAG_004022	hg19:14:68444157-68532078:-	87922
SAMPLE_004023	FRAG_004023	hg38:3:28147140-28149333:-	2194
SAMPLE_004024	FRAG_004024	hg19:8:133869130-133946408:+	77279
SAMPLE_004025	FRAG_004025	hg38:19:179678286-179735639:-	57354
SAMPLE_004026	FRAG_004026	hg19:4:131959448-132052815:-	93368
SAMPLE_004027	FRAG_004027	hg38:20:180195977-180264498:-	68522
SAMPLE_004028	FRAG_004028	hg19:2:29936718-30016078:+	79361
SAMPLE_004029	FRAG_004029	hg38:19:32534014-32546953:+	12940
SAMPLE_004030	FRAG_004030	hg19:12:181552209-181628745:-	76537
SAMPLE_004031	FRAG_004031	hg38:13:11701159-11795805:-	94647
SAMPLE_004032	FRAG_004032	hg19:21:124679749-124737951:+	58203
SAMPLE_004033	FRAG_004033	hg38:13:116909719-116992546:+	82828
SAMPLE_004034	FRAG_004034	hg19:7:49516404-49591211:+	74808
SAMPLE_004035	FRAG_004035	hg38:21:27522550-27566166:-	43617
SAMPLE_004036	FRAG_004036	hg19:14:196704847-196709065:-	4219
SAMPLE_004037	FRAG_004037	hg38:9:184344556-184392055:-	47500
SAMPLE_004038	FRAG_004038	hg19:12:75257965-75291061:-	33097
SAMPLE_004039	FRAG_004039	hg38:2:123998353-124041386:-	43034
SAMPLE_004040	FRAG_004040	hg19:6:150915233-150943175:-	27943
SAMPLE_004041	FRAG_004041	hg38:Y:94560263-94613363:+	53101
SAMPLE_004042	FRAG_004042	hg19:16:90593894-90606041:-	12148
SAMPLE_004043	FRAG_004043	hg38:20:199604474-199675520:+	71047
SAMPLE_004044	FRAG_004044	hg19:11:28192018-28232603:+	40586
SAMPLE_004045	FRAG_004045	hg38:21:84999988-85053710:-	53723
SAMPLE_004046	FRAG_004046	hg19:21:103729279-103754182:+	24904
SAMPLE_004047	FRAG_004047	hg38:9:131309477-131402695:-	93219
SAMPLE_004048	FRAG_004048	hg19:11:98029542-98087420:+	57879
SAMPLE_004049	FRAG_004049	hg38:6:5275460-5318263:+	42804
SAMPLE_004050	FRAG_004050	hg19:7:84356613-84433375:-	76763
SAMPLE_004051	FRAG_004051	hg38:18:48756843-48827892:-	71050
SAMPLE_004052	FRAG_004052	hg19:20:21383740-21475417:+	91678
SAMPLE_004053	FRAG_004053	hg38:3:192036270-192048636:-	12367
SAMPLE_004054	FRAG_004054	hg19:9:193169749-193189353:-	19605
SAMPLE_004055	FRAG_004055	hg38:18:107503577-107550449:+	46873
SAMPLE_004056	FRAG_004056	hg19:13:198644289-198658370:-	14082
SAMPLE_004057	FRAG_004057	hg38:20:23068509-23143733:-	75225
SAMPLE_004058	FRAG_004058	hg19:8:11944876-12003379:+	58504
SAMPLE_004059	FRAG_004059	hg38:18:180186390-180207206:-	20817
SAMPLE_004060	FRAG_004060	hg19:1:61255331-61320644:+	65314
SAMPLE_004061	FRAG_004061	hg38:8:119207136-119237235:+	30100
SAMPLE_004062	FRAG_004062	hg19:5:80669801-80671927:+	2127
SAMPLE_004063	FRAG_004063	hg38:1:130727684-130808427:-	80744
SAMPLE_004064	FRAG_004064	hg19:14:148968642-149042059:+	73418
SAMPLE_004065	FRAG_004065	hg38:14:140202946-140227831:-	24886
SAMPLE_004066	FRAG_004066	hg19:21:104912383-104988308:-	75926
SAMPLE_004067	FRAG_004067	hg38:X:71748134-71796339:-	48206
SAMPLE_004068	FRAG_004068	hg19:12:64003361-64051637:-	48277
SAMPLE_004069	FRAG_004069	hg38:18:21680387-21727688:+	47302
SAMPLE_004070	FRAG_004070	hg19:11:67275466-67368034:+	92569
SAMPLE_004071	FRAG_004071	hg38:4:191147306-191214317:-	67012
SAMPLE_004072	FRAG_004072	hg19:18:29134081-29175669:+	41589
SAMPLE_004073	FRAG_004073	hg38:Y:193619762-193665918:+	46157
SAMPLE_004074	FRAG_004074	hg19:15:155151517-155187291:+	35775
SAMPLE_004075	FRAG_004075	hg38:15:118540089-118621696:-	81608
SAMPLE_004076	FRAG_004076	hg19:19:18356434-18414104:+	57671
SAMPLE_004077	FRAG_004077	hg38:1:121384785-121458678:+	73894
SAMPLE_004078	FRAG_004078	hg19:12:190598382-190661353:+	62972
SAMPLE_004079	FRAG_004079	hg38:3:96136820-96226711:+	89892
SAMPLE_004080	FRAG_004080	hg19:Y:153942075-153978761:-	36687
SAMPLE_004081	FRAG_004081	hg38:Y:192558813-192562926:-	4114
SAMPLE_004082	FRAG_004082	hg19:14:36797689-36890491:-	92803
SAMPLE_004083	FRAG_004083	hg38:7:122362816-122450058:-	87243
SAMPLE_004084	FRAG_004084	hg19:18:182104711-182196594:-	91884
SAMPLE_004085	FRAG_004085	hg38:11:153969921-154000902:-	30982
SAMPLE_004086	FRAG_004086	hg19:5:183890909-183962136:-	71228
SAMPLE_004087	FRAG_004087	hg38:1:15219272-15299671:-	80400
SAMPLE_004088	FRAG_004088	hg19:19:20062512-20078698:+	16187
SAMPLE_004089	FRAG_004089	hg38:17:197059981-197114705:+	54725
SAMPLE_004090	FRAG_004090	hg19:Y:67786615-67812623:+	26009
SAMPLE_004091	FRAG_004091	hg38:6:175323867-175328230:-	4364
SAMPLE_004092	FRAG_004092	hg19:Y:90064231-90080393:+	16163
SAMPLE_004093	FRAG_004093	hg38:4:155082726-155136119:-	53394
SAMPLE_004094	FRAG_004094	hg19:14:187942493-187992968:-	50476
SAMPLE_004095	FRAG_004095	hg38:5:50120896-50166391:+	45496
SAMPLE_004096	FRAG_004096	hg19:10:48623389-48670439:-	47051
SAMPLE_004097	FRAG_004097	hg38:9:25356355-25422348:+	65994
SAMPLE_004098	FRAG_004098	hg19:9:54850110-54903224:+	53115
SAMPLE_004099	FRAG_004099	hg38:12:170921611-171006943:+	85333
SAMPLE_004100	FRAG_004100	hg19:11:26240418-26300125:-	59708
SAMPLE_004101	FRAG_004101	hg38:1:17347956-17427905:+	79950
SAMPLE_004102	FRAG_004102	hg19:22:26632988-26682396:+	49409
SAMPLE_004103	FRAG_004103	hg38:1:4376510-4446361:+	69852
SAMPLE_004104	FRAG_004104	hg19:11:83212087-83263016:+	50930
SAMPLE_004105	FRAG_004105	hg38:19:101619276-101693616:+	74341
SAMPLE_004106	FRAG_004106	hg19:6:171854270-171879473:-	25204
SAMPLE_004107	FRAG_004107	hg38:6:59619284-59689934:-	70651
SAMPLE_004108	FRAG_004108	hg19:4:42519225-42609269:-	90045
SAMPLE_004109	FRAG_004109	hg38:19:119298857-119322546:+	23690
SAMPLE_004110	FRAG_004110	hg19:17:120482352-120502361:+	20010
SAMPLE_004111	FRAG_004111	hg38:20:145308175-145313756:+	5582
SAMPLE_004112	FRAG_004112	hg19:10:29930611-29969308:-	38698
SAMPLE_004113	FRAG_004113	hg38:22:159405460-159429606:+	24147
SAMPLE_004114	FRAG_004114	hg19:4:52850911-52916638:+	65728
SAMPLE_004115	FRAG_004115	hg38:20:123048767-123093489:-	44723
SAMPLE_004116	FRAG_004116	hg19:15:180504152-180519905:+	15754
SAMPLE_004117	FRAG_004117	hg38:11:99165105-99197876:+	32772
SAMPLE_004118	FRAG_004118	hg19:8:51557183-51622007:-	64825
SAMPLE_004119	FRAG_004119	hg38:2:16736808-16784272:-	47465
SAMPLE_004120	FRAG_004120	hg19:22:159681114-159774364:+	93251
SAMPLE_004121	FRAG_004121	hg38:17:179110306-179122726:-	12421
SAMPLE_004122	FRAG_004122	hg19:17:155373685-155447977:-	74293
SAMPLE_004123	FRAG_004123	hg38:18:54937296-55022100:-	84805
SAMPLE_004124	FRAG_004124	hg19:11:121233466-121251722:+	18257
SAMPLE_004125	FRAG_004125	hg38:10:115439189-115521783:-	82595
SAMPLE_004126	FRAG_004126	hg19:14:23116099-23166020:-	49922
SAMPLE_004127	FRAG_004127	hg38:1:29002784-29067670:-	64887
SAMPLE_004128	FRAG_004128	hg19:18:164655228-164719179:-	63952
SAMPLE_004129	FRAG_004129	hg38:10:78093035-78158757:+	65723
SAMPLE_004130	FRAG_004130	hg19:17:51487044-51492999:+	5956
SAMPLE_004131	FRAG_004131	hg38:10:154350440-154427939:+	77500
SAMPLE_004132	FRAG_004132	hg19:21:199442805-199484415:+	41611
SAMPLE_004133	FRAG_004133	hg38:18:13672178-13676342:-	4165
SAMPLE_004134	FRAG_004134	hg19:13:95426360-95451531:+	25172
SAMPLE_004135	FRAG_004135	hg38:22:199250345-199307703:+	57359
SAMPLE_004136	FRAG_004136	hg19:17:183840351-183889454:+	49104
SAMPLE_004137	FRAG_004137	hg38:7:123737750-123751179:+	13430
SAMPLE_004138	FRAG_004138	hg19:8:86982703-87076579:+	93877
SAMPLE_004139	FRAG_004139	hg38:X:133949426-133976612:+	27187
SAMPLE_004140	FRAG_004140	hg19:19:165555511-165639951:+	84441
SAMPLE_004141	FRAG_004141	hg38:2:56305712-56356213:+	50502
SAMPLE_004142	FRAG_004142	hg19:10:65528496-65529616:-	1121
SAMPLE_004143	FRAG_004143	hg38:6:62303095-62354701:-	51607
SAMPLE_004144	FRAG_004144	hg19:13:42856870-42863235:+	6366
SAMPLE_004145	FRAG_004145	hg38:20:167903435-167936200:-	32766
SAMPLE_004146	FRAG_004146	hg19:14:154153093-154242772:-	89680
SAMPLE_004147	FRAG_004147	hg38:7:198738566-198824699:-	86134
SAMPLE_004148	FRAG_004148	hg19:14:3745397-3836372:-	90976
SAMPLE_004149	FRAG_004149	hg38:14:75648324-75698254:+	49931
SAMPLE_004150	FRAG_004150	hg19:16:162096070-162129785:+	33716
SAMPLE_004151	FRAG_004151	hg38:21:107157761-107249030:+	91270
SAMPLE_004152	FRAG_004152	hg19:X:35598175-35657542:+	59368
SAMPLE_004153	FRAG_004153	hg38:3:31703748-31787818:+	84071
SAMPLE_004154	FRAG_004154	hg19:6:18851043-18915575:+	64533
SAMPLE_004155	FRAG_004155	hg38:18:45927164-45970573:-	43410
SAMPLE_004156	FRAG_004156	hg19:22:187567804-187662022:-	94219
SAMPLE_004157	FRAG_004157	hg38:10:77890373-77961160:-	70788
SAMPLE_004158	FRAG_004158	hg19:19:30123113-30157887:+	34775
SAMPLE_004159	FRAG_004159	hg38:13:24220488-24247480:-	26993
SAMPLE_004160	FRAG_004160	hg19:7:140110113-140127273:+	17161
SAMPLE_004161	FRAG_004161	hg38:16:30351778-30415036:+	63259
SAMPLE_004162	FRAG_004162	hg19:8:105170096-105175579:+	5484
SAMPLE_004163	FRAG_004163	hg38:3:19092650-19184062:+	91413
SAMPLE_004164	FRAG_004164	hg19:14:100563220-100644370:-	81151
SAMPLE_004165	FRAG_004165	hg38:Y:119654865-119674075:+	19211
SAMPLE_004166	FRAG_004166	hg19:22:51726092-51792601:+	66510
SAMPLE_004167	FRAG_004167	hg38:Y:12746170-12788339:+	42170
SAMPLE_004168	FRAG_004168	hg19:5:68324192-68369432:+	45241
SAMPLE_004169	FRAG_004169	hg38:12:54861384-54922442:+	61059
SAMPLE_004170	FRAG_004170	hg19:13:42096800-42147110:-	50311
SAMPLE_004171	FRAG_004171	hg38:17:61461220-61470061:+	8842
SAMPLE_004172	FRAG_004172	hg19:21:91164417-91190388:-	25972
SAMPLE_004173	FRAG_004173	hg38:1:19624824-19683064:+	58241
SAMPLE_004174	FRAG_004174	hg19:20:78257479-78327256:+	69778
SAMPLE_004175	FRAG_004175	hg38:5:86242634-86314845:+	72212
SAMPLE_004176	FRAG_004176	hg19:4:18483563-18573815:-	90253
SAMPLE_004177	FRAG_004177	hg38:17:5687368-5757895:+	70528
SAMPLE_004178	FRAG_004178	hg19:Y:100421016-100463675:+	42660
SAMPLE_004179	FRAG_004179	hg38:5:184694840-184708943:+	14104
SAMPLE_004180	FRAG_004180	hg19:1:1918304-1968769:+	50466
SAMPLE_004181	FRAG_004181	hg38:13:33116178-33190988:+	74811
SAMPLE_004182	FRAG_004182	hg19:21:152300627-152305739:+	5113
SAMPLE_004183	FRAG_004183	hg38:1:128890231-128975777:-	85547
SAMPLE_004184	FRAG_004184	hg19:10:166369419-166459782:-	90364
SAMPLE_004185	FRAG_004185	hg38:15:64798798-64897347:-	98550
SAMPLE_004186	FRAG_004186	hg19:20:93649490-93682762:-	33273
SAMPLE_004187	FRAG_004187	hg38:16:122929610-122950181:-	20572
SAMPLE_004188	FRAG_004188	hg19:8:78004336-78023762:+	19427
SAMPLE_004189	FRAG_004189	hg38:13:44034672-44068884:-	34213
SAMPLE_004190	FRAG_004190	hg19:Y:116893407-116896650:-	3244
SAMPLE_004191	FRAG_004191	hg38:5:124462074-124468150:-	6077
SAMPLE_004192	FRAG_004192	hg19:X:61930985-62002459:-	71475
SAMPLE_004193	FRAG_004193	hg38:5:95741978-95824593:+	82616
SAMPLE_004194	FRAG_004194	hg19:13:113132368-113188066:-	55699
SAMPLE_004195	FRAG_004195	hg38:Y:120156588-120216372:-	59785
SAMPLE_004196	FRAG_004196	hg19:15:91677855-91726006:-	48152
SAMPLE_004197	FRAG_004197	hg38:22:36732698-36785479:+	52782
SAMPLE_004198	FRAG_004198	hg19:8:192284384-192313320:+	28937
SAMPLE_004199	FRAG_004199	hg38:19:196771802-196797807:-	26006
SAMPLE_004200	FRAG_004200	hg19:15:110577524-110649877:-	72354
SAMPLE_004201	FRAG_004201	hg38:21:58314643-58355367:-	40725
SAMPLE_004202	FRAG_004202	hg19:5:30165561-30227694:-	62134
SAMPLE_004203	FRAG_004203	hg38:10:111627043-111709277:+	82235
SAMPLE_004204	FRAG_004204	hg19:7:91646131-91675095:+	28965
SAMPLE_004205	FRAG_004205	hg38:22:139915578-139966446:-	50869
SAMPLE_004206	FRAG_004206	hg19:6:7398265-7456826:+	58562
SAMPLE_004207	FRAG_004207	hg38:13:180044715-180119583:+	74869
SAMPLE_004208	FRAG_004208	hg19:9:183705268-183803543:+	98276
SAMPLE_004209	FRAG_004209	hg38:21:155368947-155422120:+	53174
SAMPLE_004210	FRAG_004210	hg19:5:85957322-86011729:-	54408
SAMPLE_004211	FRAG_004211	hg38:8:36045613-36142904:-	97292
SAMPLE_004212	FRAG_004212	hg19:11:165369712-165450211:+	80500
SAMPLE_004213	FRAG_004213	hg38:22:18544685-18557906:+	13222
SAMPLE_004214	FRAG_004214	hg19:1:15160697-15162332:-	1636
SAMPLE_004215	FRAG_004215	hg38:3:96749948-96791511:+	41564
SAMPLE_004216	FRAG_004216	hg19:Y:58179934-58200172:-	20239
SAMPLE_004217	FRAG_004217	hg38:3:168297480-168345550:-	48071
SAMPLE_004218	FRAG_004218	hg19:19:128530284-128589321:-	59038
SAMPLE_004219	FRAG_004219	hg38:X:78776771-78800236:-	23466
SAMPLE_004220	FRAG_004220	hg19:4:43899314-43973460:+	74147
SAMPLE_004221	FRAG_004221	hg38:6:32793620-32848538:-	54919
SAMPLE_004222	FRAG_004222	hg19:6:149262594-149336711:-	74118
SAMPLE_004223	FRAG_004223	hg38:X:186210722-186248082:+	37361
SAMPLE_004224	FRAG_004224	hg19:4:40365062-40452575:-	87514
SAMPLE_004225	FRAG_004225	hg38:4:11570544-11670090:+	99547
SAMPLE_004226	FRAG_004226	hg19:13:102836292-102898763:-	62472
SAMPLE_004227	FRAG_004227	hg38:6:158350253-158353367:-	3115
SAMPLE_004228	FRAG_004228	hg19:15:154520989-154598150:+	77162
SAMPLE_004229	FRAG_004229	hg38:15:133007707-133010808:-	3102
SAMPLE_004230	FRAG_004230	hg19:11:100312572-100324213:+	11642
SAMPLE_004231	FRAG_004231	hg38:6:168512072-168530258:-	18187
SAMPLE_004232	FRAG_004232	hg19:22:41127343-41179434:+	52092
SAMPLE_004233	FRAG_004233	hg38:22:171247877-171274214:-	26338
SAMPLE_004234	FRAG_004234	hg19:10:23299657-23393401:-	93745
SAMPLE_004235	FRAG_004235	hg38:20:5283030-5348376:-	65347
SAMPLE_004236	FRAG_004236	hg19:6:68837874-68886242:+	48369
SAMPLE_004237	FRAG_004237	hg38:17:140702295-140739526:+	37232
SAMPLE_004238	FRAG_004238	hg19:16:45797025-45839279:+	42255
SAMPLE_004239	FRAG_004239	hg38:21:189043033-189074832:-	31800
SAMPLE_004240	FRAG_004240	hg19:9:117219043-117278384:-	59342
SAMPLE_004241	FRAG_004241	hg38:2:177279788-177316048:-	36261
SAMPLE_004242	FRAG_004242	hg19:22:90367226-90378242:+	11017
SAMPLE_004243	FRAG_004243	hg38:5:3866321-3948631:+	82311
SAMPLE_004244	FRAG_004244	hg19:10:54591096-54641490:-	50395
SAMPLE_004245	FRAG_004245	hg38:13:10659154-10710560:-	51407
SAMPLE_004246	FRAG_004246	hg19:X:91096311-91145980:-	49670
SAMPLE_004247	FRAG_004247	hg38:17:110305585-110361725:-	56141
SAMPLE_004248	FRAG_004248	hg19:5:194036529-194082410:-	45882
SAMPLE_004249	FRAG_004249	hg38:18:132219417-132245200:-	25784
SAMPLE_004250	FRAG_004250	hg19:9:121762190-121773608:+	11419
SAMPLE_004251	FRAG_004251	hg38:22:137577618-137619878:+	42261
SAMPLE_004252	FRAG_004252	hg19:1:29735910-29753255:+	17346
SAMPLE_004253	FRAG_004253	hg38:3:101230656-101254368:+	23713
SAMPLE_004254	FRAG_004254	hg19:5:64604527-64679987:+	75461
SAMPLE_004255	FRAG_004255	hg38:3:195107588-195109351:+	1764
SAMPLE_004256	FRAG_004256	hg19:Y:166748337-166793549:+	45213
SAMPLE_004257	FRAG_004257	hg38:5:169074518-169151399:-	76882
SAMPLE_004258	FRAG_004258	hg19:21:179492955-179536825:+	43871
SAMPLE_004259	FRAG_004259	hg38:20:16077057-16093543:+	16487
SAMPLE_004260	FRAG_004260	hg19:7:22785041-22883328:+	98288
SAMPLE_004261	FRAG_004261	hg38:3:25584911-25679553:+	94643
SAMPLE_004262	FRAG_004262	hg19:14:63565794-63656156:+	90363
SAMPLE_004263	FRAG_004263	hg38:2:22316984-22411458:-	94475
SAMPLE_004264	FRAG_004264	hg19:11:143091875-143174353:+	82479
SAMPLE_004265	FRAG_004265	hg38:16:191116088-191142447:-	26360
SAMPLE_004266	FRAG_004266	hg19:20:50946411-51039482:-	93072
SAMPLE_004267	FRAG_004267	hg38:10:182505138-182601524:+	96387
SAMPLE_004268	FRAG_004268	hg19:15:137253648-137278385:+	24738
SAMPLE_004269	FRAG_004269	hg38:3:54075193-54098741:-	23549
SAMPLE_004270	FRAG_004270	hg19:5:155466908-155538447:+	71540
SAMPLE_004271	FRAG_004271	hg38:X:189674717-189691470:+	16754
SAMPLE_004272	FRAG_004272	hg19:7:87276617-87301632:+	25016
SAMPLE_004273	FRAG_004273	hg38:6:171536218-171588446:-	52229
SAMPLE_004274	FRAG_004274	hg19:20:137004019-137058556:-	54538
SAMPLE_004275	FRAG_004275	hg38:7:68363822-68420226:-	56405
SAMPLE_004276	FRAG_004276	hg19:Y:143418659-143450716:+	32058
SAMPLE_004277	FRAG_004277	hg38:21:68556661-68646751:-	90091
SAMPLE_004278	FRAG_004278	hg19:6:17540879-17549852:+	8974
SAMPLE_004279	FRAG_004279	hg38:16:197740153-197785770:+	45618
SAMPLE_004280	FRAG_004280	hg19:20:116452689-116552232:+	99544
SAMPLE_004281	FRAG_004281	hg38:22:120703962-120798322:+	94361
SAMPLE_004282	FRAG_004282	hg19:Y:24684513-24773420:-	88908
SAMPLE_004283	FRAG_004283	hg38:19:188388342-188436220:+	47879
SAMPLE_004284	FRAG_004284	hg19:19:196192552-196227449:-	34898
SAMPLE_004285	FRAG_004285	hg38:15:129969495-130016932:-	47438
SAMPLE_004286	FRAG_004286	hg19:16:132288414-132328266:-	39853
SAMPLE_004287	FRAG_004287	hg38:18:52079255-52177398:+	98144
SAMPLE_004288	FRAG_004288	hg19:19:12462054-12484907:-	22854
SAMPLE_004289	FRAG_004289	hg38:14:124920602-124982042:-	61441
SAMPLE_004290	FRAG_004290	hg19:13:125659433-125720700:-	61268
SAMPLE_004291	FRAG_004291	hg38:5:199067568-199086690:-	19123
SAMPLE_004292	FRAG_004292	hg19:14:38428498-38432205:-	3708
SAMPLE_004293	FRAG_004293	hg38:13:41099943-41183304:-	83362
SAMPLE_004294	FRAG_004294	hg19:12:117603333-117605660:+	2328
SAMPLE_004295	FRAG_004295	hg38:5:50367862-50446078:+	78217
SAMPLE_004296	FRAG_004296	hg19:4:106036551-106039198:-	2648
SAMPLE_004297	FRAG_004297	hg38:5:91547364-91583369:+	36006
SAMPLE_004298	FRAG_004298	hg19:1:106288949-106354633:+	65685
SAMPLE_004299	FRAG_004299	hg38:10:75536365-75608865:+	72501
SAMPLE_004300	FRAG_004300	hg19:7:163893344-163957614:-	64271
SAMPLE_004301	FRAG_004301	hg38:14:43901529-43959058:-	57530
SAMPLE_004302	FRAG_004302	hg19:22:95856876-95865207:+	8332
SAMPLE_004303	FRAG_004303	hg38:3:190521902-190564774:-	42873
SAMPLE_004304	FRAG_004304	hg19:20:38977656-39016076:+	38421
SAMPLE_004305	FRAG_004305	hg38:17:59090467-59155745:-	65279
SAMPLE_004306	FRAG_004306	hg19:16:83680180-83682378:+	2199
SAMPLE_004307	FRAG_004307	hg38:11:84379252-84462386:-	83135
SAMPLE_004308	FRAG_004308	hg19:20:161823929-161840398:+	16470
SAMPLE_004309	FRAG_004309	hg38:17:92562593-92600040:-	37448
SAMPLE_004310	FRAG_004310	hg19:X:100205030-100222323:-	17294
SAMPLE_004311	FRAG_004311	hg38:3:121011642-121014462:-	2821
SAMPLE_004312	FRAG_004312	hg19:14:57225412-57258169:-	32758
SAMPLE_004313	FRAG_004313	hg38:X:84896022-84927118:-	31097
SAMPLE_004314	FRAG_004314	hg19:9:92471351-92544594:-	73244
SAMPLE_004315	FRAG_004315	hg38:X:35126962-35152938:-	25977
SAMPLE_004316	FRAG_004316	hg19:21:62452043-62527551:+	75509
SAMPLE_004317	FRAG_004317	hg38:8:152209160-152273699:-	64540
SAMPLE_004318	FRAG_004318	hg19:1:138159904-138201488:+	41585
SAMPLE_004319	FRAG_004319	hg38:13:40823864-40922692:-	98829
SAMPLE_004320	FRAG_004320	hg19:3:132785831-132855697:-	69867
SAMPLE_004321	FRAG_004321	hg38:20:72405797-72501693:+	95897
SAMPLE_004322	FRAG_004322	hg19:15:52856823-52908384:-	51562
SAMPLE_004323	FRAG_004323	hg38:X:98652109-98671362:+	19254
SAMPLE_004324	FRAG_004324	hg19:16:60950580-60983399:+	32820
SAMPLE_004325	FRAG_004325	hg38:11:167605142-167652324:-	47183
SAMPLE_004326	FRAG_004326	hg19:18:74217800-74237451:-	19652
SAMPLE_004327	FRAG_004327	hg38:16:163341984-163383661:+	41678
SAMPLE_004328	FRAG_004328	hg19:21:161413589-161438755:+	25167
SAMPLE_004329	FRAG_004329	hg38:10:17257243-17353872:+	96630
SAMPLE_004330	FRAG_004330	hg19:17:76821274-76887850:+	66577
SAMPLE_004331	FRAG_004331	hg38:13:189078253-189134194:+	55942
SAMPLE_004332	FRAG_004332	hg19:10:55825265-55859972:+	34708
SAMPLE_004333	FRAG_004333	hg38:10:8736640-8740452:-	3813
SAMPLE_004334	FRAG_004334	hg19:3:125806240-125855056:+	48817
SAMPLE_004335	FRAG_004335	hg38:15:103547566-103630101:+	82536
SAMPLE_004336	FRAG_004336	hg19:20:85312091-85370804:+	58714
SAMPLE_004337	FRAG_004337	hg38:9:75074616-75134876:+	60261
SAMPLE_004338	FRAG_004338	hg19:X:122690781-122770780:-	80000
SAMPLE_004339	FRAG_004339	hg38:6:35503534-35580904:-	77371
SAMPLE_004340	FRAG_004340	hg19:1:15072321-15089061:-	16741
SAMPLE_004341	FRAG_004341	hg38:18:100004901-100067934:+	63034
SAMPLE_004342	FRAG_004342	hg19:11:101671093-101766029:+	94937
SAMPLE_004343	FRAG_004343	hg38:21:174497436-174554854:-	57419
SAMPLE_004344	FRAG_004344	hg19:13:88673828-88697657:+	23830
SAMPLE_004345	FRAG_004345	hg38:21:87976888-88014468:+	37581
SAMPLE_004346	FRAG_004346	hg19:17:195018884-195026704:+	7821
SAMPLE_004347	FRAG_004347	hg38:16:19225333-19234204:+	8872
SAMPLE_004348	FRAG_004348	hg19:5:141332844-141346745:+	13902
SAMPLE_004349	FRAG_004349	hg38:X:25658321-25689623:-	31303
SAMPLE_004350	FRAG_004350	hg19:12:22785878-22830700:-	44823
SAMPLE_004351	FRAG_004351	hg38:11:19676806-19775720:-	98915
SAMPLE_004352	FRAG_004352	hg19:13:17683384-17755331:-	71948
SAMPLE_004353	FRAG_004353	hg38:21:187451672-187504074:+	52403
SAMPLE_004354	FRAG_004354	hg19:18:56634475-56646701:-	12227
SAMPLE_004355	FRAG_004355	hg38:6:70995804-71011408:+	15605
SAMPLE_004356	FRAG_004356	hg19:8:174076062-174083968:+	7907
SAMPLE_004357	FRAG_004357	hg38:2:188176760-188261525:+	84766
SAMPLE_004358	FRAG_004358	hg19:16:12321501-12327556:+	6056
SAMPLE_004359	FRAG_004359	hg38:8:37956345-37976849:-	20505
SAMPLE_004360	FRAG_004360	hg19:11:171276823-171328115:-	51293
SAMPLE_004361	FRAG_004361	hg38:1:78749484-78816862:-	67379
SAMPLE_004362	FRAG_004362	hg19:1:192862141-192950411:-	88271
SAMPLE_004363	FRAG_004363	hg38:18:11772320-11781726:+	9407
SAMPLE_004364	FRAG_004364	hg19:19:57059151-57064369:+	5219
SAMPLE_004365	FRAG_004365	hg38:19:2919951-2984867:-	64917
SAMPLE_004366	FRAG_004366	hg19:X:157117555-157128621:-	11067
SAMPLE_004367	FRAG_004367	hg38:17:107617594-107639612:+	22019
SAMPLE_004368	FRAG_004368	hg19:5:2972984-3043767:-	70784
SAMPLE_004369	FRAG_004369	hg38:9:101475547-101548956:-	73410
SAMPLE_004370	FRAG_004370	hg19:6:164106353-164133274:-	26922
SAMPLE_004371	FRAG_004371	hg38:11:88793984-88820143:-	26160
SAMPLE_004372	FRAG_004372	hg19:13:175607235-175623353:-	16119
SAMPLE_004373	FRAG_004373	hg38:15:120599656-120603932:-	4277
SAMPLE_004374	FRAG_004374	hg19:7:31250929-31275654:+	24726
SAMPLE_004375	FRAG_004375	hg38:13:56185817-56200305:+	14489
SAMPLE_004376	FRAG_004376	hg19:19:81157453-81254382:+	96930
SAMPLE_004377	FRAG_004377	hg38:19:97888643-97928905:-	40263
SAMPLE_004378	FRAG_004378	hg19:2:169072173-169157584:+	85412
SAMPLE_004379	FRAG_004379	hg38:19:59198432-59232004:+	33573
SAMPLE_004380	FRAG_004380	hg19:10:59095754-59097873:+	2120
SAMPLE_004381	FRAG_004381	hg38:11:135108397-135135943:-	27547
SAMPLE_004382	FRAG_004382	hg19:Y:123912389-123955795:-	43407
SAMPLE_004383	FRAG_004383	hg38:20:45360914-45460222:-	99309
SAMPLE_004384	FRAG_004384	hg19:16:161186275-161260283:-	74009
SAMPLE_004385	FRAG_004385	hg38:22:21850488-21883560:+	33073
SAMPLE_004386	FRAG_004386	hg19:1:167235834-167240422:+	4589
SAMPLE_004387	FRAG_004387	hg38:1:1002545-1038988:-	36444
SAMPLE_004388	FRAG_004388	hg19:15:196621862-196672354:+	50493
SAMPLE_004389	FRAG_004389	hg38:4:99797607-99805123:+	7517
SAMPLE_004390	FRAG_004390	hg19:21:114592667-114618172:-	25506
SAMPLE_004391	FRAG_004391	hg38:3:113068320-113105516:+	37197
SAMPLE_004392	FRAG_004392	hg19:10:33232795-33237880:-	5086
SAMPLE_004393	FRAG_004393	hg38:5:123655580-123690514:+	34935
SAMPLE_004394	FRAG_004394	hg19:4:184026975-184110928:+	83954
SAMPLE_004395	FRAG_004395	hg38:16:4850449-4873830:+	23382
SAMPLE_004396	FRAG_004396	hg19:3:64029402-64124903:-	95502
SAMPLE_004397	FRAG_004397	hg38:19:150637952-150729535:-	91584
SAMPLE_004398	FRAG_004398	hg19:9:189677034-189680489:-	3456
SAMPLE_004399	FRAG_004399	hg38:3:186704056-186800425:+	96370
SAMPLE_004400	FRAG_004400	hg19:7:107713545-107722584:-	9040
SAMPLE_004401	FRAG_004401	hg38:1:134526087-134531456:-	5370
SAMPLE_004402	FRAG_004402	hg19:15:47982348-48036904:+	54557
SAMPLE_004403	FRAG_004403	hg38:19:177257413-177263683:+	6271
SAMPLE_004404	FRAG_004404	hg19:9:76582996-76676543:-	93548
SAMPLE_004405	FRAG_004405	hg38:7:7553281-7588813:-	35533
SAMPLE_004406	FRAG_004406	hg19:7:186133277-186164554:-	31278
SAMPLE_004407	FRAG_004407	hg38:1:12844204-12929923:-	85720
SAMPLE_004408	FRAG_004408	hg19:18:132138135-132230770:+	92636
SAMPLE_004409	FRAG_004409	hg38:X:13695529-13793352:-	97824
SAMPLE_004410	FRAG_004410	hg19:12:161537577-161549664:-	12088
SAMPLE_004411	FRAG_004411	hg38:15:147187465-147249892:+	62428
SAMPLE_004412	FRAG_004412	hg19:12:100662642-100749465:+	86824
SAMPLE_004413	FRAG_004413	hg38:11:172614595-172711457:-	96863
SAMPLE_004414	FRAG_004414	hg19:14:156749416-156772716:-	23301
SAMPLE_004415	FRAG_004415	hg38:12:94264441-94326214:-	61774
SAMPLE_004416	FRAG_004416	hg19:5:133744198-133832863:-	88666
SAMPLE_004417	FRAG_004417	hg38:12:24205053-24262137:-	57085
SAMPLE_004418	FRAG_004418	hg19:5:97279393-97323513:-	44121
SAMPLE_004419	FRAG_004419	hg38:15:145743563-145842851:+	99289
SAMPLE_004420	FRAG_004420	hg19:2:136923064-136968580:+	45517
SAMPLE_004421	FRAG_004421	hg38:20:146011797-146057076:+	45280
SAMPLE_004422	FRAG_004422	hg19:19:56247448-56266234:-	18787
SAMPLE_004423	FRAG_004423	hg38:3:31032547-31087962:+	55416
SAMPLE_004424	FRAG_004424	hg19:17:155475101-155489207:+	14107
SAMPLE_004425	FRAG_004425	hg38:9:179412119-179484766:+	72648
SAMPLE_004426	FRAG_004426	hg19:Y:184612721-184642944:-	30224
SAMPLE_004427	FRAG_004427	hg38:16:88372331-88388155:-	15825
SAMPLE_004428	FRAG_004428	hg19:18:141424231-141476498:-	52268
SAMPLE_004429	FRAG_004429	hg38:8:95256911-95333041:-	76131
SAMPLE_004430	FRAG_004430	hg19:X:29568680-29667688:+	99009
SAMPLE_004431	FRAG_004431	hg38:21:122776843-122861739:+	84897
SAMPLE_004432	FRAG_004432	hg19:X:51554753-51653991:+	99239
SAMPLE_004433	FRAG_004433	hg38:17:133930021-133944649:+	14629
SAMPLE_004434	FRAG_004434	hg19:3:83290481-83382066:+	91586
SAMPLE_004435	FRAG_004435	hg38:13:57168515-57208710:+	40196
SAMPLE_004436	FRAG_004436	hg19:7:5354023-5357602:+	3580
SAMPLE_004437	FRAG_004437	hg38:10:56589600-56605968:+	16369
SAMPLE_004438	FRAG_004438	hg19:22:18991040-19000889:-	9850
SAMPLE_004439	FRAG_004439	hg38:15:114257623-114273713:-	16091
SAMPLE_004440	FRAG_004440	hg19:22:3836946-3890267:-	53322
SAMPLE_004441	FRAG_004441	hg38:11:101640731-101692052:+	51322
SAMPLE_004442	FRAG_004442	hg19:10:167230742-167287408:-	56667
SAMPLE_004443	FRAG_004443	hg38:21:160272471-160353553:+	81083
SAMPLE_004444	FRAG_004444	hg19:22:9460558-9525457:-	64900
SAMPLE_004445	FRAG_004445	hg38:11:9332322-9378892:-	46571
SAMPLE_004446	FRAG_004446	hg19:X:104013520-104076094:+	62575
SAMPLE_004447	FRAG_004447	hg38:14:158605091-158695845:-	90755
SAMPLE_004448	FRAG_004448	hg19:22:8335838-8400602:-	64765
SAMPLE_004449	FRAG_004449	hg38:2:24307881-24372270:-	64390
SAMPLE_004450	FRAG_004450	hg19:9:25709172-25780939:+	71768
SAMPLE_004451	FRAG_004451	hg38:8:193094690-193190121:+	95432
SAMPLE_004452	FRAG_004452	hg19:15:91565479-91615765:+	50287
SAMPLE_004453	FRAG_004453	hg38:20:10218650-10280658:-	62009
SAMPLE_004454	FRAG_004454	hg19:10:189989320-190062252:-	72933
SAMPLE_004455	FRAG_004455	hg38:7:111221502-111302442:+	80941
SAMPLE_004456	FRAG_004456	hg19:1:35462859-35552988:+	90130
SAMPLE_004457	FRAG_004457	hg38:17:19548784-19607535:+	58752
SAMPLE_004458	FRAG_004458	hg19:15:188134691-188171200:-	36510
SAMPLE_004459	FRAG_004459	hg38:18:195436103-195522284:+	86182
SAMPLE_004460	FRAG_004460	hg19:9:32586415-32663677:-	77263
SAMPLE_004461	FRAG_004461	hg38:6:79756136-79815843:+	59708
SAMPLE_004462	FRAG_004462	hg19:2:162362014-162400561:-	38548
SAMPLE_004463	FRAG_004463	hg38:14:185363447-185378321:+	14875
SAMPLE_004464	FRAG_004464	hg19:3:130425132-130451730:-	26599
SAMPLE_004465	FRAG_004465	hg38:8:104966038-104967283:+	1246
SAMPLE_004466	FRAG_004466	hg19:13:82141765-82148014:+	6250
SAMPLE_004467	FRAG_004467	hg38:8:184350310-184395382:-	45073
SAMPLE_004468	FRAG_004468	hg19:8:120364230-120458291:+	94062
SAMPLE_004469	FRAG_004469	hg38:4:38367641-38389692:+	22052
SAMPLE_004470	FRAG_004470	hg19:Y:152067625-152147449:+	79825
SAMPLE_004471	FRAG_004471	hg38:15:99428742-99494271:-	65530
SAMPLE_004472	FRAG_004472	hg19:1:141975649-142069000:-	93352
SAMPLE_004473	FRAG_004473	hg38:21:29542234-29613968:-	71735
SAMPLE_004474	FRAG_004474	hg19:16:75867241-75872135:-	4895
SAMPLE_004475	FRAG_004475	hg38:18:114348277-114440794:+	92518
SAMPLE_004476	FRAG_004476	hg19:3:71538281-71550215:-	11935
SAMPLE_004477	FRAG_004477	hg38:16:137127260-137180361:+	53102
SAMPLE_004478	FRAG_004478	hg19:5:7471785-7488145:+	16361
SAMPLE_004479	FRAG_004479	hg38:3:51141251-51216516:+	75266
SAMPLE_004480	FRAG_004480	hg19:15:147543987-147630975:-	86989
SAMPLE_004481	FRAG_004481	hg38:18:129279867-129314838:+	34972
SAMPLE_004482	FRAG_004482	hg19:22:157261785-157286599:-	24815
SAMPLE_004483	FRAG_004483	hg38:4:11671856-11745711:+	73856
SAMPLE_004484	FRAG_004484	hg19:7:81622738-81642555:+	19818
SAMPLE_004485	FRAG_004485	hg38:Y:105880352-105972794:+	92443
SAMPLE_004486	FRAG_004486	hg19:12:137954703-137963065:+	8363
SAMPLE_004487	FRAG_004487	hg38:4:179754175-179823429:-	69255
SAMPLE_004488	FRAG_004488	hg19:19:3377665-3447700:-	70036
SAMPLE_004489	FRAG_004489	hg38:5:66411316-66453696:-	42381
SAMPLE_004490	FRAG_004490	hg19:7:179250900-179276127:-	25228
SAMPLE_004491	FRAG_004491	hg38:16:58478068-58541315:+	63248
SAMPLE_004492	FRAG_004492	hg19:6:149453543-149504879:+	51337
SAMPLE_004493	FRAG_004493	hg38:5:35079379-35167313:+	87935
SAMPLE_004494	FRAG_004494	hg19:3:138810625-138873735:+	63111
SAMPLE_004495	FRAG_004495	hg38:19:67321762-67343852:-	22091
SAMPLE_004496	FRAG_004496	hg19:21:61489794-61537704:-	47911
SAMPLE_004497	FRAG_004497	hg38:14:116929499-116937819:+	8321
SAMPLE_004498	FRAG_004498	hg19:11:8426331-8478554:+	52224
SAMPLE_004499	FRAG_004499	hg38:22:101309561-101405283:-	95723
SAMPLE_004500	FRAG_004500	hg19:15:61323098-61403083:+	79986
SAMPLE_004501	FRAG_004501	hg38:16:137780557-137861651:-	81095
SAMPLE_004502	FRAG_004502	hg19:21:171548979-171648493:+	99515
SAMPLE_004503	FRAG_004503	hg38:8:140924261-141003269:-	79009
SAMPLE_004504	FRAG_004504	hg19:16:117163169-117173505:+	10337
SAMPLE_004505	FRAG_004505	hg38:14:151776618-151785811:+	9194
SAMPLE_004506	FRAG_004506	hg19:X:173174534-173194112:+	19579
SAMPLE_004507	FRAG_004507	hg38:12:106566899-106603755:-	36857
SAMPLE_004508	FRAG_004508	hg19:15:92666046-92751763:-	85718
SAMPLE_004509	FRAG_004509	hg38:18:88801953-88881789:-	79837
SAMPLE_004510	FRAG_004510	hg19:16:131939462-132006996:-	67535
SAMPLE_004511	FRAG_004511	hg38:X:187629633-187707406:+	77774
SAMPLE_004512	FRAG_004512	hg19:16:25424322-25469002:-	44681
SAMPLE_004513	FRAG_004513	hg38:11:139780481-139850807:+	70327
SAMPLE_004514	FRAG_004514	hg19:9:72997508-73080467:-	82960
SAMPLE_004515	FRAG_004515	hg38:10:138846415-138924827:+	78413
SAMPLE_004516	FRAG_004516	hg19:11:65267418-65310405:+	42988
SAMPLE_004517	FRAG_004517	hg38:12:52498413-52539065:-	40653
SAMPLE_004518	FRAG_004518	hg19:17:111471725-111560841:-	89117
SAMPLE_004519	FRAG_004519	hg38:9:114775861-114854709:+	78849
SAMPLE_004520	FRAG_004520	hg19:20:185772762-185791516:-	18755
SAMPLE_004521	FRAG_004521	hg38:7:185141263-185231822:-	90560
SAMPLE_004522	FRAG_004522	hg19:X:149418821-149490462:-	71642
SAMPLE_004523	FRAG_004523	hg38:7:157162065-157223209:+	61145
SAMPLE_004524	FRAG_004524	hg19:4:195009723-195105195:-	95473
SAMPLE_004525	FRAG_004525	hg38:21:56226253-56259130:-	32878
SAMPLE_004526	FRAG_004526	hg19:6:134400526-134485891:-	85366
SAMPLE_004527	FRAG_004527	hg38:8:131014919-131066749:-	51831
SAMPLE_004528	FRAG_004528	hg19:19:145259526-145320197:-	60672
SAMPLE_004529	FRAG_004529	hg38:5:163667526-163701412:+	33887
SAMPLE_004530	FRAG_004530	hg19:9:102082597-102099405:-	16809
SAMPLE_004531	FRAG_004531	hg38:1:51714996-51724217:-	9222
SAMPLE_004532	FRAG_004532	hg19:16:148812423-148872528:-	60106
SAMPLE_004533	FRAG_004533	hg38:17:113875283-113950159:+	74877
SAMPLE_004534	FRAG_004534	hg19:9:115811803-115818985:-	7183
SAMPLE_004535	FRAG_004535	hg38:20:128874103-128888768:-	14666
SAMPLE_004536	FRAG_004536	hg19:13:33063213-33104756:+	41544
SAMPLE_004537	FRAG_004537	hg38:6:97995106-98011715:+	16610
SAMPLE_004538	FRAG_004538	hg19:2:75452190-75461900:+	9711
SAMPLE_004539	FRAG_004539	hg38:18:73051913-73122564:+	70652
SAMPLE_004540	FRAG_004540	hg19:4:185341142-185439030:-	97889
SAMPLE_004541	FRAG_004541	hg38:7:178247112-178252845:+	5734
SAMPLE_004542	FRAG_004542	hg19:1:91625390-91640494:-	15105
SAMPLE_004543	FRAG_004543	hg38:10:65607118-65663952:+	56835
SAMPLE_004544	FRAG_004544	hg19:8:163044094-163125636:-	81543
SAMPLE_004545	FRAG_004545	hg38:18:64448030-64494869:+	46840
SAMPLE_004546	FRAG_004546	hg19:1:157798520-157871594:-	73075
SAMPLE_004547	FRAG_004547	hg38:8:103883793-103906815:+	23023
SAMPLE_004548	FRAG_004548	hg19:18:5681667-5762945:+	81279
SAMPLE_004549	FRAG_004549	hg38:3:199764672-199840044:-	75373
SAMPLE_004550	FRAG_004550	hg19:16:26684887-26701712:+	16826
SAMPLE_004551	FRAG_004551	hg38:14:65967958-65997420:-	29463
SAMPLE_004552	FRAG_004552	hg19:20:47585123-47607333:+	22211
SAMPLE_004553	FRAG_004553	hg38:9:1850500-1865074:+	14575
SAMPLE_004554	FRAG_004554	hg19:22:117821307-117862240:-	40934
SAMPLE_004555	FRAG_004555	hg38:15:63325540-63354008:+	28469
SAMPLE_004556	FRAG_004556	hg19:3:192240133-192294179:-	54047
SAMPLE_004557	FRAG_004557	hg38:15:199417929-199438139:-	20211
SAMPLE_004558	FRAG_004558	hg19:20:103049130-103148023:+	98894
SAMPLE_004559	FRAG_004559	hg38:18:56063832-56099946:-	36115
SAMPLE_004560	FRAG_004560	hg19:14:92882433-92951605:-	69173
SAMPLE_004561	FRAG_004561	hg38:1:137246920-137312828:-	65909
SAMPLE_004562	FRAG_004562	hg19:15:56155320-56235321:-	80002
SAMPLE_004563	FRAG_004563	hg38:5:21765348-21858050:-	92703
SAMPLE_004564	FRAG_004564	hg19:6:56601280-56654732:+	53453
SAMPLE_004565	FRAG_004565	hg38:11:109743817-109790619:-	46803
SAMPLE_004566	FRAG_004566	hg19:8:79028499-79122705:+	94207
SAMPLE_004567	FRAG_004567	hg38:13:127087629-127166828:+	79200
SAMPLE_004568	FRAG_004568	hg19:22:66517819-66592152:+	74334
SAMPLE_004569	FRAG_004569	hg38:15:6873183-6967145:-	93963
SAMPLE_004570	FRAG_004570	hg19:19:97508069-97553811:-	45743
SAMPLE_004571	FRAG_004571	hg38:1:118116201-118181050:-	64850
SAMPLE_004572	FRAG_004572	hg19:14:118403561-118415785:-	12225
SAMPLE_004573	FRAG_004573	hg38:12:73241790-73272246:-	30457
SAMPLE_004574	FRAG_004574	hg19:9:43439162-43502382:+	63221
SAMPLE_004575	FRAG_004575	hg38:8:174143271-174220511:+	77241
SAMPLE_004576	FRAG_004576	hg19:2:98864009-98914504:+	50496
SAMPLE_004577	FRAG_004577	hg38:8:190811930-190824221:+	12292
SAMPLE_004578	FRAG_004578	hg19:3:187646607-187727774:+	81168
SAMPLE_004579	FRAG_004579	hg38:9:141996760-142007647:-	10888
SAMPLE_004580	FRAG_004580	hg19:15:79692608-79712640:+	20033
SAMPLE_004581	FRAG_004581	hg38:14:50934382-50971386:+	37005
SAMPLE_004582	FRAG_004582	hg19:14:45729076-45770416:+	41341
SAMPLE_004583	FRAG_004583	hg38:8:167683560-167696153:+	12594
SAMPLE_004584	FRAG_004584	hg19:19:199936156-200022457:+	86302
SAMPLE_004585	FRAG_004585	hg38:10:127231333-127303651:-	72319
SAMPLE_004586	FRAG_004586	hg19:6:5612207-5643671:+	31465
SAMPLE_004587	FRAG_004587	hg38:20:21682273-21776164:+	93892
SAMPLE_004588	FRAG_004588	hg19:4:48977629-49013392:+	35764
SAMPLE_004589	FRAG_004589	hg38:15:100034050-100107089:+	73040
SAMPLE_004590	FRAG_004590	hg19:5:51145544-51215990:+	70447
SAMPLE_004591	FRAG_004591	hg38:1:47115746-47158906:-	43161
SAMPLE_004592	FRAG_004592	hg19:17:135462832-135466046:+	3215
SAMPLE_004593	FRAG_004593	hg38:13:45829061-45847248:+	18188
SAMPLE_004594	FRAG_004594	hg19:16:36511591-36532525:+	20935
SAMPLE_004595	FRAG_004595	hg38:20:155045579-155094206:-	48628
SAMPLE_004596	FRAG_004596	hg19:15:123123143-123155858:+	32716
SAMPLE_004597	FRAG_004597	hg38:X:192509824-192524724:+	14901
SAMPLE_004598	FRAG_004598	hg19:6:163674772-163759174:+	84403
SAMPLE_004599	FRAG_004599	hg38:3:37481520-37531488:+	49969
SAMPLE_004600	FRAG_004600	hg19:10:142973647-143034540:-	60894
SAMPLE_004601	FRAG_004601	hg38:22:107036546-107135907:-	99362
SAMPLE_004602	FRAG_004602	hg19:17:174772565-174834224:-	61660
SAMPLE_004603	FRAG_004603	hg38:20:193832180-193908369:-	76190
SAMPLE_004604	FRAG_004604	hg19:9:110435308-110504419:+	69112
SAMPLE_004605	FRAG_004605	hg38:17:34887249-34953248:+	66000
SAMPLE_004606	FRAG_004606	hg19:7:162007107-162017228:-	10122
SAMPLE_004607	FRAG_004607	hg38:10:163241249-163256891:-	15643
SAMPLE_004608	FRAG_004608	hg19:13:81401241-81451015:-	49775
SAMPLE_004609	FRAG_004609	hg38:1:131787550-131829277:+	41728
SAMPLE_004610	FRAG_004610	hg19:1:117913717-117942471:+	28755
SAMPLE_004611	FRAG_004611	hg38:15:38539387-38617274:-	77888
SAMPLE_004612	FRAG_004612	hg19:13:39202480-39235025:+	32546
SAMPLE_004613	FRAG_004613	hg38:8:68892682-68950725:-	58044
SAMPLE_004614	FRAG_004614	hg19:13:192365026-192426650:-	61625
SAMPLE_004615	FRAG_004615	hg38:12:125365961-125393289:+	27329
SAMPLE_004616	FRAG_004616	hg19:14:66864934-66872163:+	7230
SAMPLE_004617	FRAG_004617	hg38:21:80300688-80314462:-	13775
SAMPLE_004618	FRAG_004618	hg19:2:125846489-125892935:-	46447
SAMPLE_004619	FRAG_004619	hg38:21:21971110-22028413:-	57304
SAMPLE_004620	FRAG_004620	hg19:12:149070802-149138483:-	67682
SAMPLE_004621	FRAG_004621	hg38:2:19188020-19251362:-	63343
SAMPLE_004622	FRAG_004622	hg19:11:84306735-84332593:+	25859
SAMPLE_004623	FRAG_004623	hg38:1:40175209-40188985:-	13777
SAMPLE_004624	FRAG_004624	hg19:2:137769665-137773399:+	3735
SAMPLE_004625	FRAG_004625	hg38:21:100661075-100729874:+	68800
SAMPLE_004626	FRAG_004626	hg19:15:90668429-90721804:-	53376
SAMPLE_004627	FRAG_004627	hg38:12:88656167-88738162:-	81996
SAMPLE_004628	FRAG_004628	hg19:12:139780464-139787636:+	7173
SAMPLE_004629	FRAG_004629	hg38:15:131866801-131966717:-	99917
SAMPLE_004630	FRAG_004630	hg19:17:179863916-179869154:+	5239
SAMPLE_004631	FRAG_004631	hg38:5:89624518-89674552:-	50035
SAMPLE_004632	FRAG_004632	hg19:Y:171511460-171606664:-	95205
SAMPLE_004633	FRAG_004633	hg38:5:53703073-53722211:+	19139
SAMPLE_004634	FRAG_004634	hg19:20:75023715-75074531:-	50817
SAMPLE_004635	FRAG_004635	hg38:8:12814763-12820752:-	5990
SAMPLE_004636	FRAG_004636	hg19:1:53208936-53226859:-	17924
SAMPLE_004637	FRAG_004637	hg38:19:113095707-113121589:+	25883
SAMPLE_004638	FRAG_004638	hg19:14:153521491-153593693:-	72203
SAMPLE_004639	FRAG_004639	hg38:7:18778014-18778587:+	574
SAMPLE_004640	FRAG_004640	hg19:2:196216446-196251745:-	35300
SAMPLE_004641	FRAG_004641	hg38:3:126710098-126739314:+	29217
SAMPLE_004642	FRAG_004642	hg19:22:31665266-31730446:+	65181
SAMPLE_004643	FRAG_004643	hg38:22:93002798-93063538:-	60741
SAMPLE_004644	FRAG_004644	hg19:16:155898922-155933248:-	34327
SAMPLE_004645	FRAG_004645	hg38:21:88653053-88740707:+	87655
SAMPLE_004646	FRAG_004646	hg19:22:193351210-193441094:-	89885
SAMPLE_004647	FRAG_004647	hg38:20:61719802-61752452:+	32651
SAMPLE_004648	FRAG_004648	hg19:14:74065053-74128911:-	63859
SAMPLE_004649	FRAG_004649	hg38:17:134915569-134955464:-	39896
SAMPLE_004650	FRAG_004650	hg19:2:81622573-81700626:-	78054
SAMPLE_004651	FRAG_004651	hg38:4:149985459-150005352:+	19894
SAMPLE_004652	FRAG_004652	hg19:8:125647353-125680454:+	33102
SAMPLE_004653	FRAG_004653	hg38:4:146548193-146640099:-	91907
SAMPLE_004654	FRAG_004654	hg19:14:108334106-108431929:-	97824
SAMPLE_004655	FRAG_004655	hg38:19:81284892-81328803:+	43912
SAMPLE_004656	FRAG_004656	hg19:8:168250897-168272688:-	21792
SAMPLE_004657	FRAG_004657	hg38:22:85277190-85286381:+	9192
SAMPLE_004658	FRAG_004658	hg19:14:117009137-117062841:+	53705
SAMPLE_004659	FRAG_004659	hg38:14:9212921-9275439:-	62519
SAMPLE_004660	FRAG_004660	hg19:12:83680110-83696105:+	15996
SAMPLE_004661	FRAG_004661	hg38:16:107392962-107457930:+	64969
SAMPLE_004662	FRAG_004662	hg19:13:64112217-64169090:-	56874
SAMPLE_004663	FRAG_004663	hg38:8:45263510-45344037:-	80528
SAMPLE_004664	FRAG_004664	hg19:6:88816753-88895630:-	78878
SAMPLE_004665	FRAG_004665	hg38:3:23037172-23050864:+	13693
SAMPLE_004666	FRAG_004666	hg19:Y:41277733-41279344:-	1612
SAMPLE_004667	FRAG_004667	hg38:16:188202458-188215056:+	12599
SAMPLE_004668	FRAG_004668	hg19:2:127488973-127489745:+	773
SAMPLE_004669	FRAG_004669	hg38:2:79228272-79246266:-	17995
SAMPLE_004670	FRAG_004670	hg19:22:188900627-188990997:-	90371
SAMPLE_004671	FRAG_004671	hg38:22:24493522-24568993:+	75472
SAMPLE_004672	FRAG_004672	hg19:6:89621748-89662848:+	41101
SAMPLE_004673	FRAG_004673	hg38:2:23104529-23181425:+	76897
SAMPLE_004674	FRAG_004674	hg19:20:52606218-52606744:+	527
SAMPLE_004675	FRAG_004675	hg38:13:29867138-29931909:-	64772
SAMPLE_004676	FRAG_004676	hg19:19:166204597-166243294:+	38698
SAMPLE_004677	FRAG_004677	hg38:20:38209451-38247232:+	37782
SAMPLE_004678	FRAG_004678	hg19:15:70788446-70868396:+	79951
SAMPLE_004679	FRAG_004679	hg38:21:139215123-139307364:+	92242
SAMPLE_004680	FRAG_004680	hg19:16:61073683-61153675:-	79993
SAMPLE_004681	FRAG_004681	hg38:2:91907708-91959769:+	52062
SAMPLE_004682	FRAG_004682	hg19:X:122469312-122531763:-	62452
SAMPLE_004683	FRAG_004683	hg38:17:79826948-79867607:-	40660
SAMPLE_004684	FRAG_004684	hg19:14:84034091-84065408:-	31318
SAMPLE_004685	FRAG_004685	hg38:7:124825722-124857767:+	32046
SAMPLE_004686	FRAG_004686	hg19:X:10877794-10898637:+	20844
SAMPLE_004687	FRAG_004687	hg38:2:32599723-32677250:+	77528
SAMPLE_004688	FRAG_004688	hg19:4:34852326-34911665:+	59340
SAMPLE_004689	FRAG_004689	hg38:Y:76826374-76836499:-	10126
SAMPLE_004690	FRAG_004690	hg19:X:156496688-156539123:+	42436
SAMPLE_004691	FRAG_004691	hg38:X:117859305-117922927:-	63623
SAMPLE_004692	FRAG_004692	hg19:4:180387185-180472135:-	84951
SAMPLE_004693	FRAG_004693	hg38:X:128031248-128059242:+	27995
SAMPLE_004694	FRAG_004694	hg19:12:105903041-105924056:+	21016
SAMPLE_004695	FRAG_004695	hg38:12:14129765-14138922:+	9158
SAMPLE_004696	FRAG_004696	hg19:9:51079986-51131545:-	51560
SAMPLE_004697	FRAG_004697	hg38:15:107700310-107787097:-	86788
SAMPLE_004698	FRAG_004698	hg19:15:88753747-88771665:-	17919
SAMPLE_004699	FRAG_004699	hg38:22:153087136-153128894:+	41759
SAMPLE_004700	FRAG_004700	hg19:1:68270027-68292045:-	22019
SAMPLE_004701	FRAG_004701	hg38:3:90806765-90871082:+	64318
SAMPLE_004702	FRAG_004702	hg19:2:65430784-65449677:-	18894
SAMPLE_004703	FRAG_004703	hg38:9:194484086-194511095:+	27010
SAMPLE_004704	FRAG_004704	hg19:14:3476354-3481892:-	5539
SAMPLE_004705	FRAG_004705	hg38:X:166054769-166100220:-	45452
SAMPLE_004706	FRAG_004706	hg19:11:29077611-29078468:-	858
SAMPLE_004707	FRAG_004707	hg38:17:57656461-57683398:+	26938
SAMPLE_004708	FRAG_004708	hg19:11:177809210-177898884:-	89675
SAMPLE_004709	FRAG_004709	hg38:17:142931262-142982969:+	51708
SAMPLE_004710	FRAG_004710	hg19:14:11583130-11679478:-	96349
SAMPLE_004711	FRAG_004711	hg38:Y:147867261-147945220:-	77960
SAMPLE_004712	FRAG_004712	hg19:18:123523705-123623264:+	99560
SAMPLE_004713	FRAG_004713	hg38:10:5808994-5853088:-	44095
SAMPLE_004714	FRAG_004714	hg19:19:17857335-17940021:-	82687
SAMPLE_004715	FRAG_004715	hg38:14:164412891-164474147:+	61257
SAMPLE_004716	FRAG_004716	hg19:11:60834140-60912088:-	77949
SAMPLE_004717	FRAG_004717	hg38:9:176034598-176074455:+	39858
SAMPLE_004718	FRAG_004718	hg19:8:156575452-156663563:-	88112
SAMPLE_004719	FRAG_004719	hg38:13:2150250-2185531:+	35282
SAMPLE_004720	FRAG_004720	hg19:2:121594610-121624180:+	29571
SAMPLE_004721	FRAG_004721	hg38:13:116430135-116430928:+	794
SAMPLE_004722	FRAG_004722	hg19:3:144682126-144718490:-	36365
SAMPLE_004723	FRAG_004723	hg38:1:197696105-197762369:-	66265
SAMPLE_004724	FRAG_004724	hg19:20:14742739-14830179:-	87441
SAMPLE_004725	FRAG_004725	hg38:19:144368694-144397165:-	28472
SAMPLE_004726	FRAG_004726	hg19:4:105428510-105459789:-	31280
SAMPLE_004727	FRAG_004727	hg38:6:177121183-177193124:+	71942
SAMPLE_004728	FRAG_004728	hg19:1:116293159-116383453:+	90295
SAMPLE_004729	FRAG_004729	hg38:11:66926757-67012039:-	85283
SAMPLE_004730	FRAG_004730	hg19:1:35863719-35877254:-	13536
SAMPLE_004731	FRAG_004731	hg38:6:79468147-79554820:-	86674
SAMPLE_004732	FRAG_004732	hg19:14:115474137-115495851:+	21715
SAMPLE_004733	FRAG_004733	hg38:Y:98020527-98042509:+	21983
SAMPLE_004734	FRAG_004734	hg19:10:146577792-146618856:+	41065
SAMPLE_004735	FRAG_004735	hg38:3:33599038-33619927:+	20890
SAMPLE_004736	FRAG_004736	hg19:8:73491290-73500437:+	9148
SAMPLE_004737	FRAG_004737	hg38:4:91604976-91664626:+	59651
SAMPLE_004738	FRAG_004738	hg19:17:125902272-125972841:+	70570
SAMPLE_004739	FRAG_004739	hg38:16:165917618-166005672:-	88055
SAMPLE_004740	FRAG_004740	hg19:3:25704142-25751336:-	47195
SAMPLE_004741	FRAG_004741	hg38:6:51814874-51866213:-	51340
SAMPLE_004742	FRAG_004742	hg19:Y:167521778-167524666:+	2889
SAMPLE_004743	FRAG_004743	hg38:3:40141363-40163133:-	21771
SAMPLE_004744	FRAG_004744	hg19:6:186094247-186163176:+	68930
SAMPLE_004745	FRAG_004745	hg38:16:170535850-170635611:-	99762
SAMPLE_004746	FRAG_004746	hg19:1:105496073-105541160:-	45088
SAMPLE_004747	FRAG_004747	hg38:4:109034370-109102032:+	67663
SAMPLE_004748	FRAG_004748	hg19:6:167718572-167743993:-	25422
SAMPLE_004749	FRAG_004749	hg38:19:188194725-188293231:+	98507
SAMPLE_004750	FRAG_004750	hg19:Y:177368997-177399216:-	30220
SAMPLE_004751	FRAG_004751	hg38:18:104958502-105019012:-	60511
SAMPLE_004752	FRAG_004752	hg19:21:54449008-54497855:+	48848
SAMPLE_004753	FRAG_004753	hg38:2:51487483-51547345:+	59863
SAMPLE_004754	FRAG_004754	hg19:19:5595971-5643055:-	47085
SAMPLE_004755	FRAG_004755	hg38:21:112543972-112588868:+	44897
SAMPLE_004756	FRAG_004756	hg19:11:23877483-23938731:+	61249
SAMPLE_004757	FRAG_004757	hg38:4:140724461-140802901:+	78441
SAMPLE_004758	FRAG_004758	hg19:19:128085347-128103641:-	18295
SAMPLE_004759	FRAG_004759	hg38:18:195858285-195931083:-	72799
SAMPLE_004760	FRAG_004760	hg19:4:9718809-9801220:-	82412
SAMPLE_004761	FRAG_004761	hg38:8:145171726-145213127:-	41402
SAMPLE_004762	FRAG_004762	hg19:10:29608306-29613908:+	5603
SAMPLE_004763	FRAG_004763	hg38:10:37754043-37841681:-	87639
SAMPLE_004764	FRAG_004764	hg19:13:76341265-76361822:-	20558
SAMPLE_004765	FRAG_004765	hg38:14:143529114-143539364:-	10251
SAMPLE_004766	FRAG_004766	hg19:3:83781503-83847313:-	65811
SAMPLE_004767	FRAG_004767	hg38:14:8018990-8022468:-	3479
SAMPLE_004768	FRAG_004768	hg19:11:192072441-192097158:+	24718
SAMPLE_004769	FRAG_004769	hg38:5:162841457-162910762:+	69306
SAMPLE_004770	FRAG_004770	hg19:12:26543582-26558941:-	15360
SAMPLE_004771	FRAG_004771	hg38:11:34212705-34254925:+	42221
SAMPLE_004772	FRAG_004772	hg19:19:157290691-157319017:+	28327
SAMPLE_004773	FRAG_004773	hg38:8:75226403-75233334:-	6932
SAMPLE_004774	FRAG_004774	hg19:18:146305811-146405248:+	99438
SAMPLE_004775	FRAG_004775	hg38:X:155984398-156056847:-	72450
SAMPLE_004776	FRAG_004776	hg19:18:80871913-80958644:+	86732
SAMPLE_004777	FRAG_004777	hg38:13:11935370-12034474:-	99105
SAMPLE_004778	FRAG_004778	hg19:14:177603019-177615703:-	12685
SAMPLE_004779	FRAG_004779	hg38:9:14972996-15070631:+	97636
SAMPLE_004780	FRAG_004780	hg19:3:158921722-158934583:+	12862
SAMPLE_004781	FRAG_004781	hg38:4:12415176-12478193:-	63018
SAMPLE_004782	FRAG_004782	hg19:12:146482464-146536176:+	53713
SAMPLE_004783	FRAG_004783	hg38:9:159606122-159627436:+	21315
SAMPLE_004784	FRAG_004784	hg19:3:46199110-46243395:+	44286
SAMPLE_004785	FRAG_004785	hg38:21:189092042-189167122:+	75081
SAMPLE_004786	FRAG_004786	hg19:21:127249402-127252108:+	2707
SAMPLE_004787	FRAG_004787	hg38:Y:35000417-35093736:+	93320
SAMPLE_004788	FRAG_004788	hg19:Y:137817378-137907326:+	89949
SAMPLE_004789	FRAG_004789	hg38:14:183914927-183916118:-	1192
SAMPLE_004790	FRAG_004790	hg19:19:51345056-51441218:-	96163
SAMPLE_004791	FRAG_004791	hg38:18:16937459-16969141:-	31683
SAMPLE_004792	FRAG_004792	hg19:7:180014851-180095730:-	80880
SAMPLE_004793	FRAG_004793	hg38:7:79572750-79642426:-	69677
SAMPLE_004794	FRAG_004794	hg19:5:159583649-159637169:-	53521
SAMPLE_004795	FRAG_004795	hg38:19:73305838-73344041:+	38204
SAMPLE_004796	FRAG_004796	hg19:20:190758195-190775031:-	16837
SAMPLE_004797	FRAG_004797	hg38:9:163472149-163557626:-	85478
SAMPLE_004798	FRAG_004798	hg19:1:109862646-109878167:+	15522
SAMPLE_004799	FRAG_004799	hg38:Y:186569421-186603072:+	33652
SAMPLE_004800	FRAG_004800	hg19:19:173018958-173043621:+	24664
SAMPLE_004801	FRAG_004801	hg38:22:36553893-36587000:+	33108
SAMPLE_004802	FRAG_004802	hg19:8:13499485-13532751:+	33267
SAMPLE_004803	FRAG_004803	hg38:22:36691733-36743968:+	52236
SAMPLE_004804	FRAG_004804	hg19:9:155236229-155251488:+	15260
SAMPLE_004805	FRAG_004805	hg38:21:193531708-193559758:+	28051
SAMPLE_004806	FRAG_004806	hg19:X:111959363-111961665:+	2303
SAMPLE_004807	FRAG_004807	hg38:11:121010649-121038192:+	27544
SAMPLE_004808	FRAG_004808	hg19:5:174936335-175031771:+	95437
SAMPLE_004809	FRAG_004809	hg38:12:111361020-111404132:-	43113
SAMPLE_004810	FRAG_004810	hg19:22:183620540-183689047:-	68508
SAMPLE_004811	FRAG_004811	hg38:15:55102880-55190295:+	87416
SAMPLE_004812	FRAG_004812	hg19:7:95805548-95857061:+	51514
SAMPLE_004813	FRAG_004813	hg38:22:66167674-66254982:-	87309
SAMPLE_004814	FRAG_004814	hg19:16:118427310-118463709:+	36400
SAMPLE_004815	FRAG_004815	hg38:9:117311308-117312207:-	900
SAMPLE_004816	FRAG_004816	hg19:6:16996691-17005238:-	8548
SAMPLE_004817	FRAG_004817	hg38:17:55717851-55756239:-	38389
SAMPLE_004818	FRAG_004818	hg19:4:38768294-38806438:-	38145
SAMPLE_004819	FRAG_004819	hg38:9:115394382-115418088:+	23707
SAMPLE_004820	FRAG_004820	hg19:16:18527500-18597413:-	69914
SAMPLE_004821	FRAG_004821	hg38:12:173939547-173979786:+	40240
SAMPLE_004822	FRAG_004822	hg19:15:185799262-185826096:-	26835
SAMPLE_004823	FRAG_004823	hg38:16:73380800-73432495:+	51696
SAMPLE_004824	FRAG_004824	hg19:16:118609435-118638843:+	29409
SAMPLE_004825	FRAG_004825	hg38:1:174200020-174231245:-	31226
SAMPLE_004826	FRAG_004826	hg19:13:149108339-149137526:+	29188
SAMPLE_004827	FRAG_004827	hg38:4:194607104-194642687:-	35584
SAMPLE_004828	FRAG_004828	hg19:17:186195729-186229626:+	33898
SAMPLE_004829	FRAG_004829	hg38:9:139641685-139728467:-	86783
SAMPLE_004830	FRAG_004830	hg19:Y:6449123-6502537:+	53415
SAMPLE_004831	FRAG_004831	hg38:19:65753548-65768087:-	14540
SAMPLE_004832	FRAG_004832	hg19:9:180434854-180467373:+	32520
SAMPLE_004833	FRAG_004833	hg38:21:142821912-142887558:+	65647
SAMPLE_004834	FRAG_004834	hg19:5:88879506-88882570:-	3065
SAMPLE_004835	FRAG_004835	hg38:19:1392054-1437287:-	45234
SAMPLE_004836	FRAG_004836	hg19:7:30116182-30141240:-	25059
SAMPLE_004837	FRAG_004837	hg38:Y:68422319-68478503:-	56185
SAMPLE_004838	FRAG_004838	hg19:19:169804842-169831485:-	26644
SAMPLE_004839	FRAG_004839	hg38:22:152723926-152803274:-	79349
SAMPLE_004840	FRAG_004840	hg19:4:127662470-127712766:+	50297
SAMPLE_004841	FRAG_004841	hg38:8:13295264-13338324:-	43061
SAMPLE_004842	FRAG_004842	hg19:12:65737808-65800092:-	62285
SAMPLE_004843	FRAG_004843	hg38:16:116648218-116678546:+	30329
SAMPLE_004844	FRAG_004844	hg19:X:28700502-28710997:+	10496
SAMPLE_004845	FRAG_004845	hg38:8:12778074-12832408:+	54335
SAMPLE_004846	FRAG_004846	hg19:15:144607790-144662337:+	54548
SAMPLE_004847	FRAG_004847	hg38:4:148255116-148344869:-	89754
SAMPLE_004848	FRAG_004848	hg19:X:60252337-60270625:+	18289
SAMPLE_004849	FRAG_004849	hg38:7:26999635-27048745:+	49111
SAMPLE_004850	FRAG_004850	hg19:9:158705728-158707760:-	2033
SAMPLE_004851	FRAG_004851	hg38:4:173609159-173646412:-	37254
SAMPLE_004852	FRAG_004852	hg19:7:92486636-92499387:+	12752
SAMPLE_004853	FRAG_004853	hg38:20:26101440-26117507:-	16068
SAMPLE_004854	FRAG_004854	hg19:20:169874621-169945491:+	70871
SAMPLE_004855	FRAG_004855	hg38:2:185951142-186014032:-	62891
SAMPLE_004856	FRAG_004856	hg19:18:177441824-177464216:+	22393
SAMPLE_004857	FRAG_004857	hg38:16:111544134-111572991:-	28858
SAMPLE_004858	FRAG_004858	hg19:4:136211061-136223187:+	12127
SAMPLE_004859	FRAG_004859	hg38:19:1024941-1061834:-	36894
SAMPLE_004860	FRAG_004860	hg19:X:96804526-96850763:-	46238
SAMPLE_004861	FRAG_004861	hg38:18:45102430-45194147:+	91718
SAMPLE_004862	FRAG_004862	hg19:Y:169364449-169377728:+	13280
SAMPLE_004863	FRAG_004863	hg38:22:52685804-52722381:+	36578
SAMPLE_004864	FRAG_004864	hg19:6:198964438-198995636:+	31199
SAMPLE_004865	FRAG_004865	hg38:Y:53574709-53598721:+	24013
SAMPLE_004866	FRAG_004866	hg19:7:80188450-80206332:-	17883
SAMPLE_004867	FRAG_004867	hg38:2:121652883-121740107:+	87225
SAMPLE_004868	FRAG_004868	hg19:20:9453275-9471405:+	18131
SAMPLE_004869	FRAG_004869	hg38:Y:55804750-55900153:-	95404
SAMPLE_004870	FRAG_004870	hg19:21:81421555-81521221:-	99667
SAMPLE_004871	FRAG_004871	hg38:5:17983368-18074033:+	90666
SAMPLE_004872	FRAG_004872	hg19:16:3046228-3096283:+	50056
SAMPLE_004873	FRAG_004873	hg38:12:144084060-144089163:+	5104
SAMPLE_004874	FRAG_004874	hg19:22:30131803-30187398:+	55596
SAMPLE_004875	FRAG_004875	hg38:6:20652972-20681230:+	28259
SAMPLE_004876	FRAG_004876	hg19:14:117667004-117681716:+	14713
SAMPLE_004877	FRAG_004877	hg38:X:72441438-72463719:-	22282
SAMPLE_004878	FRAG_004878	hg19:15:160523029-160544158:+	21130
SAMPLE_004879	FRAG_004879	hg38:15:47207140-47263329:-	56190
SAMPLE_004880	FRAG_004880	hg19:9:70854600-70896482:+	41883
SAMPLE_004881	FRAG_004881	hg38:Y:53685732-53688856:-	3125
SAMPLE_004882	FRAG_004882	hg19:10:144733156-144782875:-	49720
SAMPLE_004883	FRAG_004883	hg38:3:31963363-32040067:+	76705
SAMPLE_004884	FRAG_004884	hg19:2:198837890-198868501:+	30612
SAMPLE_004885	FRAG_004885	hg38:18:106926522-106989846:+	63325
SAMPLE_004886	FRAG_004886	hg19:2:49262707-49331095:+	68389
SAMPLE_004887	FRAG_004887	hg38:5:14625293-14657312:+	32020
SAMPLE_004888	FRAG_004888	hg19:8:149250810-149321957:+	71148
SAMPLE_004889	FRAG_004889	hg38:11:145301901-145371222:+	69322
SAMPLE_004890	FRAG_004890	hg19:9:90140934-90175661:+	34728
SAMPLE_004891	FRAG_004891	hg38:6:115815402-115821670:-	6269
SAMPLE_004892	FRAG_004892	hg19:7:60192117-60210928:+	18812
SAMPLE_004893	FRAG_004893	hg38:17:168729222-168749096:-	19875
SAMPLE_004894	FRAG_004894	hg19:3:194520445-194576272:+	55828
SAMPLE_004895	FRAG_004895	hg38:Y:124721688-124764371:+	42684
SAMPLE_004896	FRAG_004896	hg19:22:91645684-91682399:+	36716
SAMPLE_004897	FRAG_004897	hg38:2:8334140-8336150:+	2011
SAMPLE_004898	FRAG_004898	hg19:Y:23450276-23454752:-	4477
SAMPLE_004899	FRAG_004899	hg38:6:172003907-172103700:+	99794
SAMPLE_004900	FRAG_004900	hg19:3:52116021-52206691:-	90671
SAMPLE_004901	FRAG_004901	hg38:4:145695123-145753159:-	58037
SAMPLE_004902	FRAG_004902	hg19:2:163368762-163451947:+	83186
SAMPLE_004903	FRAG_004903	hg38:Y:95848130-95868260:-	20131
SAMPLE_004904	FRAG_004904	hg19:13:31912370-32000972:-	88603
SAMPLE_004905	FRAG_004905	hg38:10:43754911-43789594:+	34684
SAMPLE_004906	FRAG_004906	hg19:18:162154767-162174657:-	19891
SAMPLE_004907	FRAG_004907	hg38:10:141182943-141247816:+	64874
SAMPLE_004908	FRAG_004908	hg19:5:78571725-78595256:+	23532
SAMPLE_004909	FRAG_004909	hg38:11:126862511-126912744:+	50234
SAMPLE_004910	FRAG_004910	hg19:17:126443319-126500793:+	57475
SAMPLE_004911	FRAG_004911	hg38:2:14113916-14192954:+	79039
SAMPLE_004912	FRAG_004912	hg19:22:66931195-66965941:-	34747
SAMPLE_004913	FRAG_004913	hg38:12:92667794-92751742:+	83949
SAMPLE_004914	FRAG_004914	hg19:12:139483356-139578737:-	95382
SAMPLE_004915	FRAG_004915	hg38:17:109765577-109785731:-	20155
SAMPLE_004916	FRAG_004916	hg19:19:64297557-64314170:-	16614
SAMPLE_004917	FRAG_004917	hg38:5:138353744-138389555:+	35812
SAMPLE_004918	FRAG_004918	hg19:11:178522785-178571723:+	48939
SAMPLE_004919	FRAG_004919	hg38:12:46697286-46738433:-	41148
SAMPLE_004920	FRAG_004920	hg19:Y:149322218-149328205:+	5988
SAMPLE_004921	FRAG_004921	hg38:21:15236936-15299008:-	62073
SAMPLE_004922	FRAG_004922	hg19:7:111107784-111139791:-	32008
SAMPLE_004923	FRAG_004923	hg38:20:5561889-5608928:+	47040
SAMPLE_004924	FRAG_004924	hg19:5:17297191-17306146:-	8956
SAMPLE_004925	FRAG_004925	hg38:2:106139877-106156420:-	16544
SAMPLE_004926	FRAG_004926	hg19:17:150194664-150211450:+	16787
SAMPLE_004927	FRAG_004927	hg38:9:197839693-197922187:-	82495
SAMPLE_004928	FRAG_004928	hg19:21:147962417-147986174:-	23758
SAMPLE_004929	FRAG_004929	hg38:16:139422327-139455464:+	33138
SAMPLE_004930	FRAG_004930	hg19:13:51381040-51475672:+	94633
SAMPLE_004931	FRAG_004931	hg38:13:66022367-66057967:+	35601
SAMPLE_004932	FRAG_004932	hg19:22:38983872-38992960:-	9089
SAMPLE_004933	FRAG_004933	hg38:20:80229023-80318376:+	89354
SAMPLE_004934	FRAG_004934	hg19:17:174190818-174266214:-	75397
SAMPLE_004935	FRAG_004935	hg38:14:43571948-43611452:+	39505
SAMPLE_004936	FRAG_004936	hg19:8:193465839-193521361:+	55523
SAMPLE_004937	FRAG_004937	hg38:12:195677055-195772220:-	95166
SAMPLE_004938	FRAG_004938	hg19:7:84103598-84117740:-	14143
SAMPLE_004939	FRAG_004939	hg38:3:11946490-12007539:-	61050
SAMPLE_004940	FRAG_004940	hg19:10:105657845-105741133:+	83289
SAMPLE_004941	FRAG_004941	hg38:12:101304923-101403764:-	98842
SAMPLE_004942	FRAG_004942	hg19:2:109254430-109279385:+	24956
SAMPLE_004943	FRAG_004943	hg38:Y:100065465-100154536:-	89072
SAMPLE_004944	FRAG_004944	hg19:18:51185434-51275479:-	90046
SAMPLE_004945	FRAG_004945	hg38:7:7244909-7340991:+	96083
SAMPLE_004946	FRAG_004946	hg19:16:83605501-83655449:-	49949
SAMPLE_004947	FRAG_004947	hg38:9:138702059-138740647:+	38589
SAMPLE_004948	FRAG_004948	hg19:8:30250119-30346402:-	96284
SAMPLE_004949	FRAG_004949	hg38:8:188208542-188281928:+	73387
SAMPLE_004950	FRAG_004950	hg19:9:195748490-195792446:+	43957
SAMPLE_004951	FRAG_004951	hg38:15:188150671-188231136:+	80466
SAMPLE_004952	FRAG_004952	hg19:22:92248999-92339709:+	90711
SAMPLE_004953	FRAG_004953	hg38:10:172552077-172642599:+	90523
SAMPLE_004954	FRAG_004954	hg19:10:55932597-55964398:+	31802
SAMPLE_004955	FRAG_004955	hg38:7:53164771-53211808:-	47038
SAMPLE_004956	FRAG_004956	hg19:19:191288004-191329800:+	41797
SAMPLE_004957	FRAG_004957	hg38:13:60560142-60656120:+	95979
SAMPLE_004958	FRAG_004958	hg19:4:26387252-26399555:-	12304
SAMPLE_004959	FRAG_004959	hg38:17:194609535-194671172:+	61638
SAMPLE_004960	FRAG_004960	hg19:18:163794425-163801258:+	6834
SAMPLE_004961	FRAG_004961	hg38:8:25540016-25618282:+	78267
SAMPLE_004962	FRAG_004962	hg19:16:37160125-37189038:-	28914
SAMPLE_004963	FRAG_004963	hg38:21:61590609-61633446:+	42838
SAMPLE_004964	FRAG_004964	hg19:14:195175690-195180744:+	5055
SAMPLE_004965	FRAG_004965	hg38:3:165248989-165347797:-	98809
SAMPLE_004966	FRAG_004966	hg19:11:26583991-26635521:-	51531
SAMPLE_004967	FRAG_004967	hg38:17:149323962-149377833:+	53872
SAMPLE_004968	FRAG_004968	hg19:1:57023433-57048157:+	24725
SAMPLE_004969	FRAG_004969	hg38:1:29654354-29731673:-	77320
SAMPLE_004970	FRAG_004970	hg19:14:148569824-148585004:+	15181
SAMPLE_004971	FRAG_004971	hg38:20:4521927-4591090:+	69164
SAMPLE_004972	FRAG_004972	hg19:X:90617702-90667653:-	49952
SAMPLE_004973	FRAG_004973	hg38:21:134506818-134599439:-	92622
SAMPLE_004974	FRAG_004974	hg19:Y:161006889-161044566:+	37678
SAMPLE_004975	FRAG_004975	hg38:Y:1825198-1880158:+	54961
SAMPLE_004976	FRAG_004976	hg19:13:164676538-164725259:-	48722
SAMPLE_004977	FRAG_004977	hg38:5:21468724-21476817:-	8094
SAMPLE_004978	FRAG_004978	hg19:20:34064173-34073966:-	9794
SAMPLE_004979	FRAG_004979	hg38:4:79448515-79519691:+	71177
SAMPLE_004980	FRAG_004980	hg19:8:143240867-143293401:-	52535
SAMPLE_004981	FRAG_004981	hg38:11:158452719-158456675:+	3957
SAMPLE_004982	FRAG_004982	hg19:14:46795272-46821291:+	26020
SAMPLE_004983	FRAG_004983	hg38:7:162588636-162668639:+	80004
SAMPLE_004984	FRAG_004984	hg19:3:122142756-122174730:-	31975
SAMPLE_004985	FRAG_004985	hg38:11:113278224-113322985:+	44762
SAMPLE_004986	FRAG_004986	hg19:3:10793294-10827235:-	33942
SAMPLE_004987	FRAG_004987	hg38:5:144909598-144978212:-	68615
SAMPLE_004988	FRAG_004988	hg19:Y:99471778-99477893:+	6116
SAMPLE_004989	FRAG_004989	hg38:11:133171048-133202696:-	31649
SAMPLE_004990	FRAG_004990	hg19:14:13444238-13501801:+	57564
SAMPLE_004991	FRAG_004991	hg38:4:35570848-35669171:-	98324
SAMPLE_004992	FRAG_004992	hg19:1:52791553-52797577:+	6025
SAMPLE_004993	FRAG_004993	hg38:17:97991662-98018792:-	27131
SAMPLE_004994	FRAG_004994	hg19:13:24724257-24804372:+	80116
SAMPLE_004995	FRAG_004995	hg38:13:184853616-184874299:-	20684
SAMPLE_004996	FRAG_004996	hg19:3:58137413-58179904:+	42492
SAMPLE_004997	FRAG_004997	hg38:6:69189831-69218982:-	29152
SAMPLE_004998	FRAG_004998	hg19:12:116371799-116379120:+	7322
SAMPLE_004999	FRAG_004999	hg38:14:30198712-30274189:-	75478
SAMPLE_005000	FRAG_005000	hg19:21:114943752-115007856:+	64105
SAMPLE_005001	FRAG_005001	hg38:20:141792285-141820421:-	28137
SAMPLE_005002	FRAG_005002	hg19:10:11829180-11927938:+	98759
SAMPLE_005003	FRAG_005003	hg38:8:149855706-149896051:+	40346
SAMPLE_005004	FRAG_005004	hg19:17:53095051-53154195:-	59145
SAMPLE_005005	FRAG_005005	hg38:10:129013346-129044964:+	31619
SAMPLE_005006	FRAG_005006	hg19:14:57897780-57904324:+	6545
SAMPLE_005007	FRAG_005007	hg38:21:165955880-166005439:+	49560
SAMPLE_005008	FRAG_005008	hg19:2:180053360-180067290:-	13931
SAMPLE_005009	FRAG_005009	hg38:15:187285395-187376478:+	91084
SAMPLE_005010	FRAG_005010	hg19:20:137204009-137210732:-	6724
SAMPLE_005011	FRAG_005011	hg38:19:190930761-191007392:+	76632
SAMPLE_005012	FRAG_005012	hg19:10:155105438-155143392:+	37955
SAMPLE_005013	FRAG_005013	hg38:1:122630234-122724403:-	94170
SAMPLE_005014	FRAG_005014	hg19:19:109140582-109162786:-	22205
SAMPLE_005015	FRAG_005015	hg38:20:101896296-101971861:-	75566
SAMPLE_005016	FRAG_005016	hg19:18:163312196-163396810:-	84615
SAMPLE_005017	FRAG_005017	hg38:3:80335432-80404378:+	68947
SAMPLE_005018	FRAG_005018	hg19:18:156499179-156547674:-	48496
SAMPLE_005019	FRAG_005019	hg38:21:67625899-67700946:+	75048
SAMPLE_005020	FRAG_005020	hg19:11:28633815-28708414:-	74600
SAMPLE_005021	FRAG_005021	hg38:1:84105817-84171909:+	66093
SAMPLE_005022	FRAG_005022	hg19:6:30086289-30111740:+	25452
SAMPLE_005023	FRAG_005023	hg38:8:38927841-38966931:-	39091
SAMPLE_005024	FRAG_005024	hg19:13:151283256-151357668:+	74413
SAMPLE_005025	FRAG_005025	hg38:14:188818272-188900326:+	82055
SAMPLE_005026	FRAG_005026	hg19:18:42607714-42670207:-	62494
SAMPLE_005027	FRAG_005027	hg38:21:123723723-123739651:-	15929
SAMPLE_005028	FRAG_005028	hg19:1:119645611-119730249:+	84639
SAMPLE_005029	FRAG_005029	hg38:Y:84081245-84110043:+	28799
SAMPLE_005030	FRAG_005030	hg19:17:60162463-60242487:-	80025
SAMPLE_005031	FRAG_005031	hg38:22:162705545-162792884:-	87340
SAMPLE_005032	FRAG_005032	hg19:21:140642412-140674887:+	32476
SAMPLE_005033	FRAG_005033	hg38:22:5697424-5771474:-	74051
SAMPLE_005034	FRAG_005034	hg19:1:110379979-110425656:+	45678
SAMPLE_005035	FRAG_005035	hg38:5:153006364-153097976:-	91613
SAMPLE_005036	FRAG_005036	hg19:11:148438762-148443185:+	4424
SAMPLE_005037	FRAG_005037	hg38:13:97293755-97371653:+	77899
SAMPLE_005038	FRAG_005038	hg19:14:72414179-72501305:+	87127
SAMPLE_005039	FRAG_005039	hg38:18:154790237-154840862:-	50626
SAMPLE_005040	FRAG_005040	hg19:12:170209051-170262886:+	53836
SAMPLE_005041	FRAG_005041	hg38:7:151805444-151807900:-	2457
SAMPLE_005042	FRAG_005042	hg19:14:181391744-181405121:+	13378
SAMPLE_005043	FRAG_005043	hg38:7:85206774-85276545:-	69772
SAMPLE_005044	FRAG_005044	hg19:4:52550586-52584106:-	33521
SAMPLE_005045	FRAG_005045	hg38:13:40984009-41055479:+	71471
SAMPLE_005046	FRAG_005046	hg19:19:137642037-137683265:-	41229
SAMPLE_005047	FRAG_005047	hg38:21:8906524-8912339:+	5816
SAMPLE_005048	FRAG_005048	hg19:16:61058322-61157430:+	99109
SAMPLE_005049	FRAG_005049	hg38:1:138948606-139036623:-	88018
SAMPLE_005050	FRAG_005050	hg19:20:105498242-105549947:+	51706
SAMPLE_005051	FRAG_005051	hg38:2:104934834-104950640:+	15807
SAMPLE_005052	FRAG_005052	hg19:3:180399455-180410598:+	11144
SAMPLE_005053	FRAG_005053	hg38:20:7841166-7885553:+	44388
SAMPLE_005054	FRAG_005054	hg19:3:142683557-142733233:+	49677
SAMPLE_005055	FRAG_005055	hg38:20:75959816-76045287:+	85472
SAMPLE_005056	FRAG_005056	hg19:10:163815146-163898202:+	83057
SAMPLE_005057	FRAG_005057	hg38:Y:15582363-15624987:-	42625
SAMPLE_005058	FRAG_005058	hg19:14:169990115-170013838:+	23724
SAMPLE_005059	FRAG_005059	hg38:19:173355216-173413821:-	58606
SAMPLE_005060	FRAG_005060	hg19:21:14502081-14521408:-	19328
SAMPLE_005061	FRAG_005061	hg38:8:76108301-76192358:-	84058
SAMPLE_005062	FRAG_005062	hg19:1:119285962-119351376:-	65415
SAMPLE_005063	FRAG_005063	hg38:20:105887925-105925320:+	37396
SAMPLE_005064	FRAG_005064	hg19:2:121534253-121628378:+	94126
SAMPLE_005065	FRAG_005065	hg38:Y:111500408-111553757:+	53350
SAMPLE_005066	FRAG_005066	hg19:20:93489566-93508047:+	18482
SAMPLE_005067	FRAG_005067	hg38:18:133095505-133108071:-	12567
SAMPLE_005068	FRAG_005068	hg19:13:44210541-44217291:+	6751
SAMPLE_005069	FRAG_005069	hg38:9:107643742-107647220:-	3479
SAMPLE_005070	FRAG_005070	hg19:3:54268130-54294223:+	26094
SAMPLE_005071	FRAG_005071	hg38:15:24940911-24971833:+	30923
SAMPLE_005072	FRAG_005072	hg19:11:192909582-192956988:+	47407
SAMPLE_005073	FRAG_005073	hg38:7:108726451-108772135:+	45685
SAMPLE_005074	FRAG_005074	hg19:15:22246888-22318780:-	71893
SAMPLE_005075	FRAG_005075	hg38:1:45096663-45124020:+	27358
SAMPLE_005076	FRAG_005076	hg19:3:44857741-44937266:+	79526
SAMPLE_005077	FRAG_005077	hg38:13:59752755-59768015:-	15261
SAMPLE_005078	FRAG_005078	hg19:8:180753207-180820984:-	67778
SAMPLE_005079	FRAG_005079	hg38:5:134076362-134138167:-	61806
SAMPLE_005080	FRAG_005080	hg19:13:52106675-52123068:+	16394
SAMPLE_005081	FRAG_005081	hg38:15:180281635-180291877:-	10243
SAMPLE_005082	FRAG_005082	hg19:10:160062779-160097959:+	35181
SAMPLE_005083	FRAG_005083	hg38:Y:156372192-156394802:-	22611
SAMPLE_005084	FRAG_005084	hg19:2:107189991-107208951:-	18961
SAMPLE_005085	FRAG_005085	hg38:17:26371510-26377645:-	6136
SAMPLE_005086	FRAG_005086	hg19:9:15200268-15238091:+	37824
SAMPLE_005087	FRAG_005087	hg38:15:184086065-184113419:-	27355
SAMPLE_005088	FRAG_005088	hg19:4:127271508-127324220:+	52713
SAMPLE_005089	FRAG_005089	hg38:5:199888247-199949459:-	61213
SAMPLE_005090	FRAG_005090	hg19:22:46719440-46787230:+	67791
SAMPLE_005091	FRAG_005091	hg38:3:44346135-44348470:+	2336
SAMPLE_005092	FRAG_005092	hg19:16:144946900-145024599:+	77700
SAMPLE_005093	FRAG_005093	hg38:4:52911497-52994344:-	82848
SAMPLE_005094	FRAG_005094	hg19:17:47068790-47124321:-	55532
SAMPLE_005095	FRAG_005095	hg38:Y:197287662-197352557:-	64896
SAMPLE_005096	FRAG_005096	hg19:8:115359006-115458841:+	99836
SAMPLE_005097	FRAG_005097	hg38:18:31866175-31898528:+	32354
SAMPLE_005098	FRAG_005098	hg19:18:86481025-86570853:-	89829
SAMPLE_005099	FRAG_005099	hg38:1:62447100-62491963:-	44864
SAMPLE_005100	FRAG_005100	hg19:Y:133291994-133295496:-	3503
SAMPLE_005101	FRAG_005101	hg38:13:32942467-33032192:-	89726
SAMPLE_005102	FRAG_005102	hg19:16:17398438-17490702:-	92265
SAMPLE_005103	FRAG_005103	hg38:16:109739093-109770518:+	31426
SAMPLE_005104	FRAG_005104	hg19:1:1604373-1652724:-	48352
SAMPLE_005105	FRAG_005105	hg38:18:23643203-23662527:+	19325
SAMPLE_005106	FRAG_005106	hg19:6:169892859-169922706:-	29848
SAMPLE_005107	FRAG_005107	hg38:11:43739529-43828355:+	88827
SAMPLE_005108	FRAG_005108	hg19:13:178047987-178137450:-	89464
SAMPLE_005109	FRAG_005109	hg38:1:145706715-145751129:-	44415
SAMPLE_005110	FRAG_005110	hg19:4:72110863-72201375:-	90513
SAMPLE_005111	FRAG_005111	hg38:19:197626193-197646397:+	20205
SAMPLE_005112	FRAG_005112	hg19:17:47765410-47851276:+	85867
SAMPLE_005113	FRAG_005113	hg38:19:88883767-88902451:-	18685
SAMPLE_005114	FRAG_005114	hg19:15:160496607-160596060:+	99454
SAMPLE_005115	FRAG_005115	hg38:18:144414193-144492107:-	77915
SAMPLE_005116	FRAG_005116	hg19:8:168352595-168409449:-	56855
SAMPLE_005117	FRAG_005117	hg38:18:43503255-43505872:+	2618
SAMPLE_005118	FRAG_005118	hg19:2:10102923-10146791:+	43869
SAMPLE_005119	FRAG_005119	hg38:22:117273051-117344628:-	71578
SAMPLE_005120	FRAG_005120	hg19:17:175045673-175084427:+	38755
SAMPLE_005121	FRAG_005121	hg38:10:91656279-91736154:+	79876
SAMPLE_005122	FRAG_005122	hg19:21:77119150-77130660:-	11511
SAMPLE_005123	FRAG_005123	hg38:15:147483185-147565743:-	82559
SAMPLE_005124	FRAG_005124	hg19:2:176780360-176871990:-	91631
SAMPLE_005125	FRAG_005125	hg38:3:49061301-49108584:+	47284
SAMPLE_005126	FRAG_005126	hg19:18:121146118-121199262:-	53145
SAMPLE_005127	FRAG_005127	hg38:16:145759215-145785402:+	26188
SAMPLE_005128	FRAG_005128	hg19:1:122334548-122415732:-	81185
SAMPLE_005129	FRAG_005129	hg38:13:165825871-165836592:+	10722
SAMPLE_005130	FRAG_005130	hg19:Y:179158516-179241304:-	82789
SAMPLE_005131	FRAG_005131	hg38:16:143860627-143941136:-	80510
SAMPLE_005132	FRAG_005132	hg19:13:41243059-41314595:-	71537
SAMPLE_005133	FRAG_005133	hg38:17:193881542-193947213:+	65672
SAMPLE_005134	FRAG_005134	hg19:5:139544064-139586521:+	42458
SAMPLE_005135	FRAG_005135	hg38:16:11248845-11347617:-	98773
SAMPLE_005136	FRAG_005136	hg19:22:1175724-1244955:-	69232
SAMPLE_005137	FRAG_005137	hg38:21:184163907-184188816:+	24910
SAMPLE_005138	FRAG_005138	hg19:12:187697297-187704594:-	7298
SAMPLE_005139	FRAG_005139	hg38:1:97732666-97820140:-	87475
SAMPLE_005140	FRAG_005140	hg19:13:167306276-167402154:-	95879
SAMPLE_005141	FRAG_005141	hg38:22:153791712-153852063:+	60352
SAMPLE_005142	FRAG_005142	hg19:1:34507585-34596296:+	88712
SAMPLE_005143	FRAG_005143	hg38:9:48219731-48291240:-	71510
SAMPLE_005144	FRAG_005144	hg19:12:68432526-68468194:+	35669
SAMPLE_005145	FRAG_005145	hg38:17:124664406-124716439:-	52034
SAMPLE_005146	FRAG_005146	hg19:7:95763064-95781959:-	18896
SAMPLE_005147	FRAG_005147	hg38:6:67202839-67287001:+	84163
SAMPLE_005148	FRAG_005148	hg19:22:199470579-199540900:-	70322
SAMPLE_005149	FRAG_005149	hg38:13:53228898-53258520:+	29623
SAMPLE_005150	FRAG_005150	hg19:11:45136569-45190139:-	53571
SAMPLE_005151	FRAG_005151	hg38:3:183678243-183768456:-	90214
SAMPLE_005152	FRAG_005152	hg19:6:91701102-91771467:-	70366
SAMPLE_005153	FRAG_005153	hg38:6:105441937-105487439:+	45503
SAMPLE_005154	FRAG_005154	hg19:19:109354349-109377373:+	23025
SAMPLE_005155	FRAG_005155	hg38:X:93160615-93190247:-	29633
SAMPLE_005156	FRAG_005156	hg19:4:136420653-136450453:+	29801
SAMPLE_005157	FRAG_005157	hg38:18:106017134-106110774:-	93641
SAMPLE_005158	FRAG_005158	hg19:12:174361209-174365071:-	3863
SAMPLE_005159	FRAG_005159	hg38:17:104691002-104725953:-	34952
SAMPLE_005160	FRAG_005160	hg19:1:87017837-87098274:-	80438
SAMPLE_005161	FRAG_005161	hg38:22:71251441-71289597:+	38157
SAMPLE_005162	FRAG_005162	hg19:1:83307500-83333447:+	25948
SAMPLE_005163	FRAG_005163	hg38:22:155877750-155945398:+	67649
SAMPLE_005164	FRAG_005164	hg19:4:161793118-161856691:-	63574
SAMPLE_005165	FRAG_005165	hg38:6:54458335-54464979:-	6645
SAMPLE_005166	FRAG_005166	hg19:19:73245049-73276483:+	31435
SAMPLE_005167	FRAG_005167	hg38:3:57421338-57469576:-	48239
SAMPLE_005168	FRAG_005168	hg19:10:88307555-88319615:-	12061
SAMPLE_005169	FRAG_005169	hg38:15:88716071-88730663:-	14593
SAMPLE_005170	FRAG_005170	hg19:7:59142010-59156562:+	14553
SAMPLE_005171	FRAG_005171	hg38:12:58570707-58652389:-	81683
SAMPLE_005172	FRAG_005172	hg19:16:141801048-141896946:+	95899
SAMPLE_005173	FRAG_005173	hg38:8:121078389-121134757:-	56369
SAMPLE_005174	FRAG_005174	hg19:2:167636893-167639496:-	2604
SAMPLE_005175	FRAG_005175	hg38:5:173687760-173779632:+	91873
SAMPLE_005176	FRAG_005176	hg19:10:10446831-10458751:-	11921
SAMPLE_005177	FRAG_005177	hg38:6:103792630-103852980:+	60351
SAMPLE_005178	FRAG_005178	hg19:X:141585284-141663342:-	78059
SAMPLE_005179	FRAG_005179	hg38:18:163422715-163431096:+	8382
SAMPLE_005180	FRAG_005180	hg19:16:73929089-73930469:-	1381
SAMPLE_005181	FRAG_005181	hg38:5:139044483-139075785:-	31303
SAMPLE_005182	FRAG_005182	hg19:13:37735329-37757165:-	21837
SAMPLE_005183	FRAG_005183	hg38:18:112691458-112748075:+	56618
SAMPLE_005184	FRAG_005184	hg19:11:136946301-137023289:-	76989
SAMPLE_005185	FRAG_005185	hg38:15:119702558-119773693:-	71136
SAMPLE_005186	FRAG_005186	hg19:10:38102896-38125361:-	22466
SAMPLE_005187	FRAG_005187	hg38:X:137958015-138002801:-	44787
SAMPLE_005188	FRAG_005188	hg19:Y:76058244-76146471:-	88228
SAMPLE_005189	FRAG_005189	hg38:Y:114270265-114347876:-	77612
SAMPLE_005190	FRAG_005190	hg19:11:165724832-165818742:-	93911
SAMPLE_005191	FRAG_005191	hg38:6:35600482-35666783:-	66302
SAMPLE_005192	FRAG_005192	hg19:20:23274203-23290254:-	16052
SAMPLE_005193	FRAG_005193	hg38:11:37540849-37544676:+	3828
SAMPLE_005194	FRAG_005194	hg19:2:42860666-42866784:-	6119
SAMPLE_005195	FRAG_005195	hg38:12:62625636-62709911:+	84276
SAMPLE_005196	FRAG_005196	hg19:3:36199376-36230863:+	31488
SAMPLE_005197	FRAG_005197	hg38:11:19587163-19629261:+	42099
SAMPLE_005198	FRAG_005198	hg19:1:92249203-92292166:-	42964
SAMPLE_005199	FRAG_005199	hg38:2:55785332-55854222:-	68891
SAMPLE_005200	FRAG_005200	hg19:18:49895258-49992508:+	97251
SAMPLE_005201	FRAG_005201	hg38:10:77333102-77373350:-	40249
SAMPLE_005202	FRAG_005202	hg19:13:167419853-167497217:-	77365
SAMPLE_005203	FRAG_005203	hg38:5:186317277-186383257:+	65981
SAMPLE_005204	FRAG_005204	hg19:14:172079775-172139125:-	59351
SAMPLE_005205	FRAG_005205	hg38:Y:173643080-173681939:-	38860
SAMPLE_005206	FRAG_005206	hg19:5:2708694-2807090:+	98397
SAMPLE_005207	FRAG_005207	hg38:12:199306279-199374321:+	68043
SAMPLE_005208	FRAG_005208	hg19:12:57143493-57181729:+	38237
SAMPLE_005209	FRAG_005209	hg38:17:47405487-47434617:+	29131
SAMPLE_005210	FRAG_005210	hg19:Y:52116477-52134503:+	18027
SAMPLE_005211	FRAG_005211	hg38:5:163827375-163854112:+	26738
SAMPLE_005212	FRAG_005212	hg19:21:169285398-169286825:-	1428
SAMPLE_005213	FRAG_005213	hg38:20:16833529-16846165:-	12637
SAMPLE_005214	FRAG_005214	hg19:Y:25119189-25120751:+	1563
SAMPLE_005215	FRAG_005215	hg38:14:132409316-132444207:+	34892
SAMPLE_005216	FRAG_005216	hg19:7:149376623-149471172:-	94550
SAMPLE_005217	FRAG_005217	hg38:12:143945400-143949074:+	3675
SAMPLE_005218	FRAG_005218	hg19:16:140232450-140285905:+	53456
SAMPLE_005219	FRAG_005219	hg38:22:48497281-48557552:+	60272
SAMPLE_005220	FRAG_005220	hg19:12:125624228-125687651:-	63424
SAMPLE_005221	FRAG_005221	hg38:9:98492375-98590762:-	98388
SAMPLE_005222	FRAG_005222	hg19:16:102712773-102731054:+	18282
SAMPLE_005223	FRAG_005223	hg38:19:88358089-88362873:+	4785
SAMPLE_005224	FRAG_005224	hg19:20:138151235-138163561:-	12327
SAMPLE_005225	FRAG_005225	hg38:13:149659492-149746194:+	86703
SAMPLE_005226	FRAG_005226	hg19:Y:106359726-106373627:+	13902
SAMPLE_005227	FRAG_005227	hg38:18:193814258-193838566:-	24309
SAMPLE_005228	FRAG_005228	hg19:4:126835154-126920249:+	85096
SAMPLE_005229	FRAG_005229	hg38:3:185544770-185605190:+	60421
SAMPLE_005230	FRAG_005230	hg19:7:193520392-193578942:+	58551
SAMPLE_005231	FRAG_005231	hg38:19:157378262-157464665:+	86404
SAMPLE_005232	FRAG_005232	hg19:1:49798683-49841888:+	43206
SAMPLE_005233	FRAG_005233	hg38:5:153169244-153245325:+	76082
SAMPLE_005234	FRAG_005234	hg19:Y:46954156-47008648:+	54493
SAMPLE_005235	FRAG_005235	hg38:Y:88766234-88822713:+	56480
SAMPLE_005236	FRAG_005236	hg19:21:64423799-64464038:+	40240
SAMPLE_005237	FRAG_005237	hg38:8:88269041-88291371:-	22331
SAMPLE_005238	FRAG_005238	hg19:X:156049702-156082250:+	32549
SAMPLE_005239	FRAG_005239	hg38:11:83694607-83767974:-	73368
SAMPLE_005240	FRAG_005240	hg19:14:132292646-132309156:-	16511
SAMPLE_005241	FRAG_005241	hg38:Y:133366003-133463975:+	97973
SAMPLE_005242	FRAG_005242	hg19:6:78804082-78856103:+	52022
SAMPLE_005243	FRAG_005243	hg38:1:90288120-90363466:-	75347
SAMPLE_005244	FRAG_005244	hg19:9:134712366-134788573:+	76208
SAMPLE_005245	FRAG_005245	hg38:6:163029632-163088697:-	59066
SAMPLE_005246	FRAG_005246	hg19:1:154288245-154313227:+	24983
SAMPLE_005247	FRAG_005247	hg38:15:44510588-44520246:+	9659
SAMPLE_005248	FRAG_005248	hg19:11:179971426-180004232:-	32807
SAMPLE_005249	FRAG_005249	hg38:17:193941908-194007641:+	65734
SAMPLE_005250	FRAG_005250	hg19:7:191030464-191095231:-	64768
SAMPLE_005251	FRAG_005251	hg38:5:150870803-150947268:+	76466
SAMPLE_005252	FRAG_005252	hg19:5:8537230-8557290:+	20061
SAMPLE_005253	FRAG_005253	hg38:5:107604224-107652473:+	48250
SAMPLE_005254	FRAG_005254	hg19:18:47510827-47536025:+	25199
SAMPLE_005255	FRAG_005255	hg38:2:149769618-149804891:-	35274
SAMPLE_005256	FRAG_005256	hg19:20:125984089-126074505:-	90417
SAMPLE_005257	FRAG_005257	hg38:12:57528676-57618775:-	90100
SAMPLE_005258	FRAG_005258	hg19:22:96929240-96997153:+	67914
SAMPLE_005259	FRAG_005259	hg38:8:144610169-144694216:-	84048
SAMPLE_005260	FRAG_005260	hg19:2:11854936-11953818:+	98883
SAMPLE_005261	FRAG_005261	hg38:1:82095299-82132253:+	36955
SAMPLE_005262	FRAG_005262	hg19:13:23014358-23099451:-	85094
SAMPLE_005263	FRAG_005263	hg38:4:18826379-18887199:-	60821
SAMPLE_005264	FRAG_005264	hg19:6:196409678-196437708:+	28031
SAMPLE_005265	FRAG_005265	hg38:1:173580287-173600343:+	20057
SAMPLE_005266	FRAG_005266	hg19:Y:94481989-94559411:+	77423
SAMPLE_005267	FRAG_005267	hg38:3:54375570-54415756:-	40187
SAMPLE_005268	FRAG_005268	hg19:9:198279154-198365341:+	86188
SAMPLE_005269	FRAG_005269	hg38:2:53702635-53783360:+	80726
SAMPLE_005270	FRAG_005270	hg19:19:127190598-127245568:+	54971
SAMPLE_005271	FRAG_005271	hg38:7:160312407-160402922:-	90516
SAMPLE_005272	FRAG_005272	hg19:3:31915749-31996031:+	80283
SAMPLE_005273	FRAG_005273	hg38:13:170997675-171004520:+	6846
SAMPLE_005274	FRAG_005274	hg19:Y:32020293-32040687:+	20395
SAMPLE_005275	FRAG_005275	hg38:6:185357698-185373673:-	15976
SAMPLE_005276	FRAG_005276	hg19:14:178216475-178278126:+	61652
SAMPLE_005277	FRAG_005277	hg38:2:163628214-163643808:+	15595
SAMPLE_005278	FRAG_005278	hg19:4:103698588-103713860:-	15273
SAMPLE_005279	FRAG_005279	hg38:4:49508161-49525634:+	17474
SAMPLE_005280	FRAG_005280	hg19:4:194722000-194803437:+	81438
SAMPLE_005281	FRAG_005281	hg38:15:195078662-195096985:-	18324
SAMPLE_005282	FRAG_005282	hg19:22:143044021-143141851:-	97831
SAMPLE_005283	FRAG_005283	hg38:8:168228313-168254757:+	26445
SAMPLE_005284	FRAG_005284	hg19:2:154513900-154552883:+	38984
SAMPLE_005285	FRAG_005285	hg38:14:91546818-91597161:+	50344
SAMPLE_005286	FRAG_005286	hg19:18:178257923-178260179:+	2257
SAMPLE_005287	FRAG_005287	hg38:15:179548178-179633955:-	85778
SAMPLE_005288	FRAG_005288	hg19:17:41166472-41180553:-	14082
SAMPLE_005289	FRAG_005289	hg38:6:25186159-25199825:-	13667
SAMPLE_005290	FRAG_005290	hg19:1:184352615-184426302:-	73688
SAMPLE_005291	FRAG_005291	hg38:21:38745035-38814322:-	69288
SAMPLE_005292	FRAG_005292	hg19:1:179489038-179565090:-	76053
SAMPLE_005293	FRAG_005293	hg38:5:161074306-161094482:-	20177
SAMPLE_005294	FRAG_005294	hg19:13:5594244-5611626:+	17383
SAMPLE_005295	FRAG_005295	hg38:X:94945787-94994353:-	48567
SAMPLE_005296	FRAG_005296	hg19:3:198563998-198661767:+	97770
SAMPLE_005297	FRAG_005297	hg38:7:180033176-180127479:-	94304
SAMPLE_005298	FRAG_005298	hg19:5:157621049-157712585:-	91537
SAMPLE_005299	FRAG_005299	hg38:1:62435007-62448242:-	13236
SAMPLE_005300	FRAG_005300	hg19:4:74943751-74962846:+	19096
SAMPLE_005301	FRAG_005301	hg38:14:148557621-148605176:-	47556
SAMPLE_005302	FRAG_005302	hg19:18:104983506-105032067:-	48562
SAMPLE_005303	FRAG_005303	hg38:5:8259072-8287359:-	28288
SAMPLE_005304	FRAG_005304	hg19:3:42921717-43019556:+	97840
SAMPLE_005305	FRAG_005305	hg38:5:15445961-15509617:-	63657
SAMPLE_005306	FRAG_005306	hg19:4:165886788-165934711:+	47924
SAMPLE_005307	FRAG_005307	hg38:16:150660391-150691142:-	30752
SAMPLE_005308	FRAG_005308	hg19:9:45654731-45663134:+	8404
SAMPLE_005309	FRAG_005309	hg38:15:194688930-194783648:+	94719
SAMPLE_005310	FRAG_005310	hg19:14:159595069-159651430:+	56362
SAMPLE_005311	FRAG_005311	hg38:14:35893283-35923692:+	30410
SAMPLE_005312	FRAG_005312	hg19:10:175508351-175578455:+	70105
SAMPLE_005313	FRAG_005313	hg38:11:71078257-71120625:+	42369
SAMPLE_005314	FRAG_005314	hg19:22:173346565-173429866:+	83302
SAMPLE_005315	FRAG_005315	hg38:8:191678218-191770624:-	92407
SAMPLE_005316	FRAG_005316	hg19:2:16743146-16776373:+	33228
SAMPLE_005317	FRAG_005317	hg38:1:98492207-98573464:-	81258
SAMPLE_005318	FRAG_005318	hg19:16:172755388-172829867:-	74480
SAMPLE_005319	FRAG_005319	hg38:12:83747733-83803700:+	55968
SAMPLE_005320	FRAG_005320	hg19:12:159409909-159468448:-	58540
SAMPLE_005321	FRAG_005321	hg38:12:115130730-115168590:+	37861
SAMPLE_005322	FRAG_005322	hg19:8:129733992-129767426:+	33435
SAMPLE_005323	FRAG_005323	hg38:5:124948964-124982375:-	33412
SAMPLE_005324	FRAG_005324	hg19:1:12844338-12859328:+	14991
SAMPLE_005325	FRAG_005325	hg38:4:33920070-33987963:+	67894
SAMPLE_005326	FRAG_005326	hg19:7:198751853-198755844:-	3992
SAMPLE_005327	FRAG_005327	hg38:18:27944796-27975422:-	30627
SAMPLE_005328	FRAG_005328	hg19:13:25154006-25190703:-	36698
SAMPLE_005329	FRAG_005329	hg38:6:139587834-139643882:+	56049
SAMPLE_005330	FRAG_005330	hg19:18:139741382-139743601:+	2220
SAMPLE_005331	FRAG_005331	hg38:Y:99312845-99401187:-	88343
SAMPLE_005332	FRAG_005332	hg19:4:160114413-160134327:+	19915
SAMPLE_005333	FRAG_005333	hg38:Y:92997928-93012606:+	14679
SAMPLE_005334	FRAG_005334	hg19:15:53475307-53486873:+	11567
SAMPLE_005335	FRAG_005335	hg38:14:28290879-28350748:+	59870
SAMPLE_005336	FRAG_005336	hg19:2:192292810-192353857:+	61048
SAMPLE_005337	FRAG_005337	hg38:11:13830781-13841727:-	10947
SAMPLE_005338	FRAG_005338	hg19:12:74966797-75036855:-	70059
SAMPLE_005339	FRAG_005339	hg38:10:108539842-108566489:+	26648
SAMPLE_005340	FRAG_005340	hg19:4:53761953-53854735:+	92783
SAMPLE_005341	FRAG_005341	hg38:1:117795218-117869789:+	74572
SAMPLE_005342	FRAG_005342	hg19:12:142766757-142836945:-	70189
SAMPLE_005343	FRAG_005343	hg38:15:189819583-189875906:-	56324
SAMPLE_005344	FRAG_005344	hg19:20:134190732-134224491:+	33760
SAMPLE_005345	FRAG_005345	hg38:7:151661511-151677803:+	16293
SAMPLE_005346	FRAG_005346	hg19:11:181133819-181160396:+	26578
SAMPLE_005347	FRAG_005347	hg38:20:43032822-43086087:-	53266
SAMPLE_005348	FRAG_005348	hg19:9:106662656-106720495:-	57840
SAMPLE_005349	FRAG_005349	hg38:5:95820459-95831303:+	10845
SAMPLE_005350	FRAG_005350	hg19:17:38103691-38135719:-	32029
SAMPLE_005351	FRAG_005351	hg38:1:16456750-16461454:-	4705
SAMPLE_005352	FRAG_005352	hg19:13:115236345-115291213:+	54869
SAMPLE_005353	FRAG_005353	hg38:10:169265448-169309244:+	43797
SAMPLE_005354	FRAG_005354	hg19:3:14576809-14592575:-	15767
SAMPLE_005355	FRAG_005355	hg38:19:179922036-179986190:-	64155
SAMPLE_005356	FRAG_005356	hg19:4:11026263-11059833:+	33571
SAMPLE_005357	FRAG_005357	hg38:Y:71516435-71602799:+	86365
SAMPLE_005358	FRAG_005358	hg19:18:19238766-19311621:-	72856
SAMPLE_005359	FRAG_005359	hg38:19:85569778-85570673:+	896
SAMPLE_005360	FRAG_005360	hg19:22:18657369-18750631:-	93263
SAMPLE_005361	FRAG_005361	hg38:6:69591080-69597122:+	6043
SAMPLE_005362	FRAG_005362	hg19:19:174566087-174605596:-	39510
SAMPLE_005363	FRAG_005363	hg38:13:143052798-143132740:-	79943
SAMPLE_005364	FRAG_005364	hg19:21:174953400-174983217:+	29818
SAMPLE_005365	FRAG_005365	hg38:7:159462055-159523272:-	61218
SAMPLE_005366	FRAG_005366	hg19:22:112286969-112303233:-	16265
SAMPLE_005367	FRAG_005367	hg38:20:79548515-79621961:+	73447
SAMPLE_005368	FRAG_005368	hg19:14:27729934-27780503:+	50570
SAMPLE_005369	FRAG_005369	hg38:7:77948372-78012435:+	64064
SAMPLE_005370	FRAG_005370	hg19:16:154281451-154344850:-	63400
SAMPLE_005371	FRAG_005371	hg38:8:47760226-47791303:-	31078
SAMPLE_005372	FRAG_005372	hg19:14:57622544-57647031:-	24488
SAMPLE_005373	FRAG_005373	hg38:19:31585117-31660125:-	75009
SAMPLE_005374	FRAG_005374	hg19:1:191988307-191997587:-	9281
SAMPLE_005375	FRAG_005375	hg38:6:178253916-178310879:+	56964
SAMPLE_005376	FRAG_005376	hg19:1:126431427-126460020:+	28594
SAMPLE_005377	FRAG_005377	hg38:17:146102874-146163763:+	60890
SAMPLE_005378	FRAG_005378	hg19:4:111257695-111269862:+	12168
SAMPLE_005379	FRAG_005379	hg38:6:179605672-179692777:+	87106
SAMPLE_005380	FRAG_005380	hg19:21:169515744-169602808:-	87065
SAMPLE_005381	FRAG_005381	hg38:4:23464914-23536945:+	72032
SAMPLE_005382	FRAG_005382	hg19:12:189392565-189482762:-	90198
SAMPLE_005383	FRAG_005383	hg38:5:23414572-23429745:-	15174
SAMPLE_005384	FRAG_005384	hg19:1:145284545-145380851:-	96307
SAMPLE_005385	FRAG_005385	hg38:22:9196886-9263998:+	67113
SAMPLE_005386	FRAG_005386	hg19:18:70802808-70855604:-	52797
SAMPLE_005387	FRAG_005387	hg38:18:44141959-44160577:+	18619
SAMPLE_005388	FRAG_005388	hg19:15:141108891-141156058:+	47168
SAMPLE_005389	FRAG_005389	hg38:19:137055971-137114188:-	58218
SAMPLE_005390	FRAG_005390	hg19:15:145713489-145715499:+	2011
SAMPLE_005391	FRAG_005391	hg38:2:70659183-70663049:+	3867
SAMPLE_005392	FRAG_005392	hg19:14:86952534-87015201:-	62668
SAMPLE_005393	FRAG_005393	hg38:22:49272739-49285519:+	12781
SAMPLE_005394	FRAG_005394	hg19:13:23851383-23925731:-	74349
SAMPLE_005395	FRAG_005395	hg38:20:25562839-25616190:+	53352
SAMPLE_005396	FRAG_005396	hg19:6:135132994-135200457:-	67464
SAMPLE_005397	FRAG_005397	hg38:6:180962443-181041572:-	79130
SAMPLE_005398	FRAG_005398	hg19:18:41382628-41449277:-	66650
SAMPLE_005399	FRAG_005399	hg38:Y:106254758-106353843:-	99086
SAMPLE_005400	FRAG_005400	hg19:22:14428585-14512365:-	83781
SAMPLE_005401	FRAG_005401	hg38:2:96198285-96275964:+	77680
SAMPLE_005402	FRAG_005402	hg19:X:70431216-70447170:+	15955
SAMPLE_005403	FRAG_005403	hg38:19:31197109-31253119:-	56011
SAMPLE_005404	FRAG_005404	hg19:14:133702536-133708804:+	6269
SAMPLE_005405	FRAG_005405	hg38:6:77267201-77331598:+	64398
SAMPLE_005406	FRAG_005406	hg19:11:102304008-102399254:-	95247
SAMPLE_005407	FRAG_005407	hg38:4:156970059-157030882:-	60824
SAMPLE_005408	FRAG_005408	hg19:6:172798323-172837206:+	38884
SAMPLE_005409	FRAG_005409	hg38:20:189444651-189500414:-	55764
SAMPLE_005410	FRAG_005410	hg19:20:104006919-104056742:+	49824
SAMPLE_005411	FRAG_005411	hg38:Y:165229868-165265078:-	35211
SAMPLE_005412	FRAG_005412	hg19:1:122617304-122652621:-	35318
SAMPLE_005413	FRAG_005413	hg38:5:120170962-120179949:+	8988
SAMPLE_005414	FRAG_005414	hg19:5:91735993-91810001:+	74009
SAMPLE_005415	FRAG_005415	hg38:13:43897929-43917084:-	19156
SAMPLE_005416	FRAG_005416	hg19:19:170199204-170231574:-	32371
SAMPLE_005417	FRAG_005417	hg38:9:147756858-147828479:+	71622
SAMPLE_005418	FRAG_005418	hg19:1:155047146-155113512:+	66367
SAMPLE_005419	FRAG_005419	hg38:9:108409225-108479797:+	70573
SAMPLE_005420	FRAG_005420	hg19:20:118013227-118019111:+	5885
SAMPLE_005421	FRAG_005421	hg38:9:129721136-129773433:+	52298
SAMPLE_005422	FRAG_005422	hg19:17:162582699-162641547:+	58849
SAMPLE_005423	FRAG_005423	hg38:14:168299460-168302849:+	3390
SAMPLE_005424	FRAG_005424	hg19:3:20824777-20864584:+	39808
SAMPLE_005425	FRAG_005425	hg38:4:195554195-195631567:+	77373
SAMPLE_005426	FRAG_005426	hg19:12:161978075-162065236:+	87162
SAMPLE_005427	FRAG_005427	hg38:7:110355101-110449281:+	94181
SAMPLE_005428	FRAG_005428	hg19:8:128536472-128564934:-	28463
SAMPLE_005429	FRAG_005429	hg38:1:51084785-51130075:+	45291
SAMPLE_005430	FRAG_005430	hg19:2:87226181-87260039:+	33859
SAMPLE_005431	FRAG_005431	hg38:13:188993871-189037944:+	44074
SAMPLE_005432	FRAG_005432	hg19:6:75736902-75784628:-	47727
SAMPLE_005433	FRAG_005433	hg38:16:71379143-71398600:+	19458
SAMPLE_005434	FRAG_005434	hg19:20:116136724-116149984:-	13261
SAMPLE_005435	FRAG_005435	hg38:21:52874779-52879415:-	4637
SAMPLE_005436	FRAG_005436	hg19:9:153261780-153265982:-	4203
SAMPLE_005437	FRAG_005437	hg38:13:127177068-127185848:-	8781
SAMPLE_005438	FRAG_005438	hg19:Y:139455577-139464639:+	9063
SAMPLE_005439	FRAG_005439	hg38:X:160597546-160631952:+	34407
SAMPLE_005440	FRAG_005440	hg19:18:196819844-196891258:+	71415
SAMPLE_005441	FRAG_005441	hg38:13:148948994-149010012:+	61019
SAMPLE_005442	FRAG_005442	hg19:4:22372685-22408769:-	36085
SAMPLE_005443	FRAG_005443	hg38:9:139773505-139828228:+	54724
SAMPLE_005444	FRAG_005444	hg19:8:168113826-168157113:+	43288
SAMPLE_005445	FRAG_005445	hg38:13:102074474-102157101:-	82628
SAMPLE_005446	FRAG_005446	hg19:18:166481913-166537748:+	55836
SAMPLE_005447	FRAG_005447	hg38:X:107254152-107330904:-	76753
SAMPLE_005448	FRAG_005448	hg19:10:103317507-103384423:-	66917
SAMPLE_005449	FRAG_005449	hg38:X:88866070-88878404:-	12335
SAMPLE_005450	FRAG_005450	hg19:19:85169458-85204195:+	34738
SAMPLE_005451	FRAG_005451	hg38:4:165738063-165754830:+	16768
SAMPLE_005452	FRAG_005452	hg19:Y:183408079-183487104:+	79026
SAMPLE_005453	FRAG_005453	hg38:2:129246840-129337444:-	90605
SAMPLE_005454	FRAG_005454	hg19:8:103405417-103497271:+	91855
SAMPLE_005455	FRAG_005455	hg38:12:19893469-19908830:-	15362
SAMPLE_005456	FRAG_005456	hg19:3:184278617-184334491:+	55875
SAMPLE_005457	FRAG_005457	hg38:8:145369276-145447894:-	78619
SAMPLE_005458	FRAG_005458	hg19:7:85392888-85448600:+	55713
SAMPLE_005459	FRAG_005459	hg38:14:174843766-174937241:+	93476
SAMPLE_005460	FRAG_005460	hg19:4:156496298-156564255:-	67958
SAMPLE_005461	FRAG_005461	hg38:11:161925404-161974712:+	49309
SAMPLE_005462	FRAG_005462	hg19:13:3061137-3125272:+	64136
SAMPLE_005463	FRAG_005463	hg38:1:177110837-177189208:-	78372
SAMPLE_005464	FRAG_005464	hg19:5:143365509-143405160:-	39652
SAMPLE_005465	FRAG_005465	hg38:6:79736778-79743431:-	6654
SAMPLE_005466	FRAG_005466	hg19:13:74543716-74633659:-	89944
SAMPLE_005467	FRAG_005467	hg38:14:111182099-111247806:+	65708
SAMPLE_005468	FRAG_005468	hg19:11:71365201-71422821:+	57621
SAMPLE_005469	FRAG_005469	hg38:1:85489416-85530644:-	41229
SAMPLE_005470	FRAG_005470	hg19:12:119942693-120007421:-	64729
SAMPLE_005471	FRAG_005471	hg38:18:154333057-154337381:-	4325
SAMPLE_005472	FRAG_005472	hg19:10:60252477-60294779:+	42303
SAMPLE_005473	FRAG_005473	hg38:17:8755458-8835728:-	80271
SAMPLE_005474	FRAG_005474	hg19:5:100194864-100227150:-	32287
SAMPLE_005475	FRAG_005475	hg38:13:36113003-36163474:+	50472
SAMPLE_005476	FRAG_005476	hg19:14:189065457-189110062:-	44606
SAMPLE_005477	FRAG_005477	hg38:2:107432077-107446784:-	14708
SAMPLE_005478	FRAG_005478	hg19:20:94153407-94233629:+	80223
SAMPLE_005479	FRAG_005479	hg38:2:187506955-187508654:-	1700
SAMPLE_005480	FRAG_005480	hg19:6:32786593-32811568:+	24976
SAMPLE_005481	FRAG_005481	hg38:5:49598615-49637663:-	39049
SAMPLE_005482	FRAG_005482	hg19:14:187280685-187343884:-	63200
SAMPLE_005483	FRAG_005483	hg38:10:37060694-37113783:-	53090
SAMPLE_005484	FRAG_005484	hg19:20:105728352-105737676:+	9325
SAMPLE_005485	FRAG_005485	hg38:4:48480196-48491058:-	10863
SAMPLE_005486	FRAG_005486	hg19:X:25776634-25790229:-	13596
SAMPLE_005487	FRAG_005487	hg38:17:144185861-144219285:-	33425
SAMPLE_005488	FRAG_005488	hg19:2:145109694-145110995:+	1302
SAMPLE_005489	FRAG_005489	hg38:4:159057460-159120163:-	62704
SAMPLE_005490	FRAG_005490	hg19:16:133750517-133844203:+	93687
SAMPLE_005491	FRAG_005491	hg38:7:47409579-47420450:-	10872
SAMPLE_005492	FRAG_005492	hg19:15:74335793-74338077:-	2285
SAMPLE_005493	FRAG_005493	hg38:5:110668951-110763596:-	94646
SAMPLE_005494	FRAG_005494	hg19:6:115081895-115166095:+	84201
SAMPLE_005495	FRAG_005495	hg38:5:30771564-30867804:+	96241
SAMPLE_005496	FRAG_005496	hg19:2:142938438-142965661:-	27224
SAMPLE_005497	FRAG_005497	hg38:8:129505906-129602797:-	96892
SAMPLE_005498	FRAG_005498	hg19:8:93803298-93860168:-	56871
SAMPLE_005499	FRAG_005499	hg38:18:124803579-124810381:-	6803
SAMPLE_005500	FRAG_005500	hg19:21:99917332-99939956:-	22625
SAMPLE_005501	FRAG_005501	hg38:17:84151358-84174772:+	23415
SAMPLE_005502	FRAG_005502	hg19:4:150650640-150739186:+	88547
SAMPLE_005503	FRAG_005503	hg38:17:68972635-69015640:-	43006
SAMPLE_005504	FRAG_005504	hg19:9:9438410-9445088:-	6679
SAMPLE_005505	FRAG_005505	hg38:9:176240371-176280912:-	40542
SAMPLE_005506	FRAG_005506	hg19:10:126419502-126505487:-	85986
SAMPLE_005507	FRAG_005507	hg38:Y:53830600-53850188:+	19589
SAMPLE_005508	FRAG_005508	hg19:4:52955438-52974279:+	18842
SAMPLE_005509	FRAG_005509	hg38:X:77629185-77688332:-	59148
SAMPLE_005510	FRAG_005510	hg19:22:197881255-197963122:+	81868
SAMPLE_005511	FRAG_005511	hg38:15:107875961-107933920:+	57960
SAMPLE_005512	FRAG_005512	hg19:8:79777706-79865302:+	87597
SAMPLE_005513	FRAG_005513	hg38:16:9242336-9265080:+	22745
SAMPLE_005514	FRAG_005514	hg19:18:102873126-102944259:+	71134
SAMPLE_005515	FRAG_005515	hg38:3:95926881-95989604:+	62724
SAMPLE_005516	FRAG_005516	hg19:21:17315027-17386685:+	71659
SAMPLE_005517	FRAG_005517	hg38:20:67286906-67338133:+	51228
SAMPLE_005518	FRAG_005518	hg19:9:192866439-192910054:+	43616
SAMPLE_005519	FRAG_005519	hg38:2:164445190-164496363:+	51174
SAMPLE_005520	FRAG_005520	hg19:11:147382865-147477629:+	94765
SAMPLE_005521	FRAG_005521	hg38:9:62589094-62671398:-	82305
SAMPLE_005522	FRAG_005522	hg19:8:4171646-4212198:+	40553
SAMPLE_005523	FRAG_005523	hg38:X:199724461-199808108:+	83648
SAMPLE_005524	FRAG_005524	hg19:17:192973060-192982619:-	9560
SAMPLE_005525	FRAG_005525	hg38:15:136601910-136664559:-	62650
SAMPLE_005526	FRAG_005526	hg19:17:115080948-115090223:-	9276
SAMPLE_005527	FRAG_005527	hg38:6:69210148-69247196:-	37049
SAMPLE_005528	FRAG_005528	hg19:22:71236879-71284493:-	47615
SAMPLE_005529	FRAG_005529	hg38:14:143737057-143744566:+	7510
SAMPLE_005530	FRAG_005530	hg19:18:185800102-185848000:+	47899
SAMPLE_005531	FRAG_005531	hg38:16:167306792-167386296:+	79505
SAMPLE_005532	FRAG_005532	hg19:15:149302822-149395671:+	92850
SAMPLE_005533	FRAG_005533	hg38:1:185211256-185295875:-	84620
SAMPLE_005534	FRAG_005534	hg19:8:160922147-161007010:+	84864
SAMPLE_005535	FRAG_005535	hg38:5:123538993-123609829:-	70837
SAMPLE_005536	FRAG_005536	hg19:18:104615164-104712045:-	96882
SAMPLE_005537	FRAG_005537	hg38:19:139108019-139177683:+	69665
SAMPLE_005538	FRAG_005538	hg19:X:17353321-17432312:-	78992
SAMPLE_005539	FRAG_005539	hg38:11:156363776-156427352:+	63577
SAMPLE_005540	FRAG_005540	hg19:16:74615967-74630183:-	14217
SAMPLE_005541	FRAG_005541	hg38:22:69127071-69145596:-	18526
SAMPLE_005542	FRAG_005542	hg19:8:25036171-25041444:-	5274
SAMPLE_005543	FRAG_005543	hg38:X:47984136-48017748:-	33613
SAMPLE_005544	FRAG_005544	hg19:5:150450651-150477853:+	27203
SAMPLE_005545	FRAG_005545	hg38:19:44683584-44743003:+	59420
SAMPLE_005546	FRAG_005546	hg19:8:28703437-28778386:+	74950
SAMPLE_005547	FRAG_005547	hg38:4:178041499-178126679:-	85181
SAMPLE_005548	FRAG_005548	hg19:1:43175601-43227466:+	51866
SAMPLE_005549	FRAG_005549	hg38:6:139159417-139227690:+	68274
SAMPLE_005550	FRAG_005550	hg19:X:150530855-150607123:+	76269
SAMPLE_005551	FRAG_005551	hg38:6:33514670-33534266:+	19597
SAMPLE_005552	FRAG_005552	hg19:4:50691234-50693686:+	2453
SAMPLE_005553	FRAG_005553	hg38:6:5369445-5370220:+	776
SAMPLE_005554	FRAG_005554	hg19:X:104599931-104668852:-	68922
SAMPLE_005555	FRAG_005555	hg38:14:31766550-31816778:+	50229
SAMPLE_005556	FRAG_005556	hg19:1:170484533-170551606:-	67074
SAMPLE_005557	FRAG_005557	hg38:X:33669323-33720446:+	51124
SAMPLE_005558	FRAG_005558	hg19:18:80315082-80326540:+	11459
SAMPLE_005559	FRAG_005559	hg38:12:25948518-25999311:-	50794
SAMPLE_005560	FRAG_005560	hg19:2:64144554-64240015:-	95462
SAMPLE_005561	FRAG_005561	hg38:11:66489828-66575507:+	85680
SAMPLE_005562	FRAG_005562	hg19:19:13714358-13781747:-	67390
SAMPLE_005563	FRAG_005563	hg38:9:148728477-148784175:+	55699
SAMPLE_005564	FRAG_005564	hg19:7:84035145-84076913:-	41769
SAMPLE_005565	FRAG_005565	hg38:19:182537855-182579824:+	41970
SAMPLE_005566	FRAG_005566	hg19:2:54299400-54300377:+	978
SAMPLE_005567	FRAG_005567	hg38:15:109522468-109621480:+	99013
SAMPLE_005568	FRAG_005568	hg19:1:75879452-75928455:-	49004
SAMPLE_005569	FRAG_005569	hg38:Y:102787880-102865492:-	77613
SAMPLE_005570	FRAG_005570	hg19:3:6246613-6290550:+	43938
SAMPLE_005571	FRAG_005571	hg38:14:180433522-180490755:-	57234
SAMPLE_005572	FRAG_005572	hg19:14:25703453-25739167:+	35715
SAMPLE_005573	FRAG_005573	hg38:1:106491745-106577087:-	85343
SAMPLE_005574	FRAG_005574	hg19:10:191309670-191321512:+	11843
SAMPLE_005575	FRAG_005575	hg38:X:76750483-76780446:+	29964
SAMPLE_005576	FRAG_005576	hg19:15:87954568-88026062:+	71495
SAMPLE_005577	FRAG_005577	hg38:13:159774549-159855541:-	80993
SAMPLE_005578	FRAG_005578	hg19:20:12262925-12324953:+	62029
SAMPLE_005579	FRAG_005579	hg38:12:53250247-53324368:-	74122
SAMPLE_005580	FRAG_005580	hg19:14:55305054-55377411:-	72358
SAMPLE_005581	FRAG_005581	hg38:18:102447300-102466257:-	18958
SAMPLE_005582	FRAG_005582	hg19:6:163922402-163973811:-	51410
SAMPLE_005583	FRAG_005583	hg38:1:63835328-63905027:-	69700
SAMPLE_005584	FRAG_005584	hg19:18:140596908-140670207:+	73300
SAMPLE_005585	FRAG_005585	hg38:16:184107393-184177247:-	69855
SAMPLE_005586	FRAG_005586	hg19:20:98733153-98743174:+	10022
SAMPLE_005587	FRAG_005587	hg38:12:116092861-116170870:+	78010
SAMPLE_005588	FRAG_005588	hg19:12:21812973-21872917:-	59945
SAMPLE_005589	FRAG_005589	hg38:13:187083071-187086633:+	3563
SAMPLE_005590	FRAG_005590	hg19:5:24347300-24350718:+	3419
SAMPLE_005591	FRAG_005591	hg38:14:97235906-97328357:-	92452
SAMPLE_005592	FRAG_005592	hg19:21:155971070-156039985:+	68916
SAMPLE_005593	FRAG_005593	hg38:13:82262303-82264727:+	2425
SAMPLE_005594	FRAG_005594	hg19:18:154448355-154449620:-	1266
SAMPLE_005595	FRAG_005595	hg38:5:124744856-124754902:-	10047
SAMPLE_005596	FRAG_005596	hg19:11:85383914-85451324:+	67411
SAMPLE_005597	FRAG_005597	hg38:15:123653033-123717319:-	64287
SAMPLE_005598	FRAG_005598	hg19:X:181110583-181122906:+	12324
SAMPLE_005599	FRAG_005599	hg38:16:104373572-104412972:+	39401
SAMPLE_005600	FRAG_005600	hg19:3:146441192-146454348:+	13157
SAMPLE_005601	FRAG_005601	hg38:9:164356844-164369388:-	12545
SAMPLE_005602	FRAG_005602	hg19:5:72476612-72534224:+	57613
SAMPLE_005603	FRAG_005603	hg38:6:162909136-162928104:-	18969
SAMPLE_005604	FRAG_005604	hg19:11:158742036-158809673:+	67638
SAMPLE_005605	FRAG_005605	hg38:15:190819555-190827052:-	7498
SAMPLE_005606	FRAG_005606	hg19:Y:99365850-99462216:-	96367
SAMPLE_005607	FRAG_005607	hg38:5:149593013-149607305:-	14293
SAMPLE_005608	FRAG_005608	hg19:22:101085733-101124721:-	38989
SAMPLE_005609	FRAG_005609	hg38:2:117801007-117843312:+	42306
SAMPLE_005610	FRAG_005610	hg19:1:38993264-39069519:+	76256
SAMPLE_005611	FRAG_005611	hg38:12:1016339-1081973:+	65635
SAMPLE_005612	FRAG_005612	hg19:Y:18010574-18017597:-	7024
SAMPLE_005613	FRAG_005613	hg38:8:92850865-92943655:-	92791
SAMPLE_005614	FRAG_005614	hg19:9:124308017-124315441:+	7425
SAMPLE_005615	FRAG_005615	hg38:7:75744812-75763138:-	18327
SAMPLE_005616	FRAG_005616	hg19:6:44742899-44809340:-	66442
SAMPLE_005617	FRAG_005617	hg38:Y:2357443-2394641:+	37199
SAMPLE_005618	FRAG_005618	hg19:3:140632244-140696375:+	64132
SAMPLE_005619	FRAG_005619	hg38:6:71281117-71371904:-	90788
SAMPLE_005620	FRAG_005620	hg19:8:37574255-37586562:-	12308
SAMPLE_005621	FRAG_005621	hg38:3:146557764-146609313:-	51550
SAMPLE_005622	FRAG_005622	hg19:1:18692873-18756479:+	63607
SAMPLE_005623	FRAG_005623	hg38:12:173196088-173270309:+	74222
SAMPLE_005624	FRAG_005624	hg19:3:155178842-155194567:-	15726
SAMPLE_005625	FRAG_005625	hg38:1:48781578-48862085:-	80508
SAMPLE_005626	FRAG_005626	hg19:4:24132063-24218668:-	86606
SAMPLE_005627	FRAG_005627	hg38:6:22708597-22765116:+	56520
SAMPLE_005628	FRAG_005628	hg19:Y:62045648-62093690:-	48043
SAMPLE_005629	FRAG_005629	hg38:2:37551320-37626466:+	75147
SAMPLE_005630	FRAG_005630	hg19:2:125117966-125122767:+	4802
SAMPLE_005631	FRAG_005631	hg38:14:85264600-85342909:+	78310
SAMPLE_005632	FRAG_005632	hg19:1:69833745-69897665:+	63921
SAMPLE_005633	FRAG_005633	hg38:17:84821219-84896953:-	75735
SAMPLE_005634	FRAG_005634	hg19:X:61935745-61974652:+	38908
SAMPLE_005635	FRAG_005635	hg38:19:126715093-126783998:-	68906
SAMPLE_005636	FRAG_005636	hg19:19:154836158-154909445:+	73288
SAMPLE_005637	FRAG_005637	hg38:14:36300621-36346289:-	45669
SAMPLE_005638	FRAG_005638	hg19:9:32022302-32084695:-	62394
SAMPLE_005639	FRAG_005639	hg38:Y:168612500-168624545:+	12046
SAMPLE_005640	FRAG_005640	hg19:16:84444403-84471402:+	27000
SAMPLE_005641	FRAG_005641	hg38:7:19984625-20080197:+	95573
SAMPLE_005642	FRAG_005642	hg19:9:13188026-13232078:+	44053
SAMPLE_005643	FRAG_005643	hg38:12:179237877-179311970:-	74094
SAMPLE_005644	FRAG_005644	hg19:8:50170902-50261133:+	90232
SAMPLE_005645	FRAG_005645	hg38:15:58266878-58306275:-	39398
SAMPLE_005646	FRAG_005646	hg19:15:141664986-141699043:+	34058
SAMPLE_005647	FRAG_005647	hg38:11:113924584-113944925:+	20342
SAMPLE_005648	FRAG_005648	hg19:13:147477181-147513463:-	36283
SAMPLE_005649	FRAG_005649	hg38:2:116230462-116328653:-	98192
SAMPLE_005650	FRAG_005650	hg19:7:148090199-148167805:+	77607
SAMPLE_005651	FRAG_005651	hg38:X:81416744-81450190:+	33447
SAMPLE_005652	FRAG_005652	hg19:18:48479989-48520286:-	40298
SAMPLE_005653	FRAG_005653	hg38:8:170281297-170331947:-	50651
SAMPLE_005654	FRAG_005654	hg19:13:146006718-146025291:+	18574
SAMPLE_005655	FRAG_005655	hg38:11:15246667-15290943:-	44277
SAMPLE_005656	FRAG_005656	hg19:15:190163225-190199991:+	36767
SAMPLE_005657	FRAG_005657	hg38:13:121523664-121571362:-	47699
SAMPLE_005658	FRAG_005658	hg19:12:98770119-98781111:-	10993
SAMPLE_005659	FRAG_005659	hg38:6:152550887-152578385:+	27499
SAMPLE_005660	FRAG_005660	hg19:Y:160468544-160470318:+	1775
SAMPLE_005661	FRAG_005661	hg38:18:88121385-88165571:+	44187
SAMPLE_005662	FRAG_005662	hg19:2:169830884-169896051:-	65168
SAMPLE_005663	FRAG_005663	hg38:Y:179800134-179804244:+	4111
SAMPLE_005664	FRAG_005664	hg19:8:23369977-23383547:+	13571
SAMPLE_005665	FRAG_005665	hg38:15:105126176-105193195:+	67020
SAMPLE_005666	FRAG_005666	hg19:20:6126206-6216709:+	90504
SAMPLE_005667	FRAG_005667	hg38:11:190021402-190060558:-	39157
SAMPLE_005668	FRAG_005668	hg19:22:15491061-15542555:+	51495
SAMPLE_005669	FRAG_005669	hg38:6:7386886-7470464:-	83579
SAMPLE_005670	FRAG_005670	hg19:X:100575872-100657764:+	81893
SAMPLE_005671	FRAG_005671	hg38:11:188537759-188573391:+	35633
SAMPLE_005672	FRAG_005672	hg19:22:1174491-1198206:+	23716
SAMPLE_005673	FRAG_005673	hg38:22:49919914-49938138:-	18225
SAMPLE_005674	FRAG_005674	hg19:11:96923904-96998575:+	74672
SAMPLE_005675	FRAG_005675	hg38:1:113120325-113141521:+	21197
SAMPLE_005676	FRAG_005676	hg19:3:30794670-30837047:-	42378
SAMPLE_005677	FRAG_005677	hg38:7:50148593-50243394:-	94802
SAMPLE_005678	FRAG_005678	hg19:21:185252380-185342844:-	90465
SAMPLE_005679	FRAG_005679	hg38:15:166795188-166878749:-	83562
SAMPLE_005680	FRAG_005680	hg19:2:76838264-76896180:+	57917
SAMPLE_005681	FRAG_005681	hg38:16:119901402-119914994:+	13593
SAMPLE_005682	FRAG_005682	hg19:5:160708481-160769757:+	61277
SAMPLE_005683	FRAG_005683	hg38:12:159346636-159439972:-	93337
SAMPLE_005684	FRAG_005684	hg19:21:62901112-62905287:+	4176
SAMPLE_005685	FRAG_005685	hg38:2:106406663-106408436:-	1774
SAMPLE_005686	FRAG_005686	hg19:22:59044281-59126312:-	82032
SAMPLE_005687	FRAG_005687	hg38:Y:55563113-55565211:+	2099
SAMPLE_005688	FRAG_005688	hg19:1:94471859-94508721:+	36863
SAMPLE_005689	FRAG_005689	hg38:2:115999963-116028578:+	28616
SAMPLE_005690	FRAG_005690	hg19:17:188563823-188644482:-	80660
SAMPLE_005691	FRAG_005691	hg38:3:146696315-146706252:-	9938
SAMPLE_005692	FRAG_005692	hg19:21:26177971-26258873:+	80903
SAMPLE_005693	FRAG_005693	hg38:21:166188099-166232744:+	44646
SAMPLE_005694	FRAG_005694	hg19:18:93907705-93955281:+	47577
SAMPLE_005695	FRAG_005695	hg38:12:153224970-153315387:-	90418
SAMPLE_005696	FRAG_005696	hg19:5:97998074-98004563:-	6490
SAMPLE_005697	FRAG_005697	hg38:3:16924901-16929759:-	4859
SAMPLE_005698	FRAG_005698	hg19:16:156050745-156125875:+	75131
SAMPLE_005699	FRAG_005699	hg38:21:107779185-107782203:-	3019
SAMPLE_005700	FRAG_005700	hg19:18:20780402-20788606:-	8205
SAMPLE_005701	FRAG_005701	hg38:X:129178104-129236174:-	58071
SAMPLE_005702	FRAG_005702	hg19:2:65863645-65955298:-	91654
SAMPLE_005703	FRAG_005703	hg38:17:187398411-187433913:+	35503
SAMPLE_005704	FRAG_005704	hg19:X:178761276-178790323:+	29048
SAMPLE_005705	FRAG_005705	hg38:19:83344390-83382765:-	38376
SAMPLE_005706	FRAG_005706	hg19:8:1746005-1749192:-	3188
SAMPLE_005707	FRAG_005707	hg38:16:102193979-102254571:+	60593
SAMPLE_005708	FRAG_005708	hg19:11:3160890-3204392:+	43503
SAMPLE_005709	FRAG_005709	hg38:6:94399123-94482575:+	83453
SAMPLE_005710	FRAG_005710	hg19:3:58046980-58112127:-	65148
SAMPLE_005711	FRAG_005711	hg38:11:35898724-35932659:-	33936
SAMPLE_005712	FRAG_005712	hg19:6:29391844-29429812:-	37969
SAMPLE_005713	FRAG_005713	hg38:18:50330451-50364343:+	33893
SAMPLE_005714	FRAG_005714	hg19:21:178567761-178592740:+	24980
SAMPLE_005715	FRAG_005715	hg38:8:83601689-83631197:-	29509
SAMPLE_005716	FRAG_005716	hg19:4:5089169-5098809:+	9641
SAMPLE_005717	FRAG_005717	hg38:19:173644541-173650261:-	5721
SAMPLE_005718	FRAG_005718	hg19:22:96608520-96615100:+	6581
SAMPLE_005719	FRAG_005719	hg38:1:146227302-146311320:-	84019
SAMPLE_005720	FRAG_005720	hg19:17:66223299-66256995:+	33697
SAMPLE_005721	FRAG_005721	hg38:5:24726002-24741790:-	15789
SAMPLE_005722	FRAG_005722	hg19:13:60040780-60099484:+	58705
SAMPLE_005723	FRAG_005723	hg38:20:76588708-76590058:-	1351
SAMPLE_005724	FRAG_005724	hg19:15:152014488-152058775:-	44288
SAMPLE_005725	FRAG_005725	hg38:11:50947260-51021892:+	74633
SAMPLE_005726	FRAG_005726	hg19:6:198822609-198900888:-	78280
SAMPLE_005727	FRAG_005727	hg38:10:107096789-107119240:+	22452
SAMPLE_005728	FRAG_005728	hg19:8:113496003-113527994:+	31992
SAMPLE_005729	FRAG_005729	hg38:1:38974302-39065793:-	91492
SAMPLE_005730	FRAG_005730	hg19:12:140763807-140810669:+	46863
SAMPLE_005731	FRAG_005731	hg38:3:125002079-125036110:-	34032
SAMPLE_005732	FRAG_005732	hg19:1:160943975-161035556:+	91582
SAMPLE_005733	FRAG_005733	hg38:1:31745104-31803919:+	58816
SAMPLE_005734	FRAG_005734	hg19:12:61572398-61594144:+	21747
SAMPLE_005735	FRAG_005735	hg38:6:116816231-116841508:+	25278
SAMPLE_005736	FRAG_005736	hg19:4:164207258-164292565:+	85308
SAMPLE_005737	FRAG_005737	hg38:3:141776391-141823102:+	46712
SAMPLE_005738	FRAG_005738	hg19:17:132220109-132295692:+	75584
SAMPLE_005739	FRAG_005739	hg38:22:152811899-152860375:+	48477
SAMPLE_005740	FRAG_005740	hg19:14:31082103-31096550:-	14448
SAMPLE_005741	FRAG_005741	hg38:7:100704547-100775239:-	70693
SAMPLE_005742	FRAG_005742	hg19:18:22891725-22964392:-	72668
SAMPLE_005743	FRAG_005743	hg38:19:125486942-125585695:-	98754
SAMPLE_005744	FRAG_005744	hg19:6:186416934-186509704:+	92771
SAMPLE_005745	FRAG_005745	hg38:13:139717788-139791164:+	73377
SAMPLE_005746	FRAG_005746	hg19:X:92179303-92186400:+	7098
SAMPLE_005747	FRAG_005747	hg38:16:188734151-188804770:+	70620
SAMPLE_005748	FRAG_005748	hg19:3:101780792-101853051:+	72260
SAMPLE_005749	FRAG_005749	hg38:17:129739461-129816228:+	76768
SAMPLE_005750	FRAG_005750	hg19:17:90039729-90076418:-	36690
SAMPLE_005751	FRAG_005751	hg38:2:26762953-26849613:+	86661
SAMPLE_005752	FRAG_005752	hg19:6:128982526-129077709:+	95184
SAMPLE_005753	FRAG_005753	hg38:1:48682797-48690370:+	7574
SAMPLE_005754	FRAG_005754	hg19:20:145057117-145096222:+	39106
SAMPLE_005755	FRAG_005755	hg38:21:37311339-37341806:+	30468
SAMPLE_005756	FRAG_005756	hg19:2:24804999-24838523:-	33525
SAMPLE_005757	FRAG_005757	hg38:9:75829369-75893736:+	64368
SAMPLE_005758	FRAG_005758	hg19:Y:141901939-141919697:+	17759
SAMPLE_005759	FRAG_005759	hg38:3:97610335-97666075:+	55741
SAMPLE_005760	FRAG_005760	hg19:X:181690955-181692791:+	1837
SAMPLE_005761	FRAG_005761	hg38:Y:198242726-198325446:+	82721
SAMPLE_005762	FRAG_005762	hg19:5:171199855-171205087:+	5233
SAMPLE_005763	FRAG_005763	hg38:2:192768711-192805516:+	36806
SAMPLE_005764	FRAG_005764	hg19:8:36053511-36071206:-	17696
SAMPLE_005765	FRAG_005765	hg38:16:35142872-35190448:+	47577
SAMPLE_005766	FRAG_005766	hg19:8:193697018-193746397:+	49380
SAMPLE_005767	FRAG_005767	hg38:2:136113798-136131420:+	17623
SAMPLE_005768	FRAG_005768	hg19:14:13625816-13670285:-	44470
SAMPLE_005769	FRAG_005769	hg38:9:53892912-53945298:+	52387
SAMPLE_005770	FRAG_005770	hg19:22:93458391-93466418:+	8028
SAMPLE_005771	FRAG_005771	hg38:15:124372631-124433019:-	60389
SAMPLE_005772	FRAG_005772	hg19:13:26757403-26834521:+	77119
SAMPLE_005773	FRAG_005773	hg38:5:184552675-184562485:+	9811
SAMPLE_005774	FRAG_005774	hg19:21:161582104-161603823:+	21720
SAMPLE_005775	FRAG_005775	hg38:14:185089739-185179712:+	89974
SAMPLE_005776	FRAG_005776	hg19:16:102500843-102540471:+	39629
SAMPLE_005777	FRAG_005777	hg38:6:143508606-143585394:+	76789
SAMPLE_005778	FRAG_005778	hg19:4:71778550-71782872:+	4323
SAMPLE_005779	FRAG_005779	hg38:Y:75062873-75134309:+	71437
SAMPLE_005780	FRAG_005780	hg19:20:106195039-106246275:+	51237
SAMPLE_005781	FRAG_005781	hg38:5:22786185-22861065:+	74881
SAMPLE_005782	FRAG_005782	hg19:4:131687233-131742755:+	55523
SAMPLE_005783	FRAG_005783	hg38:17:99486953-99494775:-	7823
SAMPLE_005784	FRAG_005784	hg19:18:113121206-113170014:-	48809
SAMPLE_005785	FRAG_005785	hg38:15:11892943-11992157:-	99215
SAMPLE_005786	FRAG_005786	hg19:8:106763896-106856201:+	92306
SAMPLE_005787	FRAG_005787	hg38:3:138477872-138553125:-	75254
SAMPLE_005788	FRAG_005788	hg19:12:17225463-17273366:-	47904
SAMPLE_005789	FRAG_005789	hg38:19:69380098-69418206:-	38109
SAMPLE_005790	FRAG_005790	hg19:21:119373397-119378637:-	5241
SAMPLE_005791	FRAG_005791	hg38:13:184840119-184866353:-	26235
SAMPLE_005792	FRAG_005792	hg19:20:193543313-193568527:+	25215
SAMPLE_005793	FRAG_005793	hg38:19:93285400-93340534:+	55135
SAMPLE_005794	FRAG_005794	hg19:10:163274175-163359506:-	85332
SAMPLE_005795	FRAG_005795	hg38:6:51941733-52001688:+	59956
SAMPLE_005796	FRAG_005796	hg19:6:37155473-37206479:-	51007
SAMPLE_005797	FRAG_005797	hg38:4:80327431-80339524:+	12094
SAMPLE_005798	FRAG_005798	hg19:9:111309700-111338568:+	28869
SAMPLE_005799	FRAG_005799	hg38:Y:176703360-176748885:-	45526
SAMPLE_005800	FRAG_005800	hg19:9:41615783-41704559:+	88777
SAMPLE_005801	FRAG_005801	hg38:22:138771307-138839267:+	67961
SAMPLE_005802	FRAG_005802	hg19:18:133336615-133433445:+	96831
SAMPLE_005803	FRAG_005803	hg38:Y:110404602-110486729:+	82128
SAMPLE_005804	FRAG_005804	hg19:21:195442534-195474503:-	31970
SAMPLE_005805	FRAG_005805	hg38:X:177634556-177646148:-	11593
SAMPLE_005806	FRAG_005806	hg19:9:54959069-54988482:-	29414
SAMPLE_005807	FRAG_005807	hg38:8:194317932-194335991:-	18060
SAMPLE_005808	FRAG_005808	hg19:15:99148940-99173904:+	24965
SAMPLE_005809	FRAG_005809	hg38:12:64310561-64380741:+	70181
SAMPLE_005810	FRAG_005810	hg19:8:55306339-55341013:+	34675
SAMPLE_005811	FRAG_005811	hg38:X:21816720-21848792:+	32073
SAMPLE_005812	FRAG_005812	hg19:X:180438662-180487112:-	48451
SAMPLE_005813	FRAG_005813	hg38:13:101357828-101361995:-	4168
SAMPLE_005814	FRAG_005814	hg19:12:196357716-196419413:-	61698
SAMPLE_005815	FRAG_005815	hg38:X:182231383-182305769:-	74387
SAMPLE_005816	FRAG_005816	hg19:16:122743910-122787770:-	43861
SAMPLE_005817	FRAG_005817	hg38:19:194421706-194515542:-	93837
SAMPLE_005818	FRAG_005818	hg19:Y:91061049-91144874:+	83826
SAMPLE_005819	FRAG_005819	hg38:12:118195199-118227145:-	31947
SAMPLE_005820	FRAG_005820	hg19:19:73706954-73769343:-	62390
SAMPLE_005821	FRAG_005821	hg38:13:160624401-160720337:-	95937
SAMPLE_005822	FRAG_005822	hg19:3:57001470-57058448:-	56979
SAMPLE_005823	FRAG_005823	hg38:5:48535409-48546272:-	10864
SAMPLE_005824	FRAG_005824	hg19:10:6939405-6988392:+	48988
SAMPLE_005825	FRAG_005825	hg38:19:166980454-167024474:-	44021
SAMPLE_005826	FRAG_005826	hg19:17:92721843-92733815:+	11973
SAMPLE_005827	FRAG_005827	hg38:13:39277654-39356264:-	78611
SAMPLE_005828	FRAG_005828	hg19:12:103350909-103426868:-	75960
SAMPLE_005829	FRAG_005829	hg38:10:49781126-49840172:+	59047
SAMPLE_005830	FRAG_005830	hg19:8:122655037-122657311:-	2275
SAMPLE_005831	FRAG_005831	hg38:5:99768872-99800775:+	31904
SAMPLE_005832	FRAG_005832	hg19:9:104295565-104319865:+	24301
SAMPLE_005833	FRAG_005833	hg38:10:180233776-180241174:-	7399
SAMPLE_005834	FRAG_005834	hg19:21:157637783-157709645:+	71863
SAMPLE_005835	FRAG_005835	hg38:8:112523150-112544281:+	21132
SAMPLE_005836	FRAG_005836	hg19:10:83932132-83974146:+	42015
SAMPLE_005837	FRAG_005837	hg38:X:122548964-122556781:-	7818
SAMPLE_005838	FRAG_005838	hg19:8:123915992-124002708:+	86717
SAMPLE_005839	FRAG_005839	hg38:4:5851159-5940874:+	89716
SAMPLE_005840	FRAG_005840	hg19:18:185216097-185301218:+	85122
SAMPLE_005841	FRAG_005841	hg38:16:96634925-96705000:+	70076
SAMPLE_005842	FRAG_005842	hg19:5:22313997-22330257:-	16261
SAMPLE_005843	FRAG_005843	hg38:Y:120892439-120964894:+	72456
SAMPLE_005844	FRAG_005844	hg19:18:86452574-86489884:+	37311
SAMPLE_005845	FRAG_005845	hg38:7:177614828-177662873:-	48046
SAMPLE_005846	FRAG_005846	hg19:Y:117217941-117241537:-	23597
SAMPLE_005847	FRAG_005847	hg38:9:183610281-183645783:-	35503
SAMPLE_005848	FRAG_005848	hg19:2:134471501-134486736:+	15236
SAMPLE_005849	FRAG_005849	hg38:21:174974293-174996235:+	21943
SAMPLE_005850	FRAG_005850	hg19:X:111306071-111375911:-	69841
SAMPLE_005851	FRAG_005851	hg38:Y:60744174-60764017:-	19844
SAMPLE_005852	FRAG_005852	hg19:15:36448749-36508619:-	59871
SAMPLE_005853	FRAG_005853	hg38:13:87949948-88039833:-	89886
SAMPLE_005854	FRAG_005854	hg19:7:126636003-126662058:+	26056
SAMPLE_005855	FRAG_005855	hg38:4:17628342-17665365:+	37024
SAMPLE_005856	FRAG_005856	hg19:21:96860963-96953247:+	92285
SAMPLE_005857	FRAG_005857	hg38:15:17879707-17950592:+	70886
SAMPLE_005858	FRAG_005858	hg19:12:175235323-175278483:+	43161
SAMPLE_005859	FRAG_005859	hg38:2:41797643-41801460:-	3818
SAMPLE_005860	FRAG_005860	hg19:22:196820505-196844358:+	23854
SAMPLE_005861	FRAG_005861	hg38:3:51011828-51052852:-	41025
SAMPLE_005862	FRAG_005862	hg19:15:53309361-53396704:+	87344
SAMPLE_005863	FRAG_005863	hg38:14:163192814-163196782:-	3969
SAMPLE_005864	FRAG_005864	hg19:8:186837788-186913478:+	75691
SAMPLE_005865	FRAG_005865	hg38:7:143025601-143078266:+	52666
SAMPLE_005866	FRAG_005866	hg19:16:10417341-10439398:+	22058
SAMPLE_005867	FRAG_005867	hg38:4:102491005-102517471:-	26467
SAMPLE_005868	FRAG_005868	hg19:12:42385955-42479408:-	93454
SAMPLE_005869	FRAG_005869	hg38:6:8191113-8286094:+	94982
SAMPLE_005870	FRAG_005870	hg19:19:170427764-170523454:-	95691
SAMPLE_005871	FRAG_005871	hg38:8:35311558-35357141:-	45584
SAMPLE_005872	FRAG_005872	hg19:20:177972484-178019152:+	46669
SAMPLE_005873	FRAG_005873	hg38:8:46359139-46379083:+	19945
SAMPLE_005874	FRAG_005874	hg19:21:119834750-119926111:+	91362
SAMPLE_005875	FRAG_005875	hg38:X:52030682-52111914:+	81233
SAMPLE_005876	FRAG_005876	hg19:1:98600600-98638759:-	38160
SAMPLE_005877	FRAG_005877	hg38:X:60608648-60700044:-	91397
SAMPLE_005878	FRAG_005878	hg19:8:61837453-61854886:-	17434
SAMPLE_005879	FRAG_005879	hg38:14:137170839-137182755:-	11917
SAMPLE_005880	FRAG_005880	hg19:2:107594650-107656692:+	62043
SAMPLE_005881	FRAG_005881	hg38:2:124242666-124315415:+	72750
SAMPLE_005882	FRAG_005882	hg19:17:105445541-105470607:-	25067
SAMPLE_005883	FRAG_005883	hg38:4:43518812-43585589:+	66778
SAMPLE_005884	FRAG_005884	hg19:13:27486604-27492159:+	5556
SAMPLE_005885	FRAG_005885	hg38:16:42868125-42884966:-	16842
SAMPLE_005886	FRAG_005886	hg19:4:174088835-174135762:+	46928
SAMPLE_005887	FRAG_005887	hg38:18:151383089-151472424:+	89336
SAMPLE_005888	FRAG_005888	hg19:X:133337372-133349620:-	12249
SAMPLE_005889	FRAG_005889	hg38:X:144380064-144414922:-	34859
SAMPLE_005890	FRAG_005890	hg19:13:54768726-54831939:-	63214
SAMPLE_005891	FRAG_005891	hg38:15:71506076-71605370:+	99295
SAMPLE_005892	FRAG_005892	hg19:5:59167530-59195530:+	28001
SAMPLE_005893	FRAG_005893	hg38:5:192145071-192166723:+	21653
SAMPLE_005894	FRAG_005894	hg19:21:164055265-164069674:-	14410
SAMPLE_005895	FRAG_005895	hg38:9:93907153-93927832:+	20680
SAMPLE_005896	FRAG_005896	hg19:X:184966354-185054016:+	87663
SAMPLE_005897	FRAG_005897	hg38:6:95956079-96052817:-	96739
SAMPLE_005898	FRAG_005898	hg19:2:50134552-50184468:-	49917
SAMPLE_005899	FRAG_005899	hg38:7:177117742-177166946:+	49205
SAMPLE_005900	FRAG_005900	hg19:13:171572401-171604651:-	32251
SAMPLE_005901	FRAG_005901	hg38:8:174880218-174889455:+	9238
SAMPLE_005902	FRAG_005902	hg19:18:73895265-73903028:-	7764
SAMPLE_005903	FRAG_005903	hg38:22:75029052-75094009:+	64958
SAMPLE_005904	FRAG_005904	hg19:8:131343353-131344679:-	1327
SAMPLE_005905	FRAG_005905	hg38:8:82843414-82917167:+	73754
SAMPLE_005906	FRAG_005906	hg19:21:87962047-88036167:+	74121
SAMPLE_005907	FRAG_005907	hg38:1:20256780-20343785:+	87006
SAMPLE_005908	FRAG_005908	hg19:13:108721171-108744544:+	23374
SAMPLE_005909	FRAG_005909	hg38:17:179233142-179271235:-	38094
SAMPLE_005910	FRAG_005910	hg19:8:194299062-194374391:-	75330
SAMPLE_005911	FRAG_005911	hg38:22:104647310-104695699:+	48390
SAMPLE_005912	FRAG_005912	hg19:11:75316047-75412293:-	96247
SAMPLE_005913	FRAG_005913	hg38:2:86475336-86523221:-	47886
SAMPLE_005914	FRAG_005914	hg19:19:47782902-47792932:+	10031
SAMPLE_005915	FRAG_005915	hg38:12:115922335-115934168:-	11834
SAMPLE_005916	FRAG_005916	hg19:3:152995250-153005906:-	10657
SAMPLE_005917	FRAG_005917	hg38:11:73912220-73968852:+	56633
SAMPLE_005918	FRAG_005918	hg19:19:25514594-25602980:-	88387
SAMPLE_005919	FRAG_005919	hg38:19:159627802-159656025:-	28224
SAMPLE_005920	FRAG_005920	hg19:15:134318779-134390990:-	72212
SAMPLE_005921	FRAG_005921	hg38:6:129086763-129095152:+	8390
SAMPLE_005922	FRAG_005922	hg19:5:69080853-69083732:+	2880
SAMPLE_005923	FRAG_005923	hg38:14:179956128-179977375:+	21248
SAMPLE_005924	FRAG_005924	hg19:3:176027695-176109819:-	82125
SAMPLE_005925	FRAG_005925	hg38:4:196679821-196698139:+	18319
SAMPLE_005926	FRAG_005926	hg19:5:20674065-20714866:+	40802
SAMPLE_005927	FRAG_005927	hg38:19:193321248-193353682:-	32435
SAMPLE_005928	FRAG_005928	hg19:20:125220496-125273886:-	53391
SAMPLE_005929	FRAG_005929	hg38:13:153040416-153045677:-	5262
SAMPLE_005930	FRAG_005930	hg19:7:45284787-45295010:-	10224
SAMPLE_005931	FRAG_005931	hg38:16:63095618-63159539:+	63922
SAMPLE_005932	FRAG_005932	hg19:20:36393646-36418442:-	24797
SAMPLE_005933	FRAG_005933	hg38:21:182180532-182232070:+	51539
SAMPLE_005934	FRAG_005934	hg19:15:187684209-187729156:-	44948
SAMPLE_005935	FRAG_005935	hg38:21:113838615-113910508:-	71894
SAMPLE_005936	FRAG_005936	hg19:8:56835881-56919925:-	84045
SAMPLE_005937	FRAG_005937	hg38:7:162764012-162779622:+	15611
SAMPLE_005938	FRAG_005938	hg19:21:89265785-89316383:-	50599
SAMPLE_005939	FRAG_005939	hg38:7:138571611-138576157:-	4547
SAMPLE_005940	FRAG_005940	hg19:6:34471006-34502067:+	31062
SAMPLE_005941	FRAG_005941	hg38:2:33494483-33515762:+	21280
SAMPLE_005942	FRAG_005942	hg19:12:94712276-94715857:-	3582
SAMPLE_005943	FRAG_005943	hg38:13:76910402-76946590:-	36189
SAMPLE_005944	FRAG_005944	hg19:10:2848892-2912297:+	63406
SAMPLE_005945	FRAG_005945	hg38:1:113975059-113993944:-	18886
SAMPLE_005946	FRAG_005946	hg19:13:83996706-84037335:-	40630
SAMPLE_005947	FRAG_005947	hg38:16:80925013-80978060:-	53048
SAMPLE_005948	FRAG_005948	hg19:19:84083320-84142819:+	59500
SAMPLE_005949	FRAG_005949	hg38:14:104523990-104550874:-	26885
SAMPLE_005950	FRAG_005950	hg19:14:10066332-10157352:-	91021
SAMPLE_005951	FRAG_005951	hg38:11:7188400-7193227:-	4828
SAMPLE_005952	FRAG_005952	hg19:8:85485959-85532726:+	46768
SAMPLE_005953	FRAG_005953	hg38:16:11102583-11129188:-	26606
SAMPLE_005954	FRAG_005954	hg19:9:115521182-115595742:+	74561
SAMPLE_005955	FRAG_005955	hg38:15:22227388-22285739:+	58352
SAMPLE_005956	FRAG_005956	hg19:21:175502872-175577483:-	74612
SAMPLE_005957	FRAG_005957	hg38:5:187816431-187891550:-	75120
SAMPLE_005958	FRAG_005958	hg19:8:56267814-56310399:+	42586
SAMPLE_005959	FRAG_005959	hg38:X:160333745-160382866:-	49122
SAMPLE_005960	FRAG_005960	hg19:Y:49116051-49117592:-	1542
SAMPLE_005961	FRAG_005961	hg38:12:44355546-44370478:+	14933
SAMPLE_005962	FRAG_005962	hg19:15:182038548-182093248:+	54701
SAMPLE_005963	FRAG_005963	hg38:14:64020788-64060570:+	39783
SAMPLE_005964	FRAG_005964	hg19:11:78841150-78922137:-	80988
SAMPLE_005965	FRAG_005965	hg38:20:94598327-94650399:-	52073
SAMPLE_005966	FRAG_005966	hg19:14:117668634-117755307:+	86674
SAMPLE_005967	FRAG_005967	hg38:10:71256329-71300135:-	43807
SAMPLE_005968	FRAG_005968	hg19:Y:83514791-83544310:-	29520
SAMPLE_005969	FRAG_005969	hg38:3:165278933-165319455:+	40523
SAMPLE_005970	FRAG_005970	hg19:13:162995595-163070724:+	75130
SAMPLE_005971	FRAG_005971	hg38:20:190431465-190463743:-	32279
SAMPLE_005972	FRAG_005972	hg19:9:122034970-122111270:-	76301
SAMPLE_005973	FRAG_005973	hg38:8:73380720-73456574:-	75855
SAMPLE_005974	FRAG_005974	hg19:9:142149949-142152699:+	2751
SAMPLE_005975	FRAG_005975	hg38:5:13816244-13846172:-	29929
SAMPLE_005976	FRAG_005976	hg19:17:35441262-35496828:-	55567
SAMPLE_005977	FRAG_005977	hg38:Y:155516680-155545821:-	29142
SAMPLE_005978	FRAG_005978	hg19:4:43330480-43363639:+	33160
SAMPLE_005979	FRAG_005979	hg38:1:120599555-120674897:+	75343
SAMPLE_005980	FRAG_005980	hg19:2:47529820-47620925:+	91106
SAMPLE_005981	FRAG_005981	hg38:16:129561842-129568023:-	6182
SAMPLE_005982	FRAG_005982	hg19:10:94347800-94416269:+	68470
SAMPLE_005983	FRAG_005983	hg38:10:191523506-191606619:-	83114
SAMPLE_005984	FRAG_005984	hg19:12:127867328-127911956:+	44629
SAMPLE_005985	FRAG_005985	hg38:5:66614712-66620098:+	5387
SAMPLE_005986	FRAG_005986	hg19:2:75662010-75702062:-	40053
SAMPLE_005987	FRAG_005987	hg38:10:18203570-18254073:+	50504
SAMPLE_005988	FRAG_005988	hg19:Y:60980846-61061421:+	80576
SAMPLE_005989	FRAG_005989	hg38:1:198916579-198935616:-	19038
SAMPLE_005990	FRAG_005990	hg19:4:31816052-31834424:+	18373
SAMPLE_005991	FRAG_005991	hg38:Y:90474491-90535475:-	60985
SAMPLE_005992	FRAG_005992	hg19:12:190778173-190847978:-	69806
SAMPLE_005993	FRAG_005993	hg38:7:157323462-157367315:-	43854
SAMPLE_005994	FRAG_005994	hg19:21:127527941-127617246:+	89306
SAMPLE_005995	FRAG_005995	hg38:18:22174536-22231427:+	56892
SAMPLE_005996	FRAG_005996	hg19:3:190466113-190500833:-	34721
SAMPLE_005997	FRAG_005997	hg38:18:51775256-51814859:-	39604
SAMPLE_005998	FRAG_005998	hg19:X:107447751-107491144:-	43394
SAMPLE_005999	FRAG_005999	hg38:8:20455928-20467521:+	11594
SAMPLE_006000	FRAG_006000	hg19:18:100585961-100658645:+	72685
SAMPLE_006001	FRAG_006001	hg38:7:50275939-50315317:+	39379
SAMPLE_006002	FRAG_006002	hg19:14:181052681-181073833:+	21153
SAMPLE_006003	FRAG_006003	hg38:2:53318822-53351913:-	33092
SAMPLE_006004	FRAG_006004	hg19:15:50153644-50192514:-	38871
SAMPLE_006005	FRAG_006005	hg38:14:177099909-177127659:+	27751
SAMPLE_006006	FRAG_006006	hg19:1:63274528-63314513:-	39986
SAMPLE_006007	FRAG_006007	hg38:X:112584651-112661099:-	76449
SAMPLE_006008	FRAG_006008	hg19:18:9769662-9773833:-	4172
SAMPLE_006009	FRAG_006009	hg38:X:38814044-38907321:-	93278
SAMPLE_006010	FRAG_006010	hg19:13:157381557-157480787:+	99231
SAMPLE_006011	FRAG_006011	hg38:5:25070763-25156959:-	86197
SAMPLE_006012	FRAG_006012	hg19:15:18290274-18328265:-	37992
SAMPLE_006013	FRAG_006013	hg38:9:11077033-11102215:-	25183
SAMPLE_006014	FRAG_006014	hg19:7:16688805-16731055:+	42251
SAMPLE_006015	FRAG_006015	hg38:8:99411843-99482670:+	70828
SAMPLE_006016	FRAG_006016	hg19:6:151078113-151099843:-	21731
SAMPLE_006017	FRAG_006017	hg38:14:91822574-91874301:+	51728
SAMPLE_006018	FRAG_006018	hg19:15:91402107-91501120:+	99014
SAMPLE_006019	FRAG_006019	hg38:7:36829843-36856692:+	26850
SAMPLE_006020	FRAG_006020	hg19:20:3501625-3532765:+	31141
SAMPLE_006021	FRAG_006021	hg38:1:89634450-89652570:-	18121
SAMPLE_006022	FRAG_006022	hg19:19:58854885-58869514:+	14630
SAMPLE_006023	FRAG_006023	hg38:1:6896605-6927214:+	30610
SAMPLE_006024	FRAG_006024	hg19:7:110599908-110633651:-	33744
SAMPLE_006025	FRAG_006025	hg38:15:198048596-198057971:+	9376
SAMPLE_006026	FRAG_006026	hg19:22:123485554-123542122:-	56569
SAMPLE_006027	FRAG_006027	hg38:1:115586549-115644397:+	57849
SAMPLE_006028	FRAG_006028	hg19:16:164735201-164815610:-	80410
SAMPLE_006029	FRAG_006029	hg38:11:16211039-16244191:+	33153
SAMPLE_006030	FRAG_006030	hg19:9:100373493-100458108:+	84616
SAMPLE_006031	FRAG_006031	hg38:2:47450488-47461242:+	10755
SAMPLE_006032	FRAG_006032	hg19:Y:150284636-150361382:-	76747
SAMPLE_006033	FRAG_006033	hg38:16:64079059-64101922:+	22864
SAMPLE_006034	FRAG_006034	hg19:7:193398124-193434124:+	36001
SAMPLE_006035	FRAG_006035	hg38:2:146004475-146021627:-	17153
SAMPLE_006036	FRAG_006036	hg19:15:157102647-157112072:+	9426
SAMPLE_006037	FRAG_006037	hg38:3:193655946-193715980:+	60035
SAMPLE_006038	FRAG_006038	hg19:6:36541593-36628850:-	87258
SAMPLE_006039	FRAG_006039	hg38:2:16700707-16750135:-	49429
SAMPLE_006040	FRAG_006040	hg19:Y:70509617-70564325:-	54709
SAMPLE_006041	FRAG_006041	hg38:Y:128852333-128866147:-	13815
SAMPLE_006042	FRAG_006042	hg19:11:112110796-112145432:+	34637
SAMPLE_006043	FRAG_006043	hg38:20:50090599-50169835:-	79237
SAMPLE_006044	FRAG_006044	hg19:2:97572542-97623676:+	51135
SAMPLE_006045	FRAG_006045	hg38:18:42362189-42420452:-	58264
SAMPLE_006046	FRAG_006046	hg19:21:92128039-92147980:+	19942
SAMPLE_006047	FRAG_006047	hg38:6:86002207-86023094:+	20888
SAMPLE_006048	FRAG_006048	hg19:19:93138352-93229040:-	90689
SAMPLE_006049	FRAG_006049	hg38:13:144284532-144384416:-	99885
SAMPLE_006050	FRAG_006050	hg19:X:137132540-137166425:+	33886
SAMPLE_006051	FRAG_006051	hg38:8:67868284-67932414:+	64131
SAMPLE_006052	FRAG_006052	hg19:15:21484078-21559734:+	75657
SAMPLE_006053	FRAG_006053	hg38:4:23692549-23710086:+	17538
SAMPLE_006054	FRAG_006054	hg19:2:143516639-143532765:-	16127
SAMPLE_006055	FRAG_006055	hg38:17:64271898-64277897:-	6000
SAMPLE_006056	FRAG_006056	hg19:X:112649998-112722953:+	72956
SAMPLE_006057	FRAG_006057	hg38:22:122980990-122991179:+	10190
SAMPLE_006058	FRAG_006058	hg19:16:187183062-187221748:+	38687
SAMPLE_006059	FRAG_006059	hg38:21:161595333-161625393:+	30061
SAMPLE_006060	FRAG_006060	hg19:12:158774804-158788877:-	14074
SAMPLE_006061	FRAG_006061	hg38:X:48835949-48882973:-	47025
SAMPLE_006062	FRAG_006062	hg19:Y:133604901-133619738:+	14838
SAMPLE_006063	FRAG_006063	hg38:6:39146013-39169515:-	23503
SAMPLE_006064	FRAG_006064	hg19:13:69324115-69422713:+	98599
SAMPLE_006065	FRAG_006065	hg38:8:122978012-123051591:+	73580
SAMPLE_006066	FRAG_006066	hg19:6:97829113-97832425:-	3313
SAMPLE_006067	FRAG_006067	hg38:5:31329683-31349101:-	19419
SAMPLE_006068	FRAG_006068	hg19:6:183301820-183351717:-	49898
SAMPLE_006069	FRAG_006069	hg38:22:159672896-159707561:-	34666
SAMPLE_006070	FRAG_006070	hg19:7:199652412-199678509:+	26098
SAMPLE_006071	FRAG_006071	hg38:X:53479672-53550894:+	71223
SAMPLE_006072	FRAG_006072	hg19:10:82078760-82117850:-	39091
SAMPLE_006073	FRAG_006073	hg38:1:135809185-135849625:-	40441
SAMPLE_006074	FRAG_006074	hg19:17:156722254-156801294:-	79041
SAMPLE_006075	FRAG_006075	hg38:1:125721806-125757820:+	36015
SAMPLE_006076	FRAG_006076	hg19:6:101446136-101447988:-	1853
SAMPLE_006077	FRAG_006077	hg38:17:94780844-94871042:+	90199
SAMPLE_006078	FRAG_006078	hg19:20:51859523-51901076:-	41554
SAMPLE_006079	FRAG_006079	hg38:16:168480651-168514885:+	34235
SAMPLE_006080	FRAG_006080	hg19:13:171365471-171421955:+	56485
SAMPLE_006081	FRAG_006081	hg38:6:199932391-200011236:-	78846
SAMPLE_006082	FRAG_006082	hg19:14:72942704-72973765:+	31062
SAMPLE_006083	FRAG_006083	hg38:15:128282778-128348551:-	65774
SAMPLE_006084	FRAG_006084	hg19:6:97285844-97307316:+	21473
SAMPLE_006085	FRAG_006085	hg38:1:22623390-22678724:-	55335
SAMPLE_006086	FRAG_006086	hg19:12:23472063-23543699:+	71637
SAMPLE_006087	FRAG_006087	hg38:20:8456321-8474360:-	18040
SAMPLE_006088	FRAG_006088	hg19:19:43323659-43419201:+	95543
SAMPLE_006089	FRAG_006089	hg38:19:32413824-32451788:+	37965
SAMPLE_006090	FRAG_006090	hg19:11:59617258-59671563:+	54306
SAMPLE_006091	FRAG_006091	hg38:5:86294323-86372339:-	78017
SAMPLE_006092	FRAG_006092	hg19:22:157112840-157205237:-	92398
SAMPLE_006093	FRAG_006093	hg38:8:66595894-66653526:-	57633
SAMPLE_006094	FRAG_006094	hg19:22:42384512-42479409:-	94898
SAMPLE_006095	FRAG_006095	hg38:6:195003636-195085717:-	82082
SAMPLE_006096	FRAG_006096	hg19:22:12474380-12498456:-	24077
SAMPLE_006097	FRAG_006097	hg38:13:90986141-90996601:-	10461
SAMPLE_006098	FRAG_006098	hg19:20:8265969-8333887:-	67919
SAMPLE_006099	FRAG_006099	hg38:4:55965572-55991568:+	25997
SAMPLE_006100	FRAG_006100	hg19:8:145501429-145587741:+	86313
SAMPLE_006101	FRAG_006101	hg38:2:155054203-155090433:+	36231
SAMPLE_006102	FRAG_006102	hg19:X:18242237-18263318:+	21082
SAMPLE_006103	FRAG_006103	hg38:6:26329894-26350294:+	20401
SAMPLE_006104	FRAG_006104	hg19:3:80476363-80525635:+	49273
SAMPLE_006105	FRAG_006105	hg38:X:145505895-145555216:+	49322
SAMPLE_006106	FRAG_006106	hg19:14:112979560-113051288:-	71729
SAMPLE_006107	FRAG_006107	hg38:13:3264548-3304100:+	39553
SAMPLE_006108	FRAG_006108	hg19:19:143495820-143510702:-	14883
SAMPLE_006109	FRAG_006109	hg38:9:145212582-145285992:+	73411
SAMPLE_006110	FRAG_006110	hg19:13:83032452-83073492:+	41041
SAMPLE_006111	FRAG_006111	hg38:22:12430045-12430669:-	625
SAMPLE_006112	FRAG_006112	hg19:6:135882407-135957619:-	75213
SAMPLE_006113	FRAG_006113	hg38:15:141772224-141856383:-	84160
SAMPLE_006114	FRAG_006114	hg19:8:140796078-140837691:-	41614
SAMPLE_006115	FRAG_006115	hg38:Y:172209713-172261030:-	51318
SAMPLE_006116	FRAG_006116	hg19:10:84427649-84480484:+	52836
SAMPLE_006117	FRAG_006117	hg38:20:195406453-195464013:+	57561
SAMPLE_006118	FRAG_006118	hg19:7:177765822-177805143:+	39322
SAMPLE_006119	FRAG_006119	hg38:4:38825066-38905586:-	80521
SAMPLE_006120	FRAG_006120	hg19:5:21160500-21184466:+	23967
SAMPLE_006121	FRAG_006121	hg38:6:83044149-83046890:+	2742
SAMPLE_006122	FRAG_006122	hg19:2:44780520-44818285:-	37766
SAMPLE_006123	FRAG_006123	hg38:18:31270902-31299838:-	28937
SAMPLE_006124	FRAG_006124	hg19:Y:138191965-138256112:+	64148
SAMPLE_006125	FRAG_006125	hg38:3:166087091-166149332:-	62242
SAMPLE_006126	FRAG_006126	hg19:5:158874277-158928024:-	53748
SAMPLE_006127	FRAG_006127	hg38:19:142424133-142515157:+	91025
SAMPLE_006128	FRAG_006128	hg19:21:138891875-138913461:+	21587
SAMPLE_006129	FRAG_006129	hg38:4:148519442-148616325:+	96884
SAMPLE_006130	FRAG_006130	hg19:2:116961697-116990945:-	29249
SAMPLE_006131	FRAG_006131	hg38:14:198971275-198974518:+	3244
SAMPLE_006132	FRAG_006132	hg19:X:17747140-17747918:+	779
SAMPLE_006133	FRAG_006133	hg38:12:44296935-44323216:-	26282
SAMPLE_006134	FRAG_006134	hg19:7:107308405-107380203:+	71799
SAMPLE_006135	FRAG_006135	hg38:4:87373262-87374265:+	1004
SAMPLE_006136	FRAG_006136	hg19:11:73518589-73542610:+	24022
SAMPLE_006137	FRAG_006137	hg38:17:148594755-148626048:+	31294
SAMPLE_006138	FRAG_006138	hg19:12:185982219-186055220:+	73002
SAMPLE_006139	FRAG_006139	hg38:14:46879938-46961170:+	81233
SAMPLE_006140	FRAG_006140	hg19:2:107866189-107925814:-	59626
SAMPLE_006141	FRAG_006141	hg38:6:118077514-118137963:+	60450
SAMPLE_006142	FRAG_006142	hg19:8:150199110-150222849:+	23740
SAMPLE_006143	FRAG_006143	hg38:17:104445503-104525879:+	80377
SAMPLE_006144	FRAG_006144	hg19:7:110389875-110453767:+	63893
SAMPLE_006145	FRAG_006145	hg38:17:171456445-171501013:+	44569
SAMPLE_006146	FRAG_006146	hg19:21:109042709-109114292:+	71584
SAMPLE_006147	FRAG_006147	hg38:13:29119917-29180037:+	60121
SAMPLE_006148	FRAG_006148	hg19:14:82793033-82865903:+	72871
SAMPLE_006149	FRAG_006149	hg38:1:51968355-51978603:+	10249
SAMPLE_006150	FRAG_006150	hg19:22:43104444-43171244:+	66801
SAMPLE_006151	FRAG_006151	hg38:8:164416473-164510937:+	94465
SAMPLE_006152	FRAG_006152	hg19:4:146106613-146195326:+	88714
SAMPLE_006153	FRAG_006153	hg38:12:124771992-124796979:+	24988
SAMPLE_006154	FRAG_006154	hg19:17:88339995-88402998:+	63004
SAMPLE_006155	FRAG_006155	hg38:13:133340916-133404628:-	63713
SAMPLE_006156	FRAG_006156	hg19:4:12663186-12748966:-	85781
SAMPLE_006157	FRAG_006157	hg38:21:100383951-100479261:+	95311
SAMPLE_006158	FRAG_006158	hg19:1:145479012-145562716:+	83705
SAMPLE_006159	FRAG_006159	hg38:21:67400807-67436223:+	35417
SAMPLE_006160	FRAG_006160	hg19:20:126383217-126400419:-	17203
SAMPLE_006161	FRAG_006161	hg38:14:124653265-124669070:+	15806
SAMPLE_006162	FRAG_006162	hg19:12:113474255-113552534:+	78280
SAMPLE_006163	FRAG_006163	hg38:18:81237660-81328962:-	91303
SAMPLE_006164	FRAG_006164	hg19:22:48833876-48899580:+	65705
SAMPLE_006165	FRAG_006165	hg38:X:41446590-41543018:-	96429
SAMPLE_006166	FRAG_006166	hg19:13:187812599-187861416:-	48818
SAMPLE_006167	FRAG_006167	hg38:18:46852783-46903675:-	50893
SAMPLE_006168	FRAG_006168	hg19:19:38142290-38155136:-	12847
SAMPLE_006169	FRAG_006169	hg38:15:83690976-83718232:+	27257
SAMPLE_006170	FRAG_006170	hg19:11:60999538-61042786:-	43249
SAMPLE_006171	FRAG_006171	hg38:22:169651173-169708708:+	57536
SAMPLE_006172	FRAG_006172	hg19:15:80956593-81053845:+	97253
SAMPLE_006173	FRAG_006173	hg38:19:7033036-7113204:-	80169
SAMPLE_006174	FRAG_006174	hg19:9:128555030-128637763:+	82734
SAMPLE_006175	FRAG_006175	hg38:20:114561985-114616486:-	54502
SAMPLE_006176	FRAG_006176	hg19:3:155107266-155165157:-	57892
SAMPLE_006177	FRAG_006177	hg38:16:151977728-151981057:+	3330
SAMPLE_006178	FRAG_006178	hg19:18:123751326-123829850:-	78525
SAMPLE_006179	FRAG_006179	hg38:22:134689050-134778640:-	89591
SAMPLE_006180	FRAG_006180	hg19:18:185035034-185081662:-	46629
SAMPLE_006181	FRAG_006181	hg38:13:21204591-21241239:+	36649
SAMPLE_006182	FRAG_006182	hg19:20:82139711-82206279:+	66569
SAMPLE_006183	FRAG_006183	hg38:14:66104152-66165211:-	61060
SAMPLE_006184	FRAG_006184	hg19:15:170091184-170159707:-	68524
SAMPLE_006185	FRAG_006185	hg38:7:197783626-197836379:+	52754
SAMPLE_006186	FRAG_006186	hg19:13:157841439-157880337:+	38899
SAMPLE_006187	FRAG_006187	hg38:9:85835563-85874074:+	38512
SAMPLE_006188	FRAG_006188	hg19:20:178940855-178963199:-	22345
SAMPLE_006189	FRAG_006189	hg38:1:46875982-46919297:+	43316
SAMPLE_006190	FRAG_006190	hg19:2:107963902-107985900:+	21999
SAMPLE_006191	FRAG_006191	hg38:15:107490391-107496012:-	5622
SAMPLE_006192	FRAG_006192	hg19:10:162552325-162625290:+	72966
SAMPLE_006193	FRAG_006193	hg38:1:49087929-49159778:-	71850
SAMPLE_006194	FRAG_006194	hg19:18:97252703-97286319:+	33617
SAMPLE_006195	FRAG_006195	hg38:8:150325800-150326370:+	571
SAMPLE_006196	FRAG_006196	hg19:22:89551492-89557384:-	5893
SAMPLE_006197	FRAG_006197	hg38:10:146185222-146273114:+	87893
SAMPLE_006198	FRAG_006198	hg19:20:198808300-198886787:-	78488
SAMPLE_006199	FRAG_006199	hg38:9:29450482-29548434:-	97953
SAMPLE_006200	FRAG_006200	hg19:14:4910806-4942311:+	31506
SAMPLE_006201	FRAG_006201	hg38:15:4415939-4465007:+	49069
SAMPLE_006202	FRAG_006202	hg19:1:13327701-13356099:-	28399
SAMPLE_006203	FRAG_006203	hg38:Y:183220740-183272406:-	51667
SAMPLE_006204	FRAG_006204	hg19:4:161105703-161183819:-	78117
SAMPLE_006205	FRAG_006205	hg38:21:5640549-5667695:-	27147
SAMPLE_006206	FRAG_006206	hg19:13:27062775-27101649:-	38875
SAMPLE_006207	FRAG_006207	hg38:19:118648526-118674136:-	25611
SAMPLE_006208	FRAG_006208	hg19:14:153869220-153928547:+	59328
SAMPLE_006209	FRAG_006209	hg38:17:194545552-194608946:+	63395
SAMPLE_006210	FRAG_006210	hg19:21:143490773-143506779:-	16007
SAMPLE_006211	FRAG_006211	hg38:6:173533950-173588771:+	54822
SAMPLE_006212	FRAG_006212	hg19:1:170389050-170404359:+	15310
SAMPLE_006213	FRAG_006213	hg38:14:185665378-185714683:+	49306
SAMPLE_006214	FRAG_006214	hg19:2:73848905-73879671:-	30767
SAMPLE_006215	FRAG_006215	hg38:10:36306431-36339968:+	33538
SAMPLE_006216	FRAG_006216	hg19:13:74620770-74684701:-	63932
SAMPLE_006217	FRAG_006217	hg38:14:108607524-108681243:-	73720
SAMPLE_006218	FRAG_006218	hg19:6:11366806-11406742:-	39937
SAMPLE_006219	FRAG_006219	hg38:5:32361086-32378106:-	17021
SAMPLE_006220	FRAG_006220	hg19:12:161351670-161432290:-	80621
SAMPLE_006221	FRAG_006221	hg38:16:85671622-85690068:-	18447
SAMPLE_006222	FRAG_006222	hg19:6:49533141-49557788:+	24648
SAMPLE_006223	FRAG_006223	hg38:20:90062917-90064453:+	1537
SAMPLE_006224	FRAG_006224	hg19:7:174816330-174900086:-	83757
SAMPLE_006225	FRAG_006225	hg38:15:70422723-70427075:-	4353
SAMPLE_006226	FRAG_006226	hg19:10:105367070-105430536:-	63467
SAMPLE_006227	FRAG_006227	hg38:18:184806963-184845285:-	38323
SAMPLE_006228	FRAG_006228	hg19:12:60817440-60896226:-	78787
SAMPLE_006229	FRAG_006229	hg38:11:26874199-26897074:+	22876
SAMPLE_006230	FRAG_006230	hg19:18:84896769-84926788:+	30020
SAMPLE_006231	FRAG_006231	hg38:16:37823944-37835169:-	11226
SAMPLE_006232	FRAG_006232	hg19:11:94334512-94430517:+	96006
SAMPLE_006233	FRAG_006233	hg38:4:189311976-189334262:+	22287
SAMPLE_006234	FRAG_006234	hg19:1:67877164-67974790:-	97627
SAMPLE_006235	FRAG_006235	hg38:5:50616232-50703030:+	86799
SAMPLE_006236	FRAG_006236	hg19:3:127782449-127876943:+	94495
SAMPLE_006237	FRAG_006237	hg38:21:171002141-171021407:-	19267
SAMPLE_006238	FRAG_006238	hg19:16:115245776-115266860:-	21085
SAMPLE_006239	FRAG_006239	hg38:18:147452426-147537143:+	84718
SAMPLE_006240	FRAG_006240	hg19:20:150165570-150211486:-	45917
SAMPLE_006241	FRAG_006241	hg38:X:87229229-87318215:-	88987
SAMPLE_006242	FRAG_006242	hg19:6:157888695-157912910:-	24216
SAMPLE_006243	FRAG_006243	hg38:6:93952578-94042372:+	89795
SAMPLE_006244	FRAG_006244	hg19:X:28220200-28261675:-	41476
SAMPLE_006245	FRAG_006245	hg38:4:88964081-89030424:-	66344
SAMPLE_006246	FRAG_006246	hg19:12:23557543-23638644:-	81102
SAMPLE_006247	FRAG_006247	hg38:3:91191156-91198829:+	7674
SAMPLE_006248	FRAG_006248	hg19:17:13660385-13744341:-	83957
SAMPLE_006249	FRAG_006249	hg38:10:25896352-25975400:-	79049
SAMPLE_006250	FRAG_006250	hg19:15:83478489-83538508:-	60020
SAMPLE_006251	FRAG_006251	hg38:16:99279987-99310674:+	30688
SAMPLE_006252	FRAG_006252	hg19:12:80876489-80895488:-	19000
SAMPLE_006253	FRAG_006253	hg38:17:197561506-197657923:-	96418
SAMPLE_006254	FRAG_006254	hg19:4:32965962-33026917:-	60956
SAMPLE_006255	FRAG_006255	hg38:19:189529692-189569549:-	39858
SAMPLE_006256	FRAG_006256	hg19:7:78681183-78715755:+	34573
SAMPLE_006257	FRAG_006257	hg38:2:63107376-63151570:-	44195
SAMPLE_006258	FRAG_006258	hg19:17:9129613-9200145:+	70533
SAMPLE_006259	FRAG_006259	hg38:7:143230832-143247690:+	16859
SAMPLE_006260	FRAG_006260	hg19:14:19427469-19438866:+	11398
SAMPLE_006261	FRAG_006261	hg38:8:140899335-140984284:+	84950
SAMPLE_006262	FRAG_006262	hg19:14:138701981-138707386:-	5406
SAMPLE_006263	FRAG_006263	hg38:17:47998370-48068985:+	70616
SAMPLE_006264	FRAG_006264	hg19:12:129827280-129850597:-	23318
SAMPLE_006265	FRAG_006265	hg38:7:77568801-77570563:-	1763
SAMPLE_006266	FRAG_006266	hg19:6:184682655-184724568:+	41914
SAMPLE_006267	FRAG_006267	hg38:11:33810096-33834389:-	24294
SAMPLE_006268	FRAG_006268	hg19:X:110681037-110721608:-	40572
SAMPLE_006269	FRAG_006269	hg38:22:88895864-88924242:+	28379
SAMPLE_006270	FRAG_006270	hg19:16:14422454-14490043:+	67590
SAMPLE_006271	FRAG_006271	hg38:17:29824581-29899073:-	74493
SAMPLE_006272	FRAG_006272	hg19:14:129410443-129500799:+	90357
SAMPLE_006273	FRAG_006273	hg38:10:103412400-103449496:-	37097
SAMPLE_006274	FRAG_006274	hg19:3:129631805-129728670:-	96866
SAMPLE_006275	FRAG_006275	hg38:Y:44643652-44693814:-	50163
SAMPLE_006276	FRAG_006276	hg19:19:84320121-84329179:+	9059
SAMPLE_006277	FRAG_006277	hg38:7:37655323-37707733:-	52411
SAMPLE_006278	FRAG_006278	hg19:13:116430366-116513323:-	82958
SAMPLE_006279	FRAG_006279	hg38:11:164635941-164643342:+	7402
SAMPLE_006280	FRAG_006280	hg19:X:31109207-31114546:+	5340
SAMPLE_006281	FRAG_006281	hg38:18:149741048-149819610:-	78563
SAMPLE_006282	FRAG_006282	hg19:16:156005221-156035588:+	30368
SAMPLE_006283	FRAG_006283	hg38:18:184544925-184576088:-	31164
SAMPLE_006284	FRAG_006284	hg19:6:190051507-190064484:+	12978
SAMPLE_006285	FRAG_006285	hg38:18:110950827-111029241:-	78415
SAMPLE_006286	FRAG_006286	hg19:10:175630981-175653788:-	22808
SAMPLE_006287	FRAG_006287	hg38:13:198601395-198638192:-	36798
SAMPLE_006288	FRAG_006288	hg19:20:180849592-180948536:-	98945
SAMPLE_006289	FRAG_006289	hg38:19:118585580-118634668:+	49089
SAMPLE_006290	FRAG_006290	hg19:18:132608077-132657195:-	49119
SAMPLE_006291	FRAG_006291	hg38:21:154280583-154374140:-	93558
SAMPLE_006292	FRAG_006292	hg19:17:140133513-140150581:+	17069
SAMPLE_006293	FRAG_006293	hg38:19:49090242-49097470:+	7229
SAMPLE_006294	FRAG_006294	hg19:3:157714495-157772810:-	58316
SAMPLE_006295	FRAG_006295	hg38:Y:164531607-164602729:+	71123
SAMPLE_006296	FRAG_006296	hg19:5:142953038-142992758:+	39721
SAMPLE_006297	FRAG_006297	hg38:21:122293422-122373669:+	80248
SAMPLE_006298	FRAG_006298	hg19:15:89091443-89093827:-	2385
SAMPLE_006299	FRAG_006299	hg38:9:27543308-27586894:-	43587
SAMPLE_006300	FRAG_006300	hg19:7:134235185-134291449:+	56265
SAMPLE_006301	FRAG_006301	hg38:17:141491082-141542858:+	51777
SAMPLE_006302	FRAG_006302	hg19:3:195916206-195940589:+	24384
SAMPLE_006303	FRAG_006303	hg38:21:57349982-57354371:-	4390
SAMPLE_006304	FRAG_006304	hg19:14:31622294-31693096:+	70803
SAMPLE_006305	FRAG_006305	hg38:19:164679755-164712466:-	32712
SAMPLE_006306	FRAG_006306	hg19:18:74847194-74858150:-	10957
SAMPLE_006307	FRAG_006307	hg38:19:7083799-7085786:+	1988
SAMPLE_006308	FRAG_006308	hg19:4:126630565-126689429:+	58865
SAMPLE_006309	FRAG_006309	hg38:12:40676628-40718496:-	41869
SAMPLE_006310	FRAG_006310	hg19:14:56760981-56838183:+	77203
SAMPLE_006311	FRAG_006311	hg38:12:169578575-169590795:-	12221
SAMPLE_006312	FRAG_006312	hg19:Y:145542035-145608671:+	66637
SAMPLE_006313	FRAG_006313	hg38:Y:4191357-4252762:-	61406
SAMPLE_006314	FRAG_006314	hg19:7:181746866-181763950:-	17085
SAMPLE_006315	FRAG_006315	hg38:1:33625074-33723369:+	98296
SAMPLE_006316	FRAG_006316	hg19:19:157898653-157930757:+	32105
SAMPLE_006317	FRAG_006317	hg38:1:143978995-144012081:+	33087
SAMPLE_006318	FRAG_006318	hg19:19:83510019-83572686:+	62668
SAMPLE_006319	FRAG_006319	hg38:21:94834764-94876570:+	41807
SAMPLE_006320	FRAG_006320	hg19:8:115512395-115607725:+	95331
SAMPLE_006321	FRAG_006321	hg38:19:186243132-186251373:-	8242
SAMPLE_006322	FRAG_006322	hg19:18:135832038-135845783:+	13746
SAMPLE_006323	FRAG_006323	hg38:2:88977111-89014756:+	37646
SAMPLE_006324	FRAG_006324	hg19:5:57955941-57995674:-	39734
SAMPLE_006325	FRAG_006325	hg38:7:19704258-19757246:-	52989
SAMPLE_006326	FRAG_006326	hg19:X:134194814-134264903:+	70090
SAMPLE_006327	FRAG_006327	hg38:13:108926350-109026139:+	99790
SAMPLE_006328	FRAG_006328	hg19:15:59259341-59270177:-	10837
SAMPLE_006329	FRAG_006329	hg38:17:161949565-162044517:-	94953
SAMPLE_006330	FRAG_006330	hg19:19:57099197-57131853:-	32657
SAMPLE_006331	FRAG_006331	hg38:8:17201057-17282647:+	81591
SAMPLE_006332	FRAG_006332	hg19:21:147177244-147221503:-	44260
SAMPLE_006333	FRAG_006333	hg38:14:99440126-99452467:-	12342
SAMPLE_006334	FRAG_006334	hg19:15:67118407-67206155:+	87749
SAMPLE_006335	FRAG_006335	hg38:21:104571523-104615840:-	44318
SAMPLE_006336	FRAG_006336	hg19:8:131820251-131897398:+	77148
SAMPLE_006337	FRAG_006337	hg38:12:32055342-32101285:+	45944
SAMPLE_006338	FRAG_006338	hg19:13:67061786-67100319:-	38534
SAMPLE_006339	FRAG_006339	hg38:22:12431951-12512855:+	80905
SAMPLE_006340	FRAG_006340	hg19:17:127577193-127609147:-	31955
SAMPLE_006341	FRAG_006341	hg38:6:8562641-8623031:+	60391
SAMPLE_006342	FRAG_006342	hg19:18:114232573-114310994:-	78422
SAMPLE_006343	FRAG_006343	hg38:14:93104344-93105457:+	1114
SAMPLE_006344	FRAG_006344	hg19:10:140919301-140943011:+	23711
SAMPLE_006345	FRAG_006345	hg38:13:69833494-69867401:+	33908
SAMPLE_006346	FRAG_006346	hg19:X:111651421-111741436:+	90016
SAMPLE_006347	FRAG_006347	hg38:2:168356579-168370819:-	14241
SAMPLE_006348	FRAG_006348	hg19:11:55958861-56042539:-	83679
SAMPLE_006349	FRAG_006349	hg38:18:81426776-81510481:-	83706
SAMPLE_006350	FRAG_006350	hg19:9:101208290-101214405:+	6116
SAMPLE_006351	FRAG_006351	hg38:2:180658165-180683424:+	25260
SAMPLE_006352	FRAG_006352	hg19:5:58443366-58508144:+	64779
SAMPLE_006353	FRAG_006353	hg38:9:131622410-131641614:-	19205
SAMPLE_006354	FRAG_006354	hg19:7:37056493-37112333:+	55841
SAMPLE_006355	FRAG_006355	hg38:9:70568552-70652119:-	83568
SAMPLE_006356	FRAG_006356	hg19:15:142967068-142982779:+	15712
SAMPLE_006357	FRAG_006357	hg38:19:57751176-57793223:+	42048
SAMPLE_006358	FRAG_006358	hg19:19:155386008-155440477:+	54470
SAMPLE_006359	FRAG_006359	hg38:14:108946471-109011889:-	65419
SAMPLE_006360	FRAG_006360	hg19:X:177972954-178072565:+	99612
SAMPLE_006361	FRAG_006361	hg38:19:47475093-47498359:-	23267
SAMPLE_006362	FRAG_006362	hg19:20:122962239-123029472:-	67234
SAMPLE_006363	FRAG_006363	hg38:11:95114812-95214191:+	99380
SAMPLE_006364	FRAG_006364	hg19:X:89221654-89253234:-	31581
SAMPLE_006365	FRAG_006365	hg38:5:34094301-34159151:-	64851
SAMPLE_006366	FRAG_006366	hg19:9:6710423-6736683:-	26261
SAMPLE_006367	FRAG_006367	hg38:18:33163439-33237331:+	73893
SAMPLE_006368	FRAG_006368	hg19:13:194499898-194535916:+	36019
SAMPLE_006369	FRAG_006369	hg38:7:56905599-56946083:+	40485
SAMPLE_006370	FRAG_006370	hg19:17:56175949-56241121:-	65173
SAMPLE_006371	FRAG_006371	hg38:15:97407044-97492988:+	85945
SAMPLE_006372	FRAG_006372	hg19:Y:58565730-58596904:-	31175
SAMPLE_006373	FRAG_006373	hg38:10:121663650-121726394:+	62745
SAMPLE_006374	FRAG_006374	hg19:9:63424174-63437032:+	12859
SAMPLE_006375	FRAG_006375	hg38:20:168151713-168153844:+	2132
SAMPLE_006376	FRAG_006376	hg19:12:138613727-138639523:-	25797
SAMPLE_006377	FRAG_006377	hg38:1:147284198-147309114:+	24917
SAMPLE_006378	FRAG_006378	hg19:13:94598295-94616258:-	17964
SAMPLE_006379	FRAG_006379	hg38:6:71320983-71326661:+	5679
SAMPLE_006380	FRAG_006380	hg19:21:63449833-63472664:+	22832
SAMPLE_006381	FRAG_006381	hg38:20:195390534-195395600:-	5067
SAMPLE_006382	FRAG_006382	hg19:15:36957066-37018097:+	61032
SAMPLE_006383	FRAG_006383	hg38:9:76027301-76127147:+	99847
SAMPLE_006384	FRAG_006384	hg19:1:190857980-190865897:-	7918
SAMPLE_006385	FRAG_006385	hg38:X:190020033-190098069:-	78037
SAMPLE_006386	FRAG_006386	hg19:4:58738179-58812737:+	74559
SAMPLE_006387	FRAG_006387	hg38:9:65477665-65526822:+	49158
SAMPLE_006388	FRAG_006388	hg19:2:130579480-130661425:-	81946
SAMPLE_006389	FRAG_006389	hg38:4:39773584-39857220:+	83637
SAMPLE_006390	FRAG_006390	hg19:9:125987868-126059668:+	71801
SAMPLE_006391	FRAG_006391	hg38:19:198401719-198497925:-	96207
SAMPLE_006392	FRAG_006392	hg19:5:105629319-105727389:-	98071
SAMPLE_006393	FRAG_006393	hg38:19:55945007-55998835:+	53829
SAMPLE_006394	FRAG_006394	hg19:6:21972491-22021905:-	49415
SAMPLE_006395	FRAG_006395	hg38:10:50800728-50820121:-	19394
SAMPLE_006396	FRAG_006396	hg19:1:187266614-187301849:+	35236
SAMPLE_006397	FRAG_006397	hg38:6:27757319-27812765:+	55447
SAMPLE_006398	FRAG_006398	hg19:18:14856021-14938028:+	82008
SAMPLE_006399	FRAG_006399	hg38:7:103695865-103736403:-	40539
SAMPLE_006400	FRAG_006400	hg19:4:103403428-103494044:+	90617
SAMPLE_006401	FRAG_006401	hg38:2:4221013-4283756:+	62744
SAMPLE_006402	FRAG_006402	hg19:18:121433785-121486628:+	52844
SAMPLE_006403	FRAG_006403	hg38:2:10434946-10455295:+	20350
SAMPLE_006404	FRAG_006404	hg19:20:64470409-64514846:-	44438
SAMPLE_006405	FRAG_006405	hg38:14:37384267-37479326:+	95060
SAMPLE_006406	FRAG_006406	hg19:19:53772767-53820503:-	47737
SAMPLE_006407	FRAG_006407	hg38:18:9369085-9446050:+	76966
SAMPLE_006408	FRAG_006408	hg19:11:128720537-128781964:-	61428
SAMPLE_006409	FRAG_006409	hg38:1:26710664-26719018:-	8355
SAMPLE_006410	FRAG_006410	hg19:8:90533519-90551917:+	18399
SAMPLE_006411	FRAG_006411	hg38:1:59032492-59093466:-	60975
SAMPLE_006412	FRAG_006412	hg19:3:10289822-10315160:-	25339
SAMPLE_006413	FRAG_006413	hg38:6:26105209-26126711:+	21503
SAMPLE_006414	FRAG_006414	hg19:7:103186599-103257947:+	71349
SAMPLE_006415	FRAG_006415	hg38:Y:127866353-127933609:+	67257
SAMPLE_006416	FRAG_006416	hg19:21:134040440-134092037:+	51598
SAMPLE_006417	FRAG_006417	hg38:6:7697927-7714148:-	16222
SAMPLE_006418	FRAG_006418	hg19:11:75981471-76075023:-	93553
SAMPLE_006419	FRAG_006419	hg38:4:30785421-30850928:+	65508
SAMPLE_006420	FRAG_006420	hg19:18:128227935-128237399:+	9465
SAMPLE_006421	FRAG_006421	hg38:15:83246813-83280975:+	34163
SAMPLE_006422	FRAG_006422	hg19:14:39842542-39850091:+	7550
SAMPLE_006423	FRAG_006423	hg38:10:36364929-36403849:+	38921
SAMPLE_006424	FRAG_006424	hg19:12:25922344-25941746:-	19403
SAMPLE_006425	FRAG_006425	hg38:1:92891153-92910535:+	19383
SAMPLE_006426	FRAG_006426	hg19:7:73444851-73522382:+	77532
SAMPLE_006427	FRAG_006427	hg38:5:179326760-179423278:+	96519
SAMPLE_006428	FRAG_006428	hg19:19:82897217-82933314:-	36098
SAMPLE_006429	FRAG_006429	hg38:16:101885458-101909588:+	24131
SAMPLE_006430	FRAG_006430	hg19:7:50024784-50113678:-	88895
SAMPLE_006431	FRAG_006431	hg38:21:95790530-95873015:-	82486
SAMPLE_006432	FRAG_006432	hg19:4:36044245-36074189:-	29945
SAMPLE_006433	FRAG_006433	hg38:14:175897960-175908800:-	10841
SAMPLE_006434	FRAG_006434	hg19:20:194327240-194367074:+	39835
SAMPLE_006435	FRAG_006435	hg38:22:73571093-73589147:-	18055
SAMPLE_006436	FRAG_006436	hg19:X:157859216-157906781:-	47566
SAMPLE_006437	FRAG_006437	hg38:4:10946979-10997582:+	50604
SAMPLE_006438	FRAG_006438	hg19:4:155342995-155357427:+	14433
SAMPLE_006439	FRAG_006439	hg38:11:157079697-157150584:+	70888
SAMPLE_006440	FRAG_006440	hg19:6:146087376-146144218:-	56843
SAMPLE_006441	FRAG_006441	hg38:X:197630805-197668729:-	37925
SAMPLE_006442	FRAG_006442	hg19:9:150250811-150314089:-	63279
SAMPLE_006443	FRAG_006443	hg38:17:114092131-114181033:+	88903
SAMPLE_006444	FRAG_006444	hg19:7:102836136-102897401:+	61266
SAMPLE_006445	FRAG_006445	hg38:1:142067905-142133966:-	66062
SAMPLE_006446	FRAG_006446	hg19:10:70475902-70536194:+	60293
SAMPLE_006447	FRAG_006447	hg38:17:62933771-63032469:-	98699
SAMPLE_006448	FRAG_006448	hg19:22:24775531-24849101:+	73571
SAMPLE_006449	FRAG_006449	hg38:19:132720123-132724885:-	4763
SAMPLE_006450	FRAG_006450	hg19:20:36065589-36140439:+	74851
SAMPLE_006451	FRAG_006451	hg38:14:12707033-12746955:+	39923
SAMPLE_006452	FRAG_006452	hg19:13:198830770-198906147:+	75378
SAMPLE_006453	FRAG_006453	hg38:13:197055125-197135306:+	80182
SAMPLE_006454	FRAG_006454	hg19:7:62863965-62907198:-	43234
SAMPLE_006455	FRAG_006455	hg38:18:137864907-137900666:-	35760
SAMPLE_006456	FRAG_006456	hg19:9:11488496-11547852:+	59357
SAMPLE_006457	FRAG_006457	hg38:4:155104568-155134427:-	29860
SAMPLE_006458	FRAG_006458	hg19:11:116881830-116918284:+	36455
SAMPLE_006459	FRAG_006459	hg38:5:3611432-3705570:+	94139
SAMPLE_006460	FRAG_006460	hg19:3:54499684-54522006:-	22323
SAMPLE_006461	FRAG_006461	hg38:22:40831632-40929457:+	97826
SAMPLE_006462	FRAG_006462	hg19:12:1399992-1443594:+	43603
SAMPLE_006463	FRAG_006463	hg38:7:17363692-17364450:+	759
SAMPLE_006464	FRAG_006464	hg19:1:140317236-140389633:-	72398
SAMPLE_006465	FRAG_006465	hg38:8:192748078-192786809:-	38732
SAMPLE_006466	FRAG_006466	hg19:15:160381860-160413720:+	31861
SAMPLE_006467	FRAG_006467	hg38:20:1901590-1902721:+	1132
SAMPLE_006468	FRAG_006468	hg19:4:32973602-33007147:-	33546
SAMPLE_006469	FRAG_006469	hg38:1:156597285-156600817:+	3533
SAMPLE_006470	FRAG_006470	hg19:13:169517228-169592138:+	74911
SAMPLE_006471	FRAG_006471	hg38:8:185015453-185034153:-	18701
SAMPLE_006472	FRAG_006472	hg19:7:157221991-157282356:-	60366
SAMPLE_006473	FRAG_006473	hg38:Y:166832961-166927354:+	94394
SAMPLE_006474	FRAG_006474	hg19:13:146432160-146433826:-	1667
SAMPLE_006475	FRAG_006475	hg38:10:23065526-23137239:-	71714
SAMPLE_006476	FRAG_006476	hg19:16:105289288-105323605:+	34318
SAMPLE_006477	FRAG_006477	hg38:2:7189494-7196633:-	7140
SAMPLE_006478	FRAG_006478	hg19:22:67851480-67880699:-	29220
SAMPLE_006479	FRAG_006479	hg38:4:195082194-195095378:+	13185
SAMPLE_006480	FRAG_006480	hg19:15:26802362-26813672:+	11311
SAMPLE_006481	FRAG_006481	hg38:11:178745288-178757906:-	12619
SAMPLE_006482	FRAG_006482	hg19:X:89510172-89544636:+	34465
SAMPLE_006483	FRAG_006483	hg38:19:41287123-41328129:+	41007
SAMPLE_006484	FRAG_006484	hg19:7:70732614-70816464:+	83851
SAMPLE_006485	FRAG_006485	hg38:3:55614077-55662157:-	48081
SAMPLE_006486	FRAG_006486	hg19:8:111829736-111866638:-	36903
SAMPLE_006487	FRAG_006487	hg38:1:87342705-87401724:-	59020
SAMPLE_006488	FRAG_006488	hg19:19:161317827-161397914:-	80088
SAMPLE_006489	FRAG_006489	hg38:10:189992958-190069741:-	76784
SAMPLE_006490	FRAG_006490	hg19:13:119545595-119602709:+	57115
SAMPLE_006491	FRAG_006491	hg38:X:26633045-26640578:+	7534
SAMPLE_006492	FRAG_006492	hg19:18:72671343-72689923:+	18581
SAMPLE_006493	FRAG_006493	hg38:5:145706806-145799886:+	93081
SAMPLE_006494	FRAG_006494	hg19:X:41857900-41924851:+	66952
SAMPLE_006495	FRAG_006495	hg38:21:138798369-138828030:-	29662
SAMPLE_006496	FRAG_006496	hg19:20:1302955-1341331:+	38377
SAMPLE_006497	FRAG_006497	hg38:13:10041092-10060037:-	18946
SAMPLE_006498	FRAG_006498	hg19:17:134380386-134390063:-	9678
SAMPLE_006499	FRAG_006499	hg38:X:37491969-37535035:-	43067
SAMPLE_006500	FRAG_006500	hg19:8:172039953-172087442:+	47490
SAMPLE_006501	FRAG_006501	hg38:14:43887779-43929116:+	41338
SAMPLE_006502	FRAG_006502	hg19:12:5669931-5729993:+	60063
SAMPLE_006503	FRAG_006503	hg38:10:43807498-43819425:+	11928
SAMPLE_006504	FRAG_006504	hg19:18:149085228-149104010:-	18783
SAMPLE_006505	FRAG_006505	hg38:4:32190955-32263406:-	72452
SAMPLE_006506	FRAG_006506	hg19:3:48429696-48512553:-	82858
SAMPLE_006507	FRAG_006507	hg38:12:5804705-5879189:-	74485
SAMPLE_006508	FRAG_006508	hg19:22:31714991-31767601:+	52611
SAMPLE_006509	FRAG_006509	hg38:2:162494808-162556209:+	61402
SAMPLE_006510	FRAG_006510	hg19:8:72001762-72009519:-	7758
SAMPLE_006511	FRAG_006511	hg38:14:15437025-15440608:+	3584
SAMPLE_006512	FRAG_006512	hg19:5:66042703-66116806:+	74104
SAMPLE_006513	FRAG_006513	hg38:15:8952324-8964182:+	11859
SAMPLE_006514	FRAG_006514	hg19:Y:48185862-48284093:+	98232
SAMPLE_006515	FRAG_006515	hg38:5:198302232-198377153:-	74922
SAMPLE_006516	FRAG_006516	hg19:3:25044113-25090598:+	46486
SAMPLE_006517	FRAG_006517	hg38:1:71999019-72085352:-	86334
SAMPLE_006518	FRAG_006518	hg19:1:198415095-198480836:-	65742
SAMPLE_006519	FRAG_006519	hg38:14:88268984-88367974:+	98991
SAMPLE_006520	FRAG_006520	hg19:Y:70403665-70502981:-	99317
SAMPLE_006521	FRAG_006521	hg38:13:13348969-13444548:-	95580
SAMPLE_006522	FRAG_006522	hg19:21:39742367-39766158:-	23792
SAMPLE_006523	FRAG_006523	hg38:14:171191592-171220764:-	29173
SAMPLE_006524	FRAG_006524	hg19:13:29741632-29745427:+	3796
SAMPLE_006525	FRAG_006525	hg38:11:2837059-2868569:-	31511
SAMPLE_006526	FRAG_006526	hg19:16:169019529-169114292:+	94764
SAMPLE_006527	FRAG_006527	hg38:Y:133021413-133062429:+	41017
SAMPLE_006528	FRAG_006528	hg19:9:94877873-94909157:-	31285
SAMPLE_006529	FRAG_006529	hg38:3:111013523-111078400:+	64878
SAMPLE_006530	FRAG_006530	hg19:6:28261441-28303601:+	42161
SAMPLE_006531	FRAG_006531	hg38:15:50196939-50285017:-	88079
SAMPLE_006532	FRAG_006532	hg19:15:137737785-137738781:-	997
SAMPLE_006533	FRAG_006533	hg38:14:104999103-105091823:-	92721
SAMPLE_006534	FRAG_006534	hg19:X:41974727-42027679:+	52953
SAMPLE_006535	FRAG_006535	hg38:9:167806102-167816639:-	10538
SAMPLE_006536	FRAG_006536	hg19:14:119647891-119719926:-	72036
SAMPLE_006537	FRAG_006537	hg38:20:128051839-128090801:-	38963
SAMPLE_006538	FRAG_006538	hg19:3:43854026-43941345:+	87320
SAMPLE_006539	FRAG_006539	hg38:21:98067770-98095491:+	27722
SAMPLE_006540	FRAG_006540	hg19:2:30220030-30274633:-	54604
SAMPLE_006541	FRAG_006541	hg38:17:130754351-130828987:-	74637
SAMPLE_006542	FRAG_006542	hg19:5:64161112-64178067:-	16956
SAMPLE_006543	FRAG_006543	hg38:9:83570620-83598575:+	27956
SAMPLE_006544	FRAG_006544	hg19:10:113548580-113644244:-	95665
SAMPLE_006545	FRAG_006545	hg38:18:30652145-30672614:+	20470
SAMPLE_006546	FRAG_006546	hg19:3:172046592-172091167:-	44576
SAMPLE_006547	FRAG_006547	hg38:9:199173760-199253505:-	79746
SAMPLE_006548	FRAG_006548	hg19:6:69928295-69975575:+	47281
SAMPLE_006549	FRAG_006549	hg38:1:178147217-178200101:-	52885
SAMPLE_006550	FRAG_006550	hg19:10:24606593-24691347:+	84755
SAMPLE_006551	FRAG_006551	hg38:4:191658283-191746676:-	88394
SAMPLE_006552	FRAG_006552	hg19:7:148755261-148827417:+	72157
SAMPLE_006553	FRAG_006553	hg38:17:125446492-125466226:+	19735
SAMPLE_006554	FRAG_006554	hg19:1:116168070-116256215:+	88146
SAMPLE_006555	FRAG_006555	hg38:10:91560237-91590272:-	30036
SAMPLE_006556	FRAG_006556	hg19:17:48988232-49054619:+	66388
SAMPLE_006557	FRAG_006557	hg38:17:75417674-75485913:-	68240
SAMPLE_006558	FRAG_006558	hg19:18:109757107-109760646:-	3540
SAMPLE_006559	FRAG_006559	hg38:9:94232115-94235010:+	2896
SAMPLE_006560	FRAG_006560	hg19:4:49786759-49792991:+	6233
SAMPLE_006561	FRAG_006561	hg38:6:84483986-84533121:+	49136
SAMPLE_006562	FRAG_006562	hg19:22:75884337-75983107:+	98771
SAMPLE_006563	FRAG_006563	hg38:Y:67339676-67364618:+	24943
SAMPLE_006564	FRAG_006564	hg19:4:108763032-108856360:+	93329
SAMPLE_006565	FRAG_006565	hg38:10:142705087-142785710:-	80624
SAMPLE_006566	FRAG_006566	hg19:1:134324176-134356095:+	31920
SAMPLE_006567	FRAG_006567	hg38:4:196952724-197046746:-	94023
SAMPLE_006568	FRAG_006568	hg19:2:55394623-55402783:+	8161
SAMPLE_006569	FRAG_006569	hg38:2:55128514-55220614:+	92101
SAMPLE_006570	FRAG_006570	hg19:20:148843185-148902236:+	59052
SAMPLE_006571	FRAG_006571	hg38:3:75094220-75106445:+	12226
SAMPLE_006572	FRAG_006572	hg19:1:80943843-80971848:-	28006
SAMPLE_006573	FRAG_006573	hg38:4:29705902-29737950:-	32049
SAMPLE_006574	FRAG_006574	hg19:Y:159294778-159308240:-	13463
SAMPLE_006575	FRAG_006575	hg38:21:112384845-112458059:+	73215
SAMPLE_006576	FRAG_006576	hg19:Y:170205861-170220117:-	14257
SAMPLE_006577	FRAG_006577	hg38:5:184540838-184587838:+	47001
SAMPLE_006578	FRAG_006578	hg19:Y:70355806-70422801:+	66996
SAMPLE_006579	FRAG_006579	hg38:19:77476011-77561446:-	85436
SAMPLE_006580	FRAG_006580	hg19:17:98887290-98930866:+	43577
SAMPLE_006581	FRAG_006581	hg38:21:21680621-21696911:+	16291
SAMPLE_006582	FRAG_006582	hg19:15:60983748-61028906:-	45159
SAMPLE_006583	FRAG_006583	hg38:17:190560745-190582955:+	22211
SAMPLE_006584	FRAG_006584	hg19:1:45685855-45748291:-	62437
SAMPLE_006585	FRAG_006585	hg38:17:1929622-2027727:-	98106
SAMPLE_006586	FRAG_006586	hg19:5:161724199-161786037:+	61839
SAMPLE_006587	FRAG_006587	hg38:X:126613905-126644117:+	30213
SAMPLE_006588	FRAG_006588	hg19:14:115555360-115569724:+	14365
SAMPLE_006589	FRAG_006589	hg38:18:138435119-138526091:+	90973
SAMPLE_006590	FRAG_006590	hg19:20:42507832-42569932:+	62101
SAMPLE_006591	FRAG_006591	hg38:7:160912877-161002091:-	89215
SAMPLE_006592	FRAG_006592	hg19:9:132643433-132706993:+	63561
SAMPLE_006593	FRAG_006593	hg38:18:131235396-131261842:-	26447
SAMPLE_006594	FRAG_006594	hg19:8:121100357-121106140:-	5784
SAMPLE_006595	FRAG_006595	hg38:18:2872098-2886496:+	14399
SAMPLE_006596	FRAG_006596	hg19:10:5006225-5078424:-	72200
SAMPLE_006597	FRAG_006597	hg38:12:135352294-135413809:+	61516
SAMPLE_006598	FRAG_006598	hg19:1:175840561-175863305:-	22745
SAMPLE_006599	FRAG_006599	hg38:22:53117992-53156916:+	38925
SAMPLE_006600	FRAG_006600	hg19:7:50988840-51041146:+	52307
SAMPLE_006601	FRAG_006601	hg38:4:158056268-158107977:+	51710
SAMPLE_006602	FRAG_006602	hg19:13:180553702-180633167:-	79466
SAMPLE_006603	FRAG_006603	hg38:18:123377823-123424513:-	46691
SAMPLE_006604	FRAG_006604	hg19:13:127744433-127832275:+	87843
SAMPLE_006605	FRAG_006605	hg38:13:184137474-184195970:-	58497
SAMPLE_006606	FRAG_006606	hg19:3:167361195-167418963:+	57769
SAMPLE_006607	FRAG_006607	hg38:8:98892269-98968536:+	76268
SAMPLE_006608	FRAG_006608	hg19:3:15742128-15784813:+	42686
SAMPLE_006609	FRAG_006609	hg38:14:39974579-40014162:-	39584
SAMPLE_006610	FRAG_006610	hg19:3:129941016-129942093:+	1078
SAMPLE_006611	FRAG_006611	hg38:7:98704783-98731185:+	26403
SAMPLE_006612	FRAG_006612	hg19:21:70263769-70332776:+	69008
SAMPLE_006613	FRAG_006613	hg38:10:189660806-189689076:+	28271
SAMPLE_006614	FRAG_006614	hg19:20:60627941-60698982:+	71042
SAMPLE_006615	FRAG_006615	hg38:10:79607278-79678795:+	71518
SAMPLE_006616	FRAG_006616	hg19:8:3743114-3746704:-	3591
SAMPLE_006617	FRAG_006617	hg38:4:115108257-115205564:+	97308
SAMPLE_006618	FRAG_006618	hg19:1:62373246-62415215:+	41970
SAMPLE_006619	FRAG_006619	hg38:5:99865035-99878763:+	13729
SAMPLE_006620	FRAG_006620	hg19:13:194191696-194254620:-	62925
SAMPLE_006621	FRAG_006621	hg38:X:105189129-105261724:-	72596
SAMPLE_006622	FRAG_006622	hg19:13:66784949-66878891:+	93943
SAMPLE_006623	FRAG_006623	hg38:22:89582317-89663355:+	81039
SAMPLE_006624	FRAG_006624	hg19:10:25351183-25423765:+	72583
SAMPLE_006625	FRAG_006625	hg38:1:5583799-5627008:+	43210
SAMPLE_006626	FRAG_006626	hg19:9:113906937-113972797:-	65861
SAMPLE_006627	FRAG_006627	hg38:5:136711395-136776195:-	64801
SAMPLE_006628	FRAG_006628	hg19:4:127824654-127867103:+	42450
SAMPLE_006629	FRAG_006629	hg38:18:87154793-87199458:+	44666
SAMPLE_006630	FRAG_006630	hg19:5:21497737-21569802:-	72066
SAMPLE_006631	FRAG_006631	hg38:16:27435673-27479362:+	43690
SAMPLE_006632	FRAG_006632	hg19:8:100889130-100967259:-	78130
SAMPLE_006633	FRAG_006633	hg38:17:92634780-92648184:-	13405
SAMPLE_006634	FRAG_006634	hg19:9:102033882-102054666:+	20785
SAMPLE_006635	FRAG_006635	hg38:22:124979540-125058493:+	78954
SAMPLE_006636	FRAG_006636	hg19:8:103905374-104002125:+	96752
SAMPLE_006637	FRAG_006637	hg38:5:79576098-79615346:-	39249
SAMPLE_006638	FRAG_006638	hg19:Y:76211212-76260182:-	48971
SAMPLE_006639	FRAG_006639	hg38:15:38942392-39004306:+	61915
SAMPLE_006640	FRAG_006640	hg19:12:119525782-119534755:+	8974
SAMPLE_006641	FRAG_006641	hg38:1:55646534-55707416:+	60883
SAMPLE_006642	FRAG_006642	hg19:17:33884161-33945457:-	61297
SAMPLE_006643	FRAG_006643	hg38:13:176110838-176145884:-	35047
SAMPLE_006644	FRAG_006644	hg19:18:62707980-62792524:-	84545
SAMPLE_006645	FRAG_006645	hg38:22:17428635-17523854:+	95220
SAMPLE_006646	FRAG_006646	hg19:4:86375943-86440231:-	64289
SAMPLE_006647	FRAG_006647	hg38:8:5280402-5350379:+	69978
SAMPLE_006648	FRAG_006648	hg19:15:20567863-20607225:-	39363
SAMPLE_006649	FRAG_006649	hg38:17:190428948-190471955:-	43008
SAMPLE_006650	FRAG_006650	hg19:22:103897388-103921619:+	24232
SAMPLE_006651	FRAG_006651	hg38:6:47374459-47448702:-	74244
SAMPLE_006652	FRAG_006652	hg19:9:106878255-106977286:-	99032
SAMPLE_006653	FRAG_006653	hg38:5:50911946-50971541:-	59596
SAMPLE_006654	FRAG_006654	hg19:2:112835434-112894744:-	59311
SAMPLE_006655	FRAG_006655	hg38:9:3761019-3779357:-	18339
SAMPLE_006656	FRAG_006656	hg19:21:184393128-184443073:+	49946
SAMPLE_006657	FRAG_006657	hg38:5:19145645-19208827:+	63183
SAMPLE_006658	FRAG_006658	hg19:11:196053023-196080817:-	27795
SAMPLE_006659	FRAG_006659	hg38:16:186657627-186712857:+	55231
SAMPLE_006660	FRAG_006660	hg19:12:34656531-34736163:+	79633
SAMPLE_006661	FRAG_006661	hg38:17:194819945-194876967:-	57023
SAMPLE_006662	FRAG_006662	hg19:20:110102092-110109422:+	7331
SAMPLE_006663	FRAG_006663	hg38:9:141476447-141544711:-	68265
SAMPLE_006664	FRAG_006664	hg19:19:63748385-63837937:+	89553
SAMPLE_006665	FRAG_006665	hg38:2:90820891-90912343:-	91453
SAMPLE_006666	FRAG_006666	hg19:8:2617709-2652248:-	34540
SAMPLE_006667	FRAG_006667	hg38:1:141881986-141972571:+	90586
SAMPLE_006668	FRAG_006668	hg19:16:156077983-156104698:-	26716
SAMPLE_006669	FRAG_006669	hg38:Y:88878220-88889703:-	11484
SAMPLE_006670	FRAG_006670	hg19:14:3371511-3405744:-	34234
SAMPLE_006671	FRAG_006671	hg38:7:177157445-177247310:-	89866
SAMPLE_006672	FRAG_006672	hg19:14:16508323-16567834:-	59512
SAMPLE_006673	FRAG_006673	hg38:17:125385849-125464385:-	78537
SAMPLE_006674	FRAG_006674	hg19:X:93412103-93457035:-	44933
SAMPLE_006675	FRAG_006675	hg38:6:21662669-21720359:+	57691
SAMPLE_006676	FRAG_006676	hg19:8:70705165-70774734:+	69570
SAMPLE_006677	FRAG_006677	hg38:6:57386984-57449985:-	63002
SAMPLE_006678	FRAG_006678	hg19:Y:123256690-123274259:+	17570
SAMPLE_006679	FRAG_006679	hg38:6:190560143-190568458:+	8316
SAMPLE_006680	FRAG_006680	hg19:6:40520421-40605260:-	84840
SAMPLE_006681	FRAG_006681	hg38:4:21135680-21150127:-	14448
SAMPLE_006682	FRAG_006682	hg19:12:132559076-132644935:-	85860
SAMPLE_006683	FRAG_006683	hg38:20:133021873-133038191:+	16319
SAMPLE_006684	FRAG_006684	hg19:14:16356162-16378206:-	22045
SAMPLE_006685	FRAG_006685	hg38:6:146812887-146894229:-	81343
SAMPLE_006686	FRAG_006686	hg19:4:72995695-73034067:-	38373
SAMPLE_006687	FRAG_006687	hg38:19:63461967-63535008:+	73042
SAMPLE_006688	FRAG_006688	hg19:12:28800612-28824143:-	23532
SAMPLE_006689	FRAG_006689	hg38:19:56654814-56656343:+	1530
SAMPLE_006690	FRAG_006690	hg19:6:49367462-49371839:-	4378
SAMPLE_006691	FRAG_006691	hg38:19:4735057-4807592:+	72536
SAMPLE_006692	FRAG_006692	hg19:9:183162519-183187185:-	24667
SAMPLE_006693	FRAG_006693	hg38:9:21785538-21850977:+	65440
SAMPLE_006694	FRAG_006694	hg19:14:7784244-7856356:+	72113
SAMPLE_006695	FRAG_006695	hg38:15:6187998-6249386:+	61389
SAMPLE_006696	FRAG_006696	hg19:3:53081348-53134283:-	52936
SAMPLE_006697	FRAG_006697	hg38:2:184945635-184991017:+	45383
SAMPLE_006698	FRAG_006698	hg19:2:157579079-157617746:+	38668
SAMPLE_006699	FRAG_006699	hg38:7:111936004-111960718:-	24715
SAMPLE_006700	FRAG_006700	hg19:6:76071457-76105222:-	33766
SAMPLE_006701	FRAG_006701	hg38:19:31368762-31398604:-	29843
SAMPLE_006702	FRAG_006702	hg19:6:75796064-75870382:-	74319
SAMPLE_006703	FRAG_006703	hg38:14:150037250-150069424:+	32175
SAMPLE_006704	FRAG_006704	hg19:18:152081284-152110919:+	29636
SAMPLE_006705	FRAG_006705	hg38:Y:88267399-88320025:-	52627
SAMPLE_006706	FRAG_006706	hg19:2:94897124-94918106:-	20983
SAMPLE_006707	FRAG_006707	hg38:4:163033855-163125957:+	92103
SAMPLE_006708	FRAG_006708	hg19:Y:61362097-61441856:+	79760
SAMPLE_006709	FRAG_006709	hg38:15:43413788-43506131:-	92344
SAMPLE_006710	FRAG_006710	hg19:6:24355667-24427065:+	71399
SAMPLE_006711	FRAG_006711	hg38:19:105050065-105066013:+	15949
SAMPLE_006712	FRAG_006712	hg19:12:13819941-13905927:-	85987
SAMPLE_006713	FRAG_006713	hg38:19:16971824-17028584:+	56761
SAMPLE_006714	FRAG_006714	hg19:14:113684185-113778862:-	94678
SAMPLE_006715	FRAG_006715	hg38:13:89886411-89971567:+	85157
SAMPLE_006716	FRAG_006716	hg19:15:149435348-149457631:-	22284
SAMPLE_006717	FRAG_006717	hg38:12:158870140-158897562:-	27423
SAMPLE_006718	FRAG_006718	hg19:9:169202142-169284355:-	82214
SAMPLE_006719	FRAG_006719	hg38:1:195021379-195081206:+	59828
SAMPLE_006720	FRAG_006720	hg19:17:117728905-117800986:-	72082
SAMPLE_006721	FRAG_006721	hg38:1:133918957-133974335:-	55379
SAMPLE_006722	FRAG_006722	hg19:14:46539045-46542388:+	3344
SAMPLE_006723	FRAG_006723	hg38:18:179538390-179540229:+	1840
SAMPLE_006724	FRAG_006724	hg19:19:160724965-160747976:+	23012
SAMPLE_006725	FRAG_006725	hg38:6:21872016-21896916:-	24901
SAMPLE_006726	FRAG_006726	hg19:10:167348519-167380238:+	31720
SAMPLE_006727	FRAG_006727	hg38:9:146549435-146583887:+	34453
SAMPLE_006728	FRAG_006728	hg19:19:47534017-47564029:+	30013
SAMPLE_006729	FRAG_006729	hg38:12:67375012-67400732:+	25721
SAMPLE_006730	FRAG_006730	hg19:6:46036145-46037503:+	1359
SAMPLE_006731	FRAG_006731	hg38:12:11935256-11944567:+	9312
SAMPLE_006732	FRAG_006732	hg19:12:89955416-90041370:-	85955
SAMPLE_006733	FRAG_006733	hg38:2:166944590-166959968:+	15379
SAMPLE_006734	FRAG_006734	hg19:11:89197367-89235048:+	37682
SAMPLE_006735	FRAG_006735	hg38:8:156932885-156986444:-	53560
SAMPLE_006736	FRAG_006736	hg19:X:168445106-168472887:+	27782
SAMPLE_006737	FRAG_006737	hg38:8:44540555-44566317:-	25763
SAMPLE_006738	FRAG_006738	hg19:8:44811720-44863876:-	52157
SAMPLE_006739	FRAG_006739	hg38:5:145258191-145259639:+	1449
SAMPLE_006740	FRAG_006740	hg19:12:199754690-199829156:+	74467
SAMPLE_006741	FRAG_006741	hg38:4:73334171-73351227:-	17057
SAMPLE_006742	FRAG_006742	hg19:3:156635531-156657223:+	21693
SAMPLE_006743	FRAG_006743	hg38:15:161643654-161687844:-	44191
SAMPLE_006744	FRAG_006744	hg19:11:162368225-162448904:+	80680
SAMPLE_006745	FRAG_006745	hg38:2:39290423-39306375:+	15953
SAMPLE_006746	FRAG_006746	hg19:16:54173821-54226943:+	53123
SAMPLE_006747	FRAG_006747	hg38:16:83943873-84004637:-	60765
SAMPLE_006748	FRAG_006748	hg19:9:18600380-18621857:+	21478
SAMPLE_006749	FRAG_006749	hg38:13:160798971-160823358:-	24388
SAMPLE_006750	FRAG_006750	hg19:21:153030356-153043032:+	12677
SAMPLE_006751	FRAG_006751	hg38:15:168002855-168048167:+	45313
SAMPLE_006752	FRAG_006752	hg19:19:49536208-49554066:-	17859
SAMPLE_006753	FRAG_006753	hg38:15:189707611-189718073:+	10463
SAMPLE_006754	FRAG_006754	hg19:4:100959200-101022825:+	63626
SAMPLE_006755	FRAG_006755	hg38:Y:35388953-35441983:-	53031
SAMPLE_006756	FRAG_006756	hg19:9:86497209-86559764:+	62556
SAMPLE_006757	FRAG_006757	hg38:22:169994967-170062141:-	67175
SAMPLE_006758	FRAG_006758	hg19:9:28618147-28668859:+	50713
SAMPLE_006759	FRAG_006759	hg38:X:167647638-167651466:-	3829
SAMPLE_006760	FRAG_006760	hg19:4:62355925-62415218:+	59294
SAMPLE_006761	FRAG_006761	hg38:1:160206785-160282136:+	75352
SAMPLE_006762	FRAG_006762	hg19:22:144088473-144186204:-	97732
SAMPLE_006763	FRAG_006763	hg38:11:73606990-73625502:+	18513
SAMPLE_006764	FRAG_006764	hg19:7:190287407-190309692:+	22286
SAMPLE_006765	FRAG_006765	hg38:3:186511245-186558121:+	46877
SAMPLE_006766	FRAG_006766	hg19:11:3666394-3713374:-	46981
SAMPLE_006767	FRAG_006767	hg38:4:57340235-57376242:+	36008
SAMPLE_006768	FRAG_006768	hg19:4:172757691-172834459:+	76769
SAMPLE_006769	FRAG_006769	hg38:10:179829118-179860781:+	31664
SAMPLE_006770	FRAG_006770	hg19:17:131221921-131280303:-	58383
SAMPLE_006771	FRAG_006771	hg38:21:71042415-71061219:-	18805
SAMPLE_006772	FRAG_006772	hg19:20:101491963-101509088:-	17126
SAMPLE_006773	FRAG_006773	hg38:5:26078399-26098994:+	20596
SAMPLE_006774	FRAG_006774	hg19:X:169653312-169687152:-	33841
SAMPLE_006775	FRAG_006775	hg38:X:30383301-30454539:+	71239
SAMPLE_006776	FRAG_006776	hg19:Y:82204708-82206180:-	1473
SAMPLE_006777	FRAG_006777	hg38:16:116808977-116814908:-	5932
SAMPLE_006778	FRAG_006778	hg19:21:155237943-155288538:+	50596
SAMPLE_006779	FRAG_006779	hg38:7:46675776-46707008:-	31233
SAMPLE_006780	FRAG_006780	hg19:12:97091421-97104407:+	12987
SAMPLE_006781	FRAG_006781	hg38:6:126431821-126476922:-	45102
SAMPLE_006782	FRAG_006782	hg19:14:16389419-16425954:-	36536
SAMPLE_006783	FRAG_006783	hg38:21:97442757-97509245:+	66489
SAMPLE_006784	FRAG_006784	hg19:Y:47116201-47187673:-	71473
SAMPLE_006785	FRAG_006785	hg38:X:191750626-191808435:-	57810
SAMPLE_006786	FRAG_006786	hg19:5:47144346-47197867:+	53522
SAMPLE_006787	FRAG_006787	hg38:Y:72437517-72504589:-	67073
SAMPLE_006788	FRAG_006788	hg19:16:177754586-177771512:+	16927
SAMPLE_006789	FRAG_006789	hg38:12:59171698-59212192:-	40495
SAMPLE_006790	FRAG_006790	hg19:Y:22515933-22565352:-	49420
SAMPLE_006791	FRAG_006791	hg38:6:43687674-43760976:+	73303
SAMPLE_006792	FRAG_006792	hg19:6:3314676-3361097:+	46422
SAMPLE_006793	FRAG_006793	hg38:18:95668797-95693328:-	24532
SAMPLE_006794	FRAG_006794	hg19:6:81497278-81596989:-	99712
SAMPLE_006795	FRAG_006795	hg38:6:111377749-111450661:+	72913
SAMPLE_006796	FRAG_006796	hg19:19:49393570-49427092:+	33523
SAMPLE_006797	FRAG_006797	hg38:3:44627539-44650258:+	22720
SAMPLE_006798	FRAG_006798	hg19:9:78168082-78180009:+	11928
SAMPLE_006799	FRAG_006799	hg38:20:4609043-4611042:-	2000
SAMPLE_006800	FRAG_006800	hg19:13:187193291-187216103:-	22813
SAMPLE_006801	FRAG_006801	hg38:2:111034200-111052312:-	18113
SAMPLE_006802	FRAG_006802	hg19:1:92990452-93025328:+	34877
SAMPLE_006803	FRAG_006803	hg38:19:116510078-116557934:+	47857
SAMPLE_006804	FRAG_006804	hg19:6:129101168-129110416:-	9249
SAMPLE_006805	FRAG_006805	hg38:21:6036668-6042323:+	5656
SAMPLE_006806	FRAG_006806	hg19:20:14395532-14405844:+	10313
SAMPLE_006807	FRAG_006807	hg38:19:66930518-66959801:-	29284
SAMPLE_006808	FRAG_006808	hg19:7:167211732-167282845:+	71114
SAMPLE_006809	FRAG_006809	hg38:5:80961184-80982696:-	21513
SAMPLE_006810	FRAG_006810	hg19:3:159883253-159895134:+	11882
SAMPLE_006811	FRAG_006811	hg38:13:187516426-187517683:+	1258
SAMPLE_006812	FRAG_006812	hg19:14:142969232-142972518:+	3287
SAMPLE_006813	FRAG_006813	hg38:15:177919323-177983503:+	64181
SAMPLE_006814	FRAG_006814	hg19:11:76426767-76479691:-	52925
SAMPLE_006815	FRAG_006815	hg38:4:113202076-113292370:+	90295
SAMPLE_006816	FRAG_006816	hg19:16:35842681-35900317:-	57637
SAMPLE_006817	FRAG_006817	hg38:10:191243305-191272428:-	29124
SAMPLE_006818	FRAG_006818	hg19:1:154663972-154666401:-	2430
SAMPLE_006819	FRAG_006819	hg38:8:47563928-47625117:+	61190
SAMPLE_006820	FRAG_006820	hg19:9:25194548-25250576:-	56029
SAMPLE_006821	FRAG_006821	hg38:14:40356162-40443042:+	86881
SAMPLE_006822	FRAG_006822	hg19:22:56186571-56201661:+	15091
SAMPLE_006823	FRAG_006823	hg38:14:4336869-4352397:-	15529
SAMPLE_006824	FRAG_006824	hg19:10:26005697-26099591:-	93895
SAMPLE_006825	FRAG_006825	hg38:10:54700414-54718898:+	18485
SAMPLE_006826	FRAG_006826	hg19:13:75094033-75140271:-	46239
SAMPLE_006827	FRAG_006827	hg38:4:53781764-53880418:-	98655
SAMPLE_006828	FRAG_006828	hg19:6:127129326-127190632:-	61307
SAMPLE_006829	FRAG_006829	hg38:17:128938697-128986645:-	47949
SAMPLE_006830	FRAG_006830	hg19:2:186904040-186959850:+	55811
SAMPLE_006831	FRAG_006831	hg38:9:79468378-79548097:+	79720
SAMPLE_006832	FRAG_006832	hg19:20:75475593-75481990:-	6398
SAMPLE_006833	FRAG_006833	hg38:3:88991477-89054023:-	62547
SAMPLE_006834	FRAG_006834	hg19:4:148768084-148835639:-	67556
SAMPLE_006835	FRAG_006835	hg38:1:133718316-133730158:+	11843
SAMPLE_006836	FRAG_006836	hg19:6:188188960-188228751:+	39792
SAMPLE_006837	FRAG_006837	hg38:2:78049332-78071942:+	22611
SAMPLE_006838	FRAG_006838	hg19:15:72567229-72608052:-	40824
SAMPLE_006839	FRAG_006839	hg38:3:46155747-46221285:+	65539
SAMPLE_006840	FRAG_006840	hg19:9:115997921-116043685:-	45765
SAMPLE_006841	FRAG_006841	hg38:7:105346546-105412709:-	66164
SAMPLE_006842	FRAG_006842	hg19:15:3893806-3969051:+	75246
SAMPLE_006843	FRAG_006843	hg38:12:144899178-144938136:-	38959
SAMPLE_006844	FRAG_006844	hg19:Y:102602907-102632948:+	30042
SAMPLE_006845	FRAG_006845	hg38:14:153423013-153496835:+	73823
SAMPLE_006846	FRAG_006846	hg19:9:126523232-126613936:+	90705
SAMPLE_006847	FRAG_006847	hg38:7:117467014-117535109:-	68096
SAMPLE_006848	FRAG_006848	hg19:3:4244830-4330897:+	86068
SAMPLE_006849	FRAG_006849	hg38:20:61971494-62016413:-	44920
SAMPLE_006850	FRAG_006850	hg19:21:130307718-130349236:-	41519
SAMPLE_006851	FRAG_006851	hg38:6:105908557-105921032:-	12476
SAMPLE_006852	FRAG_006852	hg19:8:159367892-159410502:+	42611
SAMPLE_006853	FRAG_006853	hg38:2:60156331-60233055:-	76725
SAMPLE_006854	FRAG_006854	hg19:18:71289889-71300566:-	10678
SAMPLE_006855	FRAG_006855	hg38:2:132192124-132232563:-	40440
SAMPLE_006856	FRAG_006856	hg19:Y:79812654-79825455:+	12802
SAMPLE_006857	FRAG_006857	hg38:15:141271024-141337739:-	66716
SAMPLE_006858	FRAG_006858	hg19:9:123684782-123713104:+	28323
SAMPLE_006859	FRAG_006859	hg38:13:101710670-101806555:+	95886
SAMPLE_006860	FRAG_006860	hg19:18:122164318-122263441:-	99124
SAMPLE_006861	FRAG_006861	hg38:14:112157468-112191574:-	34107
SAMPLE_006862	FRAG_006862	hg19:5:105072276-105161830:+	89555
SAMPLE_006863	FRAG_006863	hg38:13:19023713-19096754:-	73042
SAMPLE_006864	FRAG_006864	hg19:22:187296038-187335456:+	39419
SAMPLE_006865	FRAG_006865	hg38:17:139923185-139972543:+	49359
SAMPLE_006866	FRAG_006866	hg19:2:122550652-122570700:-	20049
SAMPLE_006867	FRAG_006867	hg38:X:155850930-155873309:+	22380
SAMPLE_006868	FRAG_006868	hg19:1:83695685-83763951:-	68267
SAMPLE_006869	FRAG_006869	hg38:2:122982984-123074906:-	91923
SAMPLE_006870	FRAG_006870	hg19:1:64401205-64439722:-	38518
SAMPLE_006871	FRAG_006871	hg38:14:115999005-116098187:+	99183
SAMPLE_006872	FRAG_006872	hg19:11:62174726-62180009:+	5284
SAMPLE_006873	FRAG_006873	hg38:15:115032932-115068428:+	35497
SAMPLE_006874	FRAG_006874	hg19:7:107396553-107400597:-	4045
SAMPLE_006875	FRAG_006875	hg38:21:179743629-179801803:+	58175
SAMPLE_006876	FRAG_006876	hg19:1:127433958-127487482:+	53525
SAMPLE_006877	FRAG_006877	hg38:18:50133457-50151734:+	18278
SAMPLE_006878	FRAG_006878	hg19:14:128607474-128661753:-	54280
SAMPLE_006879	FRAG_006879	hg38:3:5333807-5414824:-	81018
SAMPLE_006880	FRAG_006880	hg19:17:137114680-137199988:-	85309
SAMPLE_006881	FRAG_006881	hg38:11:135856969-135886045:-	29077
SAMPLE_006882	FRAG_006882	hg19:22:13533475-13612328:-	78854
SAMPLE_006883	FRAG_006883	hg38:16:56095357-56194347:-	98991
SAMPLE_006884	FRAG_006884	hg19:7:183465594-183506028:+	40435
SAMPLE_006885	FRAG_006885	hg38:X:187186701-187254706:-	68006
SAMPLE_006886	FRAG_006886	hg19:13:85533708-85537361:-	3654
SAMPLE_006887	FRAG_006887	hg38:1:171939867-172028281:-	88415
SAMPLE_006888	FRAG_006888	hg19:19:38312237-38330830:+	18594
SAMPLE_006889	FRAG_006889	hg38:X:16752518-16812708:-	60191
SAMPLE_006890	FRAG_006890	hg19:21:114437452-114511486:+	74035
SAMPLE_006891	FRAG_006891	hg38:18:184286114-184339234:-	53121
SAMPLE_006892	FRAG_006892	hg19:1:105892271-105946133:+	53863
SAMPLE_006893	FRAG_006893	hg38:6:19717504-19726023:-	8520
SAMPLE_006894	FRAG_006894	hg19:6:182506936-182583178:+	76243
SAMPLE_006895	FRAG_006895	hg38:16:156750707-156776326:+	25620
SAMPLE_006896	FRAG_006896	hg19:17:22499563-22580764:+	81202
SAMPLE_006897	FRAG_006897	hg38:16:151821074-151837301:+	16228
SAMPLE_006898	FRAG_006898	hg19:14:87666577-87759144:+	92568
SAMPLE_006899	FRAG_006899	hg38:8:25276503-25337773:-	61271
SAMPLE_006900	FRAG_006900	hg19:Y:144315934-144317229:-	1296
SAMPLE_006901	FRAG_006901	hg38:10:71441363-71521913:+	80551
SAMPLE_006902	FRAG_006902	hg19:13:79366169-79443648:+	77480
SAMPLE_006903	FRAG_006903	hg38:1:193726805-193754337:+	27533
SAMPLE_006904	FRAG_006904	hg19:3:64728005-64816921:-	88917
SAMPLE_006905	FRAG_006905	hg38:10:172727196-172817752:+	90557
SAMPLE_006906	FRAG_006906	hg19:4:97312636-97350133:-	37498
SAMPLE_006907	FRAG_006907	hg38:15:103107843-103111852:+	4010
SAMPLE_006908	FRAG_006908	hg19:3:92262305-92343666:-	81362
SAMPLE_006909	FRAG_006909	hg38:7:99747855-99748615:-	761
SAMPLE_006910	FRAG_006910	hg19:20:44595548-44665580:-	70033
SAMPLE_006911	FRAG_006911	hg38:8:138607983-138682067:-	74085
SAMPLE_006912	FRAG_006912	hg19:22:15576983-15609641:+	32659
SAMPLE_006913	FRAG_006913	hg38:X:199744479-199833883:+	89405
SAMPLE_006914	FRAG_006914	hg19:15:145626902-145722386:+	95485
SAMPLE_006915	FRAG_006915	hg38:14:135754045-135816341:+	62297
SAMPLE_006916	FRAG_006916	hg19:13:102174708-102258308:-	83601
SAMPLE_006917	FRAG_006917	hg38:22:182945775-182975344:+	29570
SAMPLE_006918	FRAG_006918	hg19:11:142654447-142739513:+	85067
SAMPLE_006919	FRAG_006919	hg38:4:175614950-175665205:-	50256
SAMPLE_006920	FRAG_006920	hg19:19:177676105-177771331:+	95227
SAMPLE_006921	FRAG_006921	hg38:21:26005734-26073211:-	67478
SAMPLE_006922	FRAG_006922	hg19:1:121465322-121491997:+	26676
SAMPLE_006923	FRAG_006923	hg38:4:15602676-15665559:+	62884
SAMPLE_006924	FRAG_006924	hg19:14:81086057-81169237:+	83181
SAMPLE_006925	FRAG_006925	hg38:15:55649993-55656773:+	6781
SAMPLE_006926	FRAG_006926	hg19:17:145799785-145882741:+	82957
SAMPLE_006927	FRAG_006927	hg38:17:18606678-18691144:-	84467
SAMPLE_006928	FRAG_006928	hg19:6:41325082-41378286:+	53205
SAMPLE_006929	FRAG_006929	hg38:20:148711385-148766228:+	54844
SAMPLE_006930	FRAG_006930	hg19:21:81301765-81341059:-	39295
SAMPLE_006931	FRAG_006931	hg38:1:6164847-6251920:-	87074
SAMPLE_006932	FRAG_006932	hg19:5:137269207-137337383:-	68177
SAMPLE_006933	FRAG_006933	hg38:19:173224413-173249009:-	24597
SAMPLE_006934	FRAG_006934	hg19:21:24841717-24878340:+	36624
SAMPLE_006935	FRAG_006935	hg38:14:1585788-1657044:-	71257
SAMPLE_006936	FRAG_006936	hg19:19:31154233-31244571:-	90339
SAMPLE_006937	FRAG_006937	hg38:4:127768069-127791045:-	22977
SAMPLE_006938	FRAG_006938	hg19:13:5175778-5193635:+	17858
SAMPLE_006939	FRAG_006939	hg38:17:5494436-5512429:+	17994
SAMPLE_006940	FRAG_006940	hg19:20:123484275-123500508:+	16234
SAMPLE_006941	FRAG_006941	hg38:21:48038014-48137788:-	99775
SAMPLE_006942	FRAG_006942	hg19:7:72017983-72106630:-	88648
SAMPLE_006943	FRAG_006943	hg38:9:88527023-88556140:-	29118
SAMPLE_006944	FRAG_006944	hg19:21:50360025-50445846:-	85822
SAMPLE_006945	FRAG_006945	hg38:11:183661416-183730324:-	68909
SAMPLE_006946	FRAG_006946	hg19:1:48954037-48965182:+	11146
SAMPLE_006947	FRAG_006947	hg38:Y:80251566-80349894:+	98329
SAMPLE_006948	FRAG_006948	hg19:10:177531058-177552830:-	21773
SAMPLE_006949	FRAG_006949	hg38:7:161167587-161221540:+	53954
SAMPLE_006950	FRAG_006950	hg19:19:42932329-42944627:+	12299
SAMPLE_006951	FRAG_006951	hg38:15:67744871-67793110:+	48240
SAMPLE_006952	FRAG_006952	hg19:6:72473658-72546419:-	72762
SAMPLE_006953	FRAG_006953	hg38:13:16783674-16876475:+	92802
SAMPLE_006954	FRAG_006954	hg19:20:175221374-175271250:-	49877
SAMPLE_006955	FRAG_006955	hg38:1:79824455-79842237:+	17783
SAMPLE_006956	FRAG_006956	hg19:13:36690536-36732748:-	42213
SAMPLE_006957	FRAG_006957	hg38:2:96256955-96303582:+	46628
SAMPLE_006958	FRAG_006958	hg19:X:69677114-69733307:+	56194
SAMPLE_006959	FRAG_006959	hg38:X:119008367-119078699:-	70333
SAMPLE_006960	FRAG_006960	hg19:9:5366997-5456581:+	89585
SAMPLE_006961	FRAG_006961	hg38:13:74008341-74100811:+	92471
SAMPLE_006962	FRAG_006962	hg19:4:193427852-193474524:-	46673
SAMPLE_006963	FRAG_006963	hg38:16:139988030-140021135:-	33106
SAMPLE_006964	FRAG_006964	hg19:9:108391830-108485691:-	93862
SAMPLE_006965	FRAG_006965	hg38:5:35137775-35164171:+	26397
SAMPLE_006966	FRAG_006966	hg19:14:103316720-103322257:-	5538
SAMPLE_006967	FRAG_006967	hg38:15:168753210-168832918:-	79709
SAMPLE_006968	FRAG_006968	hg19:10:20781051-20858267:+	77217
SAMPLE_006969	FRAG_006969	hg38:12:84325571-84402285:-	76715
SAMPLE_006970	FRAG_006970	hg19:22:37208840-37232169:+	23330
SAMPLE_006971	FRAG_006971	hg38:9:163358407-163383284:-	24878
SAMPLE_006972	FRAG_006972	hg19:6:111254216-111276444:+	22229
SAMPLE_006973	FRAG_006973	hg38:1:112924937-112975745:-	50809
SAMPLE_006974	FRAG_006974	hg19:3:153792375-153852342:-	59968
SAMPLE_006975	FRAG_006975	hg38:6:93543828-93569118:-	25291
SAMPLE_006976	FRAG_006976	hg19:20:162280833-162358665:+	77833
SAMPLE_006977	FRAG_006977	hg38:19:162920930-163018060:+	97131
SAMPLE_006978	FRAG_006978	hg19:7:149403475-149445997:-	42523
SAMPLE_006979	FRAG_006979	hg38:13:139181951-139255323:-	73373
SAMPLE_006980	FRAG_006980	hg19:X:122048233-122113669:+	65437
SAMPLE_006981	FRAG_006981	hg38:12:4317138-4374499:-	57362
SAMPLE_006982	FRAG_006982	hg19:4:69399219-69432100:+	32882
SAMPLE_006983	FRAG_006983	hg38:2:68503111-68572194:+	69084
SAMPLE_006984	FRAG_006984	hg19:4:54725227-54768635:+	43409
SAMPLE_006985	FRAG_006985	hg38:20:42542504-42554096:+	11593
SAMPLE_006986	FRAG_006986	hg19:13:8873471-8875260:+	1790
SAMPLE_006987	FRAG_006987	hg38:3:80857090-80895546:+	38457
SAMPLE_006988	FRAG_006988	hg19:21:188474020-188560793:-	86774
SAMPLE_006989	FRAG_006989	hg38:13:166608488-166628227:+	19740
SAMPLE_006990	FRAG_006990	hg19:10:176036896-176134544:+	97649
SAMPLE_006991	FRAG_006991	hg38:2:197250259-197288014:+	37756
SAMPLE_006992	FRAG_006992	hg19:7:32731426-32771314:+	39889
SAMPLE_006993	FRAG_006993	hg38:7:155326706-155394914:-	68209
SAMPLE_006994	FRAG_006994	hg19:11:171608927-171629389:-	20463
SAMPLE_006995	FRAG_006995	hg38:5:159762587-159767433:-	4847
SAMPLE_006996	FRAG_006996	hg19:21:181217316-181260705:-	43390
SAMPLE_006997	FRAG_006997	hg38:10:180081162-180102602:+	21441
SAMPLE_006998	FRAG_006998	hg19:10:89451232-89453219:+	1988
SAMPLE_006999	FRAG_006999	hg38:2:50030127-50098598:+	68472
SAMPLE_007000	FRAG_007000	hg19:11:9316194-9347118:-	30925
SAMPLE_007001	FRAG_007001	hg38:14:164378195-164434806:+	56612
SAMPLE_007002	FRAG_007002	hg19:20:150974704-151009415:-	34712
SAMPLE_007003	FRAG_007003	hg38:5:147350749-147425747:+	74999
SAMPLE_007004	FRAG_007004	hg19:21:108991110-109040108:+	48999
SAMPLE_007005	FRAG_007005	hg38:1:128200306-128211969:-	11664
SAMPLE_007006	FRAG_007006	hg19:8:1745754-1828559:-	82806
SAMPLE_007007	FRAG_007007	hg38:20:110800879-110854919:+	54041
SAMPLE_007008	FRAG_007008	hg19:17:154510438-154567378:-	56941
SAMPLE_007009	FRAG_007009	hg38:16:175922579-175943123:-	20545
SAMPLE_007010	FRAG_007010	hg19:1:67547515-67588596:-	41082
SAMPLE_007011	FRAG_007011	hg38:16:33350760-33385026:+	34267
SAMPLE_007012	FRAG_007012	hg19:11:20473007-20503067:+	30061
SAMPLE_007013	FRAG_007013	hg38:16:167073717-167160785:-	87069
SAMPLE_007014	FRAG_007014	hg19:13:4417917-4431121:+	13205
SAMPLE_007015	FRAG_007015	hg38:16:134108575-134173324:+	64750
SAMPLE_007016	FRAG_007016	hg19:21:20669496-20692219:-	22724
SAMPLE_007017	FRAG_007017	hg38:12:61600846-61609485:-	8640
SAMPLE_007018	FRAG_007018	hg19:3:155511109-155610904:+	99796
SAMPLE_007019	FRAG_007019	hg38:2:187565270-187584985:-	19716
SAMPLE_007020	FRAG_007020	hg19:20:157720308-157818352:+	98045
SAMPLE_007021	FRAG_007021	hg38:19:139415094-139441581:-	26488
SAMPLE_007022	FRAG_007022	hg19:7:124378801-124406820:+	28020
SAMPLE_007023	FRAG_007023	hg38:7:197430975-197470568:+	39594
SAMPLE_007024	FRAG_007024	hg19:10:74836304-74877502:-	41199
SAMPLE_007025	FRAG_007025	hg38:10:164459400-164531982:+	72583
SAMPLE_007026	FRAG_007026	hg19:9:116763305-116828472:+	65168
SAMPLE_007027	FRAG_007027	hg38:15:144490858-144589633:-	98776
SAMPLE_007028	FRAG_007028	hg19:5:85614409-85644463:+	30055
SAMPLE_007029	FRAG_007029	hg38:1:127281710-127372888:-	91179
SAMPLE_007030	FRAG_007030	hg19:11:164289507-164299995:+	10489
SAMPLE_007031	FRAG_007031	hg38:16:10157951-10241008:-	83058
SAMPLE_007032	FRAG_007032	hg19:3:187583182-187647030:+	63849
SAMPLE_007033	FRAG_007033	hg38:22:145475425-145497742:-	22318
SAMPLE_007034	FRAG_007034	hg19:3:95402106-95437730:-	35625
SAMPLE_007035	FRAG_007035	hg38:7:10942688-10976714:+	34027
SAMPLE_007036	FRAG_007036	hg19:18:137602370-137649270:+	46901
SAMPLE_007037	FRAG_007037	hg38:12:147192375-147238266:+	45892
SAMPLE_007038	FRAG_007038	hg19:Y:26618456-26715503:-	97048
SAMPLE_007039	FRAG_007039	hg38:15:73812717-73847369:-	34653
SAMPLE_007040	FRAG_007040	hg19:22:67807239-67855676:+	48438
SAMPLE_007041	FRAG_007041	hg38:13:174573711-174580356:-	6646
SAMPLE_007042	FRAG_007042	hg19:16:14577043-14577894:-	852
SAMPLE_007043	FRAG_007043	hg38:1:66989475-67067022:+	77548
SAMPLE_007044	FRAG_007044	hg19:X:86612982-86654307:-	41326
SAMPLE_007045	FRAG_007045	hg38:4:75166414-75237636:+	71223
SAMPLE_007046	FRAG_007046	hg19:8:192083973-192163666:+	79694
SAMPLE_007047	FRAG_007047	hg38:6:145855194-145866366:+	11173
SAMPLE_007048	FRAG_007048	hg19:22:158992076-159019969:-	27894
SAMPLE_007049	FRAG_007049	hg38:13:199216933-199238445:+	21513
SAMPLE_007050	FRAG_007050	hg19:8:100790001-100857837:-	67837
SAMPLE_007051	FRAG_007051	hg38:22:169669279-169706307:+	37029
SAMPLE_007052	FRAG_007052	hg19:22:144392368-144451169:+	58802
SAMPLE_007053	FRAG_007053	hg38:5:87354599-87406444:+	51846
SAMPLE_007054	FRAG_007054	hg19:20:91716726-91808688:+	91963
SAMPLE_007055	FRAG_007055	hg38:13:186770539-186808063:-	37525
SAMPLE_007056	FRAG_007056	hg19:X:56471273-56550456:+	79184
SAMPLE_007057	FRAG_007057	hg38:Y:92951437-92982964:-	31528
SAMPLE_007058	FRAG_007058	hg19:5:15896495-15923219:+	26725
SAMPLE_007059	FRAG_007059	hg38:20:81525550-81587446:-	61897
SAMPLE_007060	FRAG_007060	hg19:1:137158186-137224632:+	66447
SAMPLE_007061	FRAG_007061	hg38:14:12427699-12492080:-	64382
SAMPLE_007062	FRAG_007062	hg19:2:46147514-46226208:+	78695
SAMPLE_007063	FRAG_007063	hg38:22:32536997-32631296:+	94300
SAMPLE_007064	FRAG_007064	hg19:18:186960178-187055427:-	95250
SAMPLE_007065	FRAG_007065	hg38:8:25662644-25673479:+	10836
SAMPLE_007066	FRAG_007066	hg19:22:105635503-105655041:-	19539
SAMPLE_007067	FRAG_007067	hg38:4:91002586-91015700:-	13115
SAMPLE_007068	FRAG_007068	hg19:18:151559330-151604197:+	44868
SAMPLE_007069	FRAG_007069	hg38:11:108197202-108219066:+	21865
SAMPLE_007070	FRAG_007070	hg19:6:33025658-33112420:+	86763
SAMPLE_007071	FRAG_007071	hg38:20:109254083-109340591:+	86509
SAMPLE_007072	FRAG_007072	hg19:10:184541178-184601291:+	60114
SAMPLE_007073	FRAG_007073	hg38:5:85165105-85167975:+	2871
SAMPLE_007074	FRAG_007074	hg19:20:183031601-183093754:+	62154
SAMPLE_007075	FRAG_007075	hg38:16:74185389-74248462:-	63074
SAMPLE_007076	FRAG_007076	hg19:X:80528266-80565270:-	37005
SAMPLE_007077	FRAG_007077	hg38:Y:16221672-16313688:+	92017
SAMPLE_007078	FRAG_007078	hg19:21:22455578-22481857:-	26280
SAMPLE_007079	FRAG_007079	hg38:3:105797606-105836020:+	38415
SAMPLE_007080	FRAG_007080	hg19:20:91988475-92063985:+	75511
SAMPLE_007081	FRAG_007081	hg38:19:114071602-114107791:-	36190
SAMPLE_007082	FRAG_007082	hg19:13:36506097-36560096:-	54000
SAMPLE_007083	FRAG_007083	hg38:6:88702388-88735418:-	33031
SAMPLE_007084	FRAG_007084	hg19:1:63300956-63349073:+	48118
SAMPLE_007085	FRAG_007085	hg38:5:104177813-104276490:+	98678
SAMPLE_007086	FRAG_007086	hg19:Y:81854603-81925175:+	70573
SAMPLE_007087	FRAG_007087	hg38:5:131503067-131552583:-	49517
SAMPLE_007088	FRAG_007088	hg19:1:105223182-105252003:-	28822
SAMPLE_007089	FRAG_007089	hg38:2:14914024-14957861:-	43838
SAMPLE_007090	FRAG_007090	hg19:8:107361274-107367216:-	5943
SAMPLE_007091	FRAG_007091	hg38:8:3245108-3302488:-	57381
SAMPLE_007092	FRAG_007092	hg19:2:197208611-197226053:+	17443
SAMPLE_007093	FRAG_007093	hg38:21:116141310-116224815:-	83506
SAMPLE_007094	FRAG_007094	hg19:1:147302333-147384600:+	82268
SAMPLE_007095	FRAG_007095	hg38:1:158475423-158504280:+	28858
SAMPLE_007096	FRAG_007096	hg19:19:45267371-45283371:+	16001
SAMPLE_007097	FRAG_007097	hg38:Y:172555635-172587231:+	31597
SAMPLE_007098	FRAG_007098	hg19:5:37307403-37355721:+	48319
SAMPLE_007099	FRAG_007099	hg38:20:91990604-92025482:+	34879
SAMPLE_007100	FRAG_007100	hg19:X:124498573-124525290:-	26718
SAMPLE_007101	FRAG_007101	hg38:19:187861626-187923399:-	61774
SAMPLE_007102	FRAG_007102	hg19:8:155210291-155225484:+	15194
SAMPLE_007103	FRAG_007103	hg38:13:14298021-14303980:-	5960
SAMPLE_007104	FRAG_007104	hg19:2:125411387-125429324:-	17938
SAMPLE_007105	FRAG_007105	hg38:16:178593199-178632400:-	39202
SAMPLE_007106	FRAG_007106	hg19:9:170158493-170194821:+	36329
SAMPLE_007107	FRAG_007107	hg38:2:77726901-77769214:-	42314
SAMPLE_007108	FRAG_007108	hg19:X:89416645-89454540:+	37896
SAMPLE_007109	FRAG_007109	hg38:17:34381485-34393854:+	12370
SAMPLE_007110	FRAG_007110	hg19:21:33420457-33494495:-	74039
SAMPLE_007111	FRAG_007111	hg38:12:95057363-95140339:+	82977
SAMPLE_007112	FRAG_007112	hg19:10:89629684-89667275:-	37592
SAMPLE_007113	FRAG_007113	hg38:13:46063329-46084393:-	21065
SAMPLE_007114	FRAG_007114	hg19:5:133425505-133442171:-	16667
SAMPLE_007115	FRAG_007115	hg38:2:188746804-188788577:-	41774
SAMPLE_007116	FRAG_007116	hg19:13:64010859-64012940:-	2082
SAMPLE_007117	FRAG_007117	hg38:4:38457421-38512970:-	55550
SAMPLE_007118	FRAG_007118	hg19:18:9182814-9238763:-	55950
SAMPLE_007119	FRAG_007119	hg38:1:121503288-121542627:+	39340
SAMPLE_007120	FRAG_007120	hg19:14:5304479-5358206:+	53728
SAMPLE_007121	FRAG_007121	hg38:7:17881322-17928131:-	46810
SAMPLE_007122	FRAG_007122	hg19:17:8294235-8342597:+	48363
SAMPLE_007123	FRAG_007123	hg38:12:183776428-183803016:+	26589
SAMPLE_007124	FRAG_007124	hg19:3:62847384-62905714:+	58331
SAMPLE_007125	FRAG_007125	hg38:14:26203247-26268895:-	65649
SAMPLE_007126	FRAG_007126	hg19:14:94109790-94117362:-	7573
SAMPLE_007127	FRAG_007127	hg38:19:101239083-101247687:+	8605
SAMPLE_007128	FRAG_007128	hg19:6:82127133-82161141:+	34009
SAMPLE_007129	FRAG_007129	hg38:7:159573042-159605692:-	32651
SAMPLE_007130	FRAG_007130	hg19:10:153247900-153306377:-	58478
SAMPLE_007131	FRAG_007131	hg38:2:101764273-101857787:-	93515
SAMPLE_007132	FRAG_007132	hg19:Y:99077420-99175611:+	98192
SAMPLE_007133	FRAG_007133	hg38:4:86865515-86955144:-	89630
SAMPLE_007134	FRAG_007134	hg19:19:86716246-86723877:-	7632
SAMPLE_007135	FRAG_007135	hg38:4:198391252-198466811:+	75560
SAMPLE_007136	FRAG_007136	hg19:21:172053786-172123060:-	69275
SAMPLE_007137	FRAG_007137	hg38:14:81623040-81721003:-	97964
SAMPLE_007138	FRAG_007138	hg19:19:116342740-116371394:-	28655
SAMPLE_007139	FRAG_007139	hg38:13:149640491-149657119:+	16629
SAMPLE_007140	FRAG_007140	hg19:7:192524152-192566891:-	42740
SAMPLE_007141	FRAG_007141	hg38:9:181000105-181082812:-	82708
SAMPLE_007142	FRAG_007142	hg19:13:2856384-2928571:-	72188
SAMPLE_007143	FRAG_007143	hg38:22:14200589-14262522:+	61934
SAMPLE_007144	FRAG_007144	hg19:8:187311647-187409937:-	98291
SAMPLE_007145	FRAG_007145	hg38:16:24810810-24907127:-	96318
SAMPLE_007146	FRAG_007146	hg19:8:173439995-173441277:+	1283
SAMPLE_007147	FRAG_007147	hg38:19:45007954-45032781:+	24828
SAMPLE_007148	FRAG_007148	hg19:20:117094750-117142419:-	47670
SAMPLE_007149	FRAG_007149	hg38:8:51909783-51938726:+	28944
SAMPLE_007150	FRAG_007150	hg19:X:163055663-163148760:-	93098
SAMPLE_007151	FRAG_007151	hg38:7:36772091-36862061:+	89971
SAMPLE_007152	FRAG_007152	hg19:19:78603568-78657134:-	53567
SAMPLE_007153	FRAG_007153	hg38:2:151503979-151528863:+	24885
SAMPLE_007154	FRAG_007154	hg19:11:44987340-45019305:-	31966
SAMPLE_007155	FRAG_007155	hg38:15:166708296-166758086:+	49791
SAMPLE_007156	FRAG_007156	hg19:9:118922636-118944806:-	22171
SAMPLE_007157	FRAG_007157	hg38:8:191349895-191431914:+	82020
SAMPLE_007158	FRAG_007158	hg19:8:144590819-144685811:-	94993
SAMPLE_007159	FRAG_007159	hg38:21:13545089-13564028:+	18940
SAMPLE_007160	FRAG_007160	hg19:8:49952129-50042544:+	90416
SAMPLE_007161	FRAG_007161	hg38:19:68474523-68487332:+	12810
SAMPLE_007162	FRAG_007162	hg19:3:166583697-166639676:+	55980
SAMPLE_007163	FRAG_007163	hg38:8:139584017-139607478:-	23462
SAMPLE_007164	FRAG_007164	hg19:10:58020473-58039099:-	18627
SAMPLE_007165	FRAG_007165	hg38:16:19952110-20039095:+	86986
SAMPLE_007166	FRAG_007166	hg19:20:181567900-181569590:-	1691
SAMPLE_007167	FRAG_007167	hg38:11:23576416-23618999:-	42584
SAMPLE_007168	FRAG_007168	hg19:9:92830833-92921777:+	90945
SAMPLE_007169	FRAG_007169	hg38:13:119800291-119808336:-	8046
SAMPLE_007170	FRAG_007170	hg19:14:186146963-186221962:+	75000
SAMPLE_007171	FRAG_007171	hg38:7:60361072-60433806:+	72735
SAMPLE_007172	FRAG_007172	hg19:1:193366485-193367479:-	995
SAMPLE_007173	FRAG_007173	hg38:10:58295961-58328684:+	32724
SAMPLE_007174	FRAG_007174	hg19:6:117097250-117197149:+	99900
SAMPLE_007175	FRAG_007175	hg38:5:121634978-121700064:-	65087
SAMPLE_007176	FRAG_007176	hg19:15:55694269-55723386:+	29118
SAMPLE_007177	FRAG_007177	hg38:14:136890625-136986279:+	95655
SAMPLE_007178	FRAG_007178	hg19:13:81191805-81244969:-	53165
SAMPLE_007179	FRAG_007179	hg38:1:1925837-1984394:+	58558
SAMPLE_007180	FRAG_007180	hg19:18:15055266-15103148:+	47883
SAMPLE_007181	FRAG_007181	hg38:13:90941468-90946495:-	5028
SAMPLE_007182	FRAG_007182	hg19:6:136136678-136218953:-	82276
SAMPLE_007183	FRAG_007183	hg38:5:78219202-78302299:+	83098
SAMPLE_007184	FRAG_007184	hg19:Y:172882761-172888187:-	5427
SAMPLE_007185	FRAG_007185	hg38:X:196400766-196440260:+	39495
SAMPLE_007186	FRAG_007186	hg19:5:73544316-73609834:+	65519
SAMPLE_007187	FRAG_007187	hg38:22:117589258-117674692:-	85435
SAMPLE_007188	FRAG_007188	hg19:12:45829922-45896787:-	66866
SAMPLE_007189	FRAG_007189	hg38:15:37968959-38024540:-	55582
SAMPLE_007190	FRAG_007190	hg19:19:116346694-116347510:+	817
SAMPLE_007191	FRAG_007191	hg38:1:66796285-66802028:-	5744
SAMPLE_007192	FRAG_007192	hg19:7:178800836-178867966:-	67131
SAMPLE_007193	FRAG_007193	hg38:21:71429987-71483378:-	53392
SAMPLE_007194	FRAG_007194	hg19:Y:76893281-76903082:-	9802
SAMPLE_007195	FRAG_007195	hg38:9:160722480-160764274:-	41795
SAMPLE_007196	FRAG_007196	hg19:21:57066980-57144313:+	77334
SAMPLE_007197	FRAG_007197	hg38:17:158591634-158620652:-	29019
SAMPLE_007198	FRAG_007198	hg19:Y:146407040-146482815:-	75776
SAMPLE_007199	FRAG_007199	hg38:20:70172451-70183093:-	10643
SAMPLE_007200	FRAG_007200	hg19:2:199667154-199744890:-	77737
SAMPLE_007201	FRAG_007201	hg38:11:76724473-76726834:+	2362
SAMPLE_007202	FRAG_007202	hg19:5:118177070-118232218:-	55149
SAMPLE_007203	FRAG_007203	hg38:7:36376591-36393809:+	17219
SAMPLE_007204	FRAG_007204	hg19:19:103275524-103309742:+	34219
SAMPLE_007205	FRAG_007205	hg38:5:43130535-43144251:+	13717
SAMPLE_007206	FRAG_007206	hg19:22:89461375-89475548:-	14174
SAMPLE_007207	FRAG_007207	hg38:18:62197494-62242483:-	44990
SAMPLE_007208	FRAG_007208	hg19:1:188852005-188853039:+	1035
SAMPLE_007209	FRAG_007209	hg38:6:121911388-122001678:-	90291
SAMPLE_007210	FRAG_007210	hg19:Y:44848678-44940797:+	92120
SAMPLE_007211	FRAG_007211	hg38:7:143553867-143631905:-	78039
SAMPLE_007212	FRAG_007212	hg19:16:47338668-47378511:+	39844
SAMPLE_007213	FRAG_007213	hg38:11:192966901-193019526:-	52626
SAMPLE_007214	FRAG_007214	hg19:Y:187853435-187919996:-	66562
SAMPLE_007215	FRAG_007215	hg38:3:135536352-135604142:+	67791
SAMPLE_007216	FRAG_007216	hg19:5:121863393-121890765:-	27373
SAMPLE_007217	FRAG_007217	hg38:2:177433091-177476821:-	43731
SAMPLE_007218	FRAG_007218	hg19:3:141165331-141216677:+	51347
SAMPLE_007219	FRAG_007219	hg38:13:21678917-21770842:+	91926
SAMPLE_007220	FRAG_007220	hg19:X:69563200-69658508:-	95309
SAMPLE_007221	FRAG_007221	hg38:13:126503944-126544544:-	40601
SAMPLE_007222	FRAG_007222	hg19:13:183387973-183391683:-	3711
SAMPLE_007223	FRAG_007223	hg38:17:185334233-185390880:-	56648
SAMPLE_007224	FRAG_007224	hg19:20:153301959-153337760:-	35802
SAMPLE_007225	FRAG_007225	hg38:7:146378371-146467772:+	89402
SAMPLE_007226	FRAG_007226	hg19:1:120393118-120474999:+	81882
SAMPLE_007227	FRAG_007227	hg38:7:33032456-33084724:+	52269
SAMPLE_007228	FRAG_007228	hg19:18:155063184-155071462:+	8279
SAMPLE_007229	FRAG_007229	hg38:14:104130508-104141974:-	11467
SAMPLE_007230	FRAG_007230	hg19:5:27563421-27564891:-	1471
SAMPLE_007231	FRAG_007231	hg38:11:86538540-86585743:-	47204
SAMPLE_007232	FRAG_007232	hg19:22:110079292-110146187:-	66896
SAMPLE_007233	FRAG_007233	hg38:11:179646396-179712334:-	65939
SAMPLE_007234	FRAG_007234	hg19:11:97227111-97270572:-	43462
SAMPLE_007235	FRAG_007235	hg38:12:47210598-47224187:-	13590
SAMPLE_007236	FRAG_007236	hg19:16:74711616-74768600:+	56985
SAMPLE_007237	FRAG_007237	hg38:1:104727438-104734792:-	7355
SAMPLE_007238	FRAG_007238	hg19:11:112380554-112449344:+	68791
SAMPLE_007239	FRAG_007239	hg38:10:16432310-16522369:-	90060
SAMPLE_007240	FRAG_007240	hg19:3:103707303-103762160:-	54858
SAMPLE_007241	FRAG_007241	hg38:9:29591430-29634539:+	43110
SAMPLE_007242	FRAG_007242	hg19:6:82211547-82245690:-	34144
SAMPLE_007243	FRAG_007243	hg38:3:159035581-159103227:-	67647
SAMPLE_007244	FRAG_007244	hg19:10:39579623-39580769:+	1147
SAMPLE_007245	FRAG_007245	hg38:7:110128647-110198520:-	69874
SAMPLE_007246	FRAG_007246	hg19:1:63647788-63715469:-	67682
SAMPLE_007247	FRAG_007247	hg38:16:197008823-197014813:+	5991
SAMPLE_007248	FRAG_007248	hg19:15:66807060-66810164:-	3105
SAMPLE_007249	FRAG_007249	hg38:7:168023479-168029952:-	6474
SAMPLE_007250	FRAG_007250	hg19:9:57951470-57972138:-	20669
SAMPLE_007251	FRAG_007251	hg38:2:13139230-13162451:-	23222
SAMPLE_007252	FRAG_007252	hg19:Y:146104757-146111614:+	6858
SAMPLE_007253	FRAG_007253	hg38:1:75618887-75699171:+	80285
SAMPLE_007254	FRAG_007254	hg19:7:180307750-180343522:+	35773
SAMPLE_007255	FRAG_007255	hg38:19:172253781-172311068:+	57288
SAMPLE_007256	FRAG_007256	hg19:20:161088636-161151476:-	62841
SAMPLE_007257	FRAG_007257	hg38:19:37219853-37284181:-	64329
SAMPLE_007258	FRAG_007258	hg19:11:150045746-150066280:-	20535
SAMPLE_007259	FRAG_007259	hg38:4:98328937-98356927:-	27991
SAMPLE_007260	FRAG_007260	hg19:20:142365296-142401223:+	35928
SAMPLE_007261	FRAG_007261	hg38:10:12338004-12380154:-	42151
SAMPLE_007262	FRAG_007262	hg19:7:102372184-102419074:-	46891
SAMPLE_007263	FRAG_007263	hg38:10:4801241-4868513:-	67273
SAMPLE_007264	FRAG_007264	hg19:16:172572744-172657157:+	84414
SAMPLE_007265	FRAG_007265	hg38:19:182685327-182718753:+	33427
SAMPLE_007266	FRAG_007266	hg19:11:169560638-169637745:+	77108
SAMPLE_007267	FRAG_007267	hg38:5:117016837-117103563:+	86727
SAMPLE_007268	FRAG_007268	hg19:6:166622328-166716835:-	94508
SAMPLE_007269	FRAG_007269	hg38:9:175663867-175683651:+	19785
SAMPLE_007270	FRAG_007270	hg19:8:95965547-95977845:+	12299
SAMPLE_007271	FRAG_007271	hg38:11:76260355-76329088:+	68734
SAMPLE_007272	FRAG_007272	hg19:15:84799886-84825447:+	25562
SAMPLE_007273	FRAG_007273	hg38:2:26868867-26899166:-	30300
SAMPLE_007274	FRAG_007274	hg19:22:127477388-127538158:-	60771
SAMPLE_007275	FRAG_007275	hg38:18:124554363-124612112:-	57750
SAMPLE_007276	FRAG_007276	hg19:20:31515416-31563795:-	48380
SAMPLE_007277	FRAG_007277	hg38:3:115181898-115249700:-	67803
SAMPLE_007278	FRAG_007278	hg19:22:194712293-194781300:+	69008
SAMPLE_007279	FRAG_007279	hg38:7:135448650-135449633:+	984
SAMPLE_007280	FRAG_007280	hg19:20:173171231-173213673:-	42443
SAMPLE_007281	FRAG_007281	hg38:X:75209977-75277886:+	67910
SAMPLE_007282	FRAG_007282	hg19:19:43727813-43783399:+	55587
SAMPLE_007283	FRAG_007283	hg38:21:46181785-46211091:-	29307
SAMPLE_007284	FRAG_007284	hg19:1:173557031-173654107:-	97077
SAMPLE_007285	FRAG_007285	hg38:Y:102131413-102203822:-	72410
SAMPLE_007286	FRAG_007286	hg19:6:113740207-113800900:-	60694
SAMPLE_007287	FRAG_007287	hg38:10:57314260-57382438:+	68179
SAMPLE_007288	FRAG_007288	hg19:15:188849482-188875208:+	25727
SAMPLE_007289	FRAG_007289	hg38:13:49799767-49853069:+	53303
SAMPLE_007290	FRAG_007290	hg19:22:183907130-183991808:+	84679
SAMPLE_007291	FRAG_007291	hg38:12:143171754-143184347:+	12594
SAMPLE_007292	FRAG_007292	hg19:15:135392945-135464338:+	71394
SAMPLE_007293	FRAG_007293	hg38:10:103404046-103423770:-	19725
SAMPLE_007294	FRAG_007294	hg19:11:84861725-84936034:-	74310
SAMPLE_007295	FRAG_007295	hg38:20:160375444-160447869:+	72426
SAMPLE_007296	FRAG_007296	hg19:14:64234418-64254939:+	20522
SAMPLE_007297	FRAG_007297	hg38:15:39765225-39860742:+	95518
SAMPLE_007298	FRAG_007298	hg19:21:32956466-33019061:-	62596
SAMPLE_007299	FRAG_007299	hg38:20:156497015-156563389:+	66375
SAMPLE_007300	FRAG_007300	hg19:5:62203012-62225958:-	22947
SAMPLE_007301	FRAG_007301	hg38:22:16197211-16272841:+	75631
SAMPLE_007302	FRAG_007302	hg19:X:85921812-85978463:-	56652
SAMPLE_007303	FRAG_007303	hg38:X:169493548-169565108:-	71561
SAMPLE_007304	FRAG_007304	hg19:2:149227167-149315628:-	88462
SAMPLE_007305	FRAG_007305	hg38:15:156940858-156999897:-	59040
SAMPLE_007306	FRAG_007306	hg19:X:19951896-19986406:-	34511
SAMPLE_007307	FRAG_007307	hg38:14:85278048-85343611:-	65564
SAMPLE_007308	FRAG_007308	hg19:7:141883335-141961605:+	78271
SAMPLE_007309	FRAG_007309	hg38:18:168588342-168659723:+	71382
SAMPLE_007310	FRAG_007310	hg19:15:57406595-57505259:-	98665
SAMPLE_007311	FRAG_007311	hg38:17:95688556-95697746:+	9191
SAMPLE_007312	FRAG_007312	hg19:11:162739923-162805186:+	65264
SAMPLE_007313	FRAG_007313	hg38:18:82201710-82278365:-	76656
SAMPLE_007314	FRAG_007314	hg19:17:192181753-192262012:-	80260
SAMPLE_007315	FRAG_007315	hg38:6:148620199-148673780:+	53582
SAMPLE_007316	FRAG_007316	hg19:17:148772117-148807163:-	35047
SAMPLE_007317	FRAG_007317	hg38:14:141961800-141989216:+	27417
SAMPLE_007318	FRAG_007318	hg19:5:184944817-184947530:-	2714
SAMPLE_007319	FRAG_007319	hg38:13:41517024-41527913:+	10890
SAMPLE_007320	FRAG_007320	hg19:19:183874006-183926822:+	52817
SAMPLE_007321	FRAG_007321	hg38:6:170542929-170558437:+	15509
SAMPLE_007322	FRAG_007322	hg19:21:199166503-199210745:+	44243
SAMPLE_007323	FRAG_007323	hg38:18:27781344-27853516:+	72173
SAMPLE_007324	FRAG_007324	hg19:19:145960618-146045925:-	85308
SAMPLE_007325	FRAG_007325	hg38:21:138101679-138115061:+	13383
SAMPLE_007326	FRAG_007326	hg19:1:132118460-132204005:+	85546
SAMPLE_007327	FRAG_007327	hg38:13:193003458-193054816:+	51359
SAMPLE_007328	FRAG_007328	hg19:4:123052660-123059329:+	6670
SAMPLE_007329	FRAG_007329	hg38:8:40388760-40452310:+	63551
SAMPLE_007330	FRAG_007330	hg19:13:163858550-163931568:+	73019
SAMPLE_007331	FRAG_007331	hg38:8:190633570-190670100:-	36531
SAMPLE_007332	FRAG_007332	hg19:22:164067007-164107324:-	40318
SAMPLE_007333	FRAG_007333	hg38:2:192622145-192654443:-	32299
SAMPLE_007334	FRAG_007334	hg19:2:132756120-132811764:-	55645
SAMPLE_007335	FRAG_007335	hg38:15:165868609-165936090:-	67482
SAMPLE_007336	FRAG_007336	hg19:17:61474868-61570997:+	96130
SAMPLE_007337	FRAG_007337	hg38:11:186359247-186406186:-	46940
SAMPLE_007338	FRAG_007338	hg19:1:119718046-119782355:+	64310
SAMPLE_007339	FRAG_007339	hg38:Y:46851057-46864867:+	13811
SAMPLE_007340	FRAG_007340	hg19:4:89387634-89430456:-	42823
SAMPLE_007341	FRAG_007341	hg38:21:183897305-183903401:-	6097
SAMPLE_007342	FRAG_007342	hg19:15:9787115-9876234:-	89120
SAMPLE_007343	FRAG_007343	hg38:5:26129357-26214228:-	84872
SAMPLE_007344	FRAG_007344	hg19:20:182328648-182408249:+	79602
SAMPLE_007345	FRAG_007345	hg38:17:191833004-191869396:-	36393
SAMPLE_007346	FRAG_007346	hg19:9:84531647-84538006:-	6360
SAMPLE_007347	FRAG_007347	hg38:17:57166516-57237452:+	70937
SAMPLE_007348	FRAG_007348	hg19:3:18150717-18192027:-	41311
SAMPLE_007349	FRAG_007349	hg38:16:175859045-175866281:+	7237
SAMPLE_007350	FRAG_007350	hg19:5:174993576-175023804:-	30229
SAMPLE_007351	FRAG_007351	hg38:2:108534263-108560773:-	26511
SAMPLE_007352	FRAG_007352	hg19:4:169519808-169562813:-	43006
SAMPLE_007353	FRAG_007353	hg38:18:21038111-21117481:+	79371
SAMPLE_007354	FRAG_007354	hg19:19:118550726-118634962:-	84237
SAMPLE_007355	FRAG_007355	hg38:20:145344951-145403961:+	59011
SAMPLE_007356	FRAG_007356	hg19:5:172479135-172510058:-	30924
SAMPLE_007357	FRAG_007357	hg38:21:96874541-96910037:-	35497
SAMPLE_007358	FRAG_007358	hg19:17:71707131-71745892:-	38762
SAMPLE_007359	FRAG_007359	hg38:16:79770897-79846697:+	75801
SAMPLE_007360	FRAG_007360	hg19:8:195784613-195840589:-	55977
SAMPLE_007361	FRAG_007361	hg38:10:18822411-18825747:-	3337
SAMPLE_007362	FRAG_007362	hg19:7:165592807-165610963:-	18157
SAMPLE_007363	FRAG_007363	hg38:16:134844367-134873522:+	29156
SAMPLE_007364	FRAG_007364	hg19:4:157307862-157354900:-	47039
SAMPLE_007365	FRAG_007365	hg38:12:190627764-190687639:+	59876
SAMPLE_007366	FRAG_007366	hg19:20:180679946-180772628:+	92683
SAMPLE_007367	FRAG_007367	hg38:22:63685430-63743493:+	58064
SAMPLE_007368	FRAG_007368	hg19:17:151205818-151257894:+	52077
SAMPLE_007369	FRAG_007369	hg38:X:37696510-37701956:+	5447
SAMPLE_007370	FRAG_007370	hg19:11:99861760-99935555:-	73796
SAMPLE_007371	FRAG_007371	hg38:21:61872746-61894698:+	21953
SAMPLE_007372	FRAG_007372	hg19:6:25285418-25325249:-	39832
SAMPLE_007373	FRAG_007373	hg38:Y:19514682-19564050:-	49369
SAMPLE_007374	FRAG_007374	hg19:21:69260315-69357658:+	97344
SAMPLE_007375	FRAG_007375	hg38:19:105437817-105495051:+	57235
SAMPLE_007376	FRAG_007376	hg19:15:81501406-81529076:-	27671
SAMPLE_007377	FRAG_007377	hg38:13:191325834-191388060:-	62227
SAMPLE_007378	FRAG_007378	hg19:13:196194300-196217957:+	23658
SAMPLE_007379	FRAG_007379	hg38:12:170702078-170799964:-	97887
SAMPLE_007380	FRAG_007380	hg19:18:175564044-175601693:+	37650
SAMPLE_007381	FRAG_007381	hg38:21:72869505-72933843:+	64339
SAMPLE_007382	FRAG_007382	hg19:14:119635976-119644816:+	8841
SAMPLE_007383	FRAG_007383	hg38:11:44368958-44371177:+	2220
SAMPLE_007384	FRAG_007384	hg19:3:179349691-179417511:+	67821
SAMPLE_007385	FRAG_007385	hg38:13:149125744-149200238:+	74495
SAMPLE_007386	FRAG_007386	hg19:21:27543400-27581474:+	38075
SAMPLE_007387	FRAG_007387	hg38:10:180219946-180256287:-	36342
SAMPLE_007388	FRAG_007388	hg19:13:16723236-16815360:-	92125
SAMPLE_007389	FRAG_007389	hg38:18:187292823-187319981:-	27159
SAMPLE_007390	FRAG_007390	hg19:15:7933808-7972029:+	38222
SAMPLE_007391	FRAG_007391	hg38:19:34655077-34749812:-	94736
SAMPLE_007392	FRAG_007392	hg19:10:171972425-172060013:+	87589
SAMPLE_007393	FRAG_007393	hg38:7:41684789-41689046:-	4258
SAMPLE_007394	FRAG_007394	hg19:21:8937676-8983772:-	46097
SAMPLE_007395	FRAG_007395	hg38:X:32292878-32317909:+	25032
SAMPLE_007396	FRAG_007396	hg19:14:122445538-122495465:-	49928
SAMPLE_007397	FRAG_007397	hg38:4:102348859-102427972:-	79114
SAMPLE_007398	FRAG_007398	hg19:14:21927100-21984681:+	57582
SAMPLE_007399	FRAG_007399	hg38:5:106805530-106847113:+	41584
SAMPLE_007400	FRAG_007400	hg19:9:9609161-9632452:+	23292
SAMPLE_007401	FRAG_007401	hg38:5:183549362-183567377:+	18016
SAMPLE_007402	FRAG_007402	hg19:9:158942885-159023825:+	80941
SAMPLE_007403	FRAG_007403	hg38:3:195668862-195696723:-	27862
SAMPLE_007404	FRAG_007404	hg19:14:60245638-60318715:-	73078
SAMPLE_007405	FRAG_007405	hg38:16:166677551-166724984:+	47434
SAMPLE_007406	FRAG_007406	hg19:4:122423958-122486631:+	62674
SAMPLE_007407	FRAG_007407	hg38:11:171634945-171655068:-	20124
SAMPLE_007408	FRAG_007408	hg19:9:33292149-33345549:-	53401
SAMPLE_007409	FRAG_007409	hg38:10:166565996-166570021:+	4026
SAMPLE_007410	FRAG_007410	hg19:7:95076388-95109040:+	32653
SAMPLE_007411	FRAG_007411	hg38:15:107153577-107193927:-	40351
SAMPLE_007412	FRAG_007412	hg19:14:38611161-38651921:-	40761
SAMPLE_007413	FRAG_007413	hg38:2:148528226-148543148:-	14923
SAMPLE_007414	FRAG_007414	hg19:8:35424347-35489020:-	64674
SAMPLE_007415	FRAG_007415	hg38:7:153367092-153376305:-	9214
SAMPLE_007416	FRAG_007416	hg19:Y:103379185-103463943:-	84759
SAMPLE_007417	FRAG_007417	hg38:12:43399574-43476441:+	76868
SAMPLE_007418	FRAG_007418	hg19:16:118755020-118845343:-	90324
SAMPLE_007419	FRAG_007419	hg38:9:81163030-81175676:+	12647
SAMPLE_007420	FRAG_007420	hg19:1:147988032-148016886:-	28855
SAMPLE_007421	FRAG_007421	hg38:1:90797715-90821662:-	23948
SAMPLE_007422	FRAG_007422	hg19:3:194812113-194908112:+	96000
SAMPLE_007423	FRAG_007423	hg38:9:184434296-184472615:-	38320
SAMPLE_007424	FRAG_007424	hg19:18:130147289-130200129:+	52841
SAMPLE_007425	FRAG_007425	hg38:6:144866285-144936703:+	70419
SAMPLE_007426	FRAG_007426	hg19:19:81715872-81716475:-	604
SAMPLE_007427	FRAG_007427	hg38:8:18744840-18775934:-	31095
SAMPLE_007428	FRAG_007428	hg19:12:102460694-102497367:+	36674
SAMPLE_007429	FRAG_007429	hg38:12:130440043-130530540:-	90498
SAMPLE_007430	FRAG_007430	hg19:19:40947733-40974180:-	26448
SAMPLE_007431	FRAG_007431	hg38:3:70984978-71000479:-	15502
SAMPLE_007432	FRAG_007432	hg19:17:126240365-126308635:-	68271
SAMPLE_007433	FRAG_007433	hg38:7:36973862-36982687:+	8826
SAMPLE_007434	FRAG_007434	hg19:10:157541595-157543924:-	2330
SAMPLE_007435	FRAG_007435	hg38:10:119329639-119362101:-	32463
SAMPLE_007436	FRAG_007436	hg19:21:115065173-115122746:+	57574
SAMPLE_007437	FRAG_007437	hg38:17:14896238-14922206:-	25969
SAMPLE_007438	FRAG_007438	hg19:17:17045606-17052868:+	7263
SAMPLE_007439	FRAG_007439	hg38:Y:144858198-144950016:-	91819
SAMPLE_007440	FRAG_007440	hg19:8:84757191-84768932:+	11742
SAMPLE_007441	FRAG_007441	hg38:19:88126760-88138309:+	11550
SAMPLE_007442	FRAG_007442	hg19:3:62428758-62462047:-	33290
SAMPLE_007443	FRAG_007443	hg38:16:111743799-111814403:+	70605
SAMPLE_007444	FRAG_007444	hg19:21:4968050-4982165:-	14116
SAMPLE_007445	FRAG_007445	hg38:18:148315407-148326079:-	10673
SAMPLE_007446	FRAG_007446	hg19:4:166125241-166131682:-	6442
SAMPLE_007447	FRAG_007447	hg38:21:86921761-86991007:-	69247
SAMPLE_007448	FRAG_007448	hg19:10:89763145-89780535:-	17391
SAMPLE_007449	FRAG_007449	hg38:2:173420070-173473855:+	53786
SAMPLE_007450	FRAG_007450	hg19:5:156205635-156262208:+	56574
SAMPLE_007451	FRAG_007451	hg38:8:20354733-20449798:-	95066
SAMPLE_007452	FRAG_007452	hg19:9:190711054-190735041:+	23988
SAMPLE_007453	FRAG_007453	hg38:1:9922894-9976378:+	53485
SAMPLE_007454	FRAG_007454	hg19:6:15557211-15583300:+	26090
SAMPLE_007455	FRAG_007455	hg38:17:90990470-91047557:-	57088
SAMPLE_007456	FRAG_007456	hg19:X:182269126-182272097:-	2972
SAMPLE_007457	FRAG_007457	hg38:5:78391721-78414266:+	22546
SAMPLE_007458	FRAG_007458	hg19:4:42178681-42217095:+	38415
SAMPLE_007459	FRAG_007459	hg38:13:129956291-130010379:+	54089
SAMPLE_007460	FRAG_007460	hg19:4:21236776-21278567:-	41792
SAMPLE_007461	FRAG_007461	hg38:11:159061080-159158380:+	97301
SAMPLE_007462	FRAG_007462	hg19:1:108856115-108869124:-	13010
SAMPLE_007463	FRAG_007463	hg38:8:199692854-199720328:+	27475
SAMPLE_007464	FRAG_007464	hg19:5:37676356-37694639:-	18284
SAMPLE_007465	FRAG_007465	hg38:2:86769454-86774082:+	4629
SAMPLE_007466	FRAG_007466	hg19:19:50442919-50460521:+	17603
SAMPLE_007467	FRAG_007467	hg38:2:102409740-102459055:+	49316
SAMPLE_007468	FRAG_007468	hg19:21:26663983-26668090:+	4108
SAMPLE_007469	FRAG_007469	hg38:3:56763318-56778742:-	15425
SAMPLE_007470	FRAG_007470	hg19:18:57123387-57164091:+	40705
SAMPLE_007471	FRAG_007471	hg38:19:52658549-52672290:+	13742
SAMPLE_007472	FRAG_007472	hg19:21:98607749-98631095:+	23347
SAMPLE_007473	FRAG_007473	hg38:17:32338152-32388305:+	50154
SAMPLE_007474	FRAG_007474	hg19:6:197746386-197778769:-	32384
SAMPLE_007475	FRAG_007475	hg38:11:183341471-183395935:-	54465
SAMPLE_007476	FRAG_007476	hg19:11:59137304-59154349:-	17046
SAMPLE_007477	FRAG_007477	hg38:6:108301117-108367230:-	66114
SAMPLE_007478	FRAG_007478	hg19:10:119841325-119921700:-	80376
SAMPLE_007479	FRAG_007479	hg38:1:71788812-71812020:-	23209
SAMPLE_007480	FRAG_007480	hg19:14:72839419-72865257:+	25839
SAMPLE_007481	FRAG_007481	hg38:Y:196872655-196880298:-	7644
SAMPLE_007482	FRAG_007482	hg19:8:122820590-122878402:-	57813
SAMPLE_007483	FRAG_007483	hg38:21:75283582-75315866:-	32285
SAMPLE_007484	FRAG_007484	hg19:6:127674077-127756080:+	82004
SAMPLE_007485	FRAG_007485	hg38:12:25726974-25780526:-	53553
SAMPLE_007486	FRAG_007486	hg19:X:103984815-104008587:-	23773
SAMPLE_007487	FRAG_007487	hg38:12:152054146-152098228:+	44083
SAMPLE_007488	FRAG_007488	hg19:9:105713107-105777559:+	64453
SAMPLE_007489	FRAG_007489	hg38:12:172686195-172718975:+	32781
SAMPLE_007490	FRAG_007490	hg19:20:112800445-112855542:-	55098
SAMPLE_007491	FRAG_007491	hg38:4:127898171-127933613:-	35443
SAMPLE_007492	FRAG_007492	hg19:8:109533764-109566927:-	33164
SAMPLE_007493	FRAG_007493	hg38:6:119522694-119561012:-	38319
SAMPLE_007494	FRAG_007494	hg19:13:194187408-194244831:-	57424
SAMPLE_007495	FRAG_007495	hg38:22:91748328-91779409:+	31082
SAMPLE_007496	FRAG_007496	hg19:18:188567157-188643751:-	76595
SAMPLE_007497	FRAG_007497	hg38:5:155776322-155859893:-	83572
SAMPLE_007498	FRAG_007498	hg19:Y:42364823-42398069:-	33247
SAMPLE_007499	FRAG_007499	hg38:7:105222016-105315192:-	93177
SAMPLE_007500	FRAG_007500	hg19:19:80942824-80963080:+	20257
SAMPLE_007501	FRAG_007501	hg38:11:22957004-23019738:+	62735
SAMPLE_007502	FRAG_007502	hg19:21:174103636-174164122:-	60487
SAMPLE_007503	FRAG_007503	hg38:7:168851727-168949867:+	98141
SAMPLE_007504	FRAG_007504	hg19:11:58043201-58079279:-	36079
SAMPLE_007505	FRAG_007505	hg38:14:89187386-89259781:-	72396
SAMPLE_007506	FRAG_007506	hg19:8:156088895-156177049:+	88155
SAMPLE_007507	FRAG_007507	hg38:14:106574692-106588464:+	13773
SAMPLE_007508	FRAG_007508	hg19:10:127269063-127343684:+	74622
SAMPLE_007509	FRAG_007509	hg38:20:147667495-147747740:+	80246
SAMPLE_007510	FRAG_007510	hg19:14:96156242-96169347:+	13106
SAMPLE_007511	FRAG_007511	hg38:22:23361322-23427369:+	66048
SAMPLE_007512	FRAG_007512	hg19:13:177034251-177102287:+	68037
SAMPLE_007513	FRAG_007513	hg38:X:24725533-24786574:+	61042
SAMPLE_007514	FRAG_007514	hg19:8:134440012-134443541:+	3530
SAMPLE_007515	FRAG_007515	hg38:16:102881883-102899526:+	17644
SAMPLE_007516	FRAG_007516	hg19:16:45572679-45663766:+	91088
SAMPLE_007517	FRAG_007517	hg38:4:144963402-144999797:-	36396
SAMPLE_007518	FRAG_007518	hg19:16:192012901-192085999:+	73099
SAMPLE_007519	FRAG_007519	hg38:18:104776473-104795313:-	18841
SAMPLE_007520	FRAG_007520	hg19:19:32628309-32656071:+	27763
SAMPLE_007521	FRAG_007521	hg38:4:107899559-107937475:+	37917
SAMPLE_007522	FRAG_007522	hg19:19:119654261-119693799:-	39539
SAMPLE_007523	FRAG_007523	hg38:6:173454823-173497699:-	42877
SAMPLE_007524	FRAG_007524	hg19:5:156196663-156295291:+	98629
SAMPLE_007525	FRAG_007525	hg38:13:80601245-80693826:-	92582
SAMPLE_007526	FRAG_007526	hg19:13:52339601-52366984:+	27384
SAMPLE_007527	FRAG_007527	hg38:15:158056038-158074715:-	18678
SAMPLE_007528	FRAG_007528	hg19:1:107142495-107171204:-	28710
SAMPLE_007529	FRAG_007529	hg38:17:22454394-22542048:+	87655
SAMPLE_007530	FRAG_007530	hg19:6:112027976-112112627:-	84652
SAMPLE_007531	FRAG_007531	hg38:X:153245037-153283826:-	38790
SAMPLE_007532	FRAG_007532	hg19:3:111058004-111139822:-	81819
SAMPLE_007533	FRAG_007533	hg38:22:111513243-111517094:+	3852
SAMPLE_007534	FRAG_007534	hg19:7:60236628-60280202:+	43575
SAMPLE_007535	FRAG_007535	hg38:2:105590348-105604593:+	14246
SAMPLE_007536	FRAG_007536	hg19:6:154335488-154381849:+	46362
SAMPLE_007537	FRAG_007537	hg38:4:193848141-193901246:+	53106
SAMPLE_007538	FRAG_007538	hg19:19:74043610-74122966:+	79357
SAMPLE_007539	FRAG_007539	hg38:3:61779535-61805552:+	26018
SAMPLE_007540	FRAG_007540	hg19:9:58832854-58868991:-	36138
SAMPLE_007541	FRAG_007541	hg38:22:130394259-130449711:+	55453
SAMPLE_007542	FRAG_007542	hg19:22:144204705-144241069:+	36365
SAMPLE_007543	FRAG_007543	hg38:10:152223585-152230059:-	6475
SAMPLE_007544	FRAG_007544	hg19:3:17663490-17759457:+	95968
SAMPLE_007545	FRAG_007545	hg38:14:162194264-162259463:+	65200
SAMPLE_007546	FRAG_007546	hg19:2:68389487-68399673:+	10187
SAMPLE_007547	FRAG_007547	hg38:4:3797612-3850599:-	52988
SAMPLE_007548	FRAG_007548	hg19:19:191690434-191776713:+	86280
SAMPLE_007549	FRAG_007549	hg38:1:84631206-84637938:+	6733
SAMPLE_007550	FRAG_007550	hg19:2:143173307-143193535:-	20229
SAMPLE_007551	FRAG_007551	hg38:14:109501164-109517269:+	16106
SAMPLE_007552	FRAG_007552	hg19:Y:167656659-167666641:+	9983
SAMPLE_007553	FRAG_007553	hg38:8:39756566-39795335:+	38770
SAMPLE_007554	FRAG_007554	hg19:7:135739600-135773891:-	34292
SAMPLE_007555	FRAG_007555	hg38:10:71097391-71170440:+	73050
SAMPLE_007556	FRAG_007556	hg19:2:86698418-86726380:+	27963
SAMPLE_007557	FRAG_007557	hg38:3:17477483-17533748:-	56266
SAMPLE_007558	FRAG_007558	hg19:19:26814998-26903485:-	88488
SAMPLE_007559	FRAG_007559	hg38:19:56139031-56152596:-	13566
SAMPLE_007560	FRAG_007560	hg19:2:87953086-87964049:-	10964
SAMPLE_007561	FRAG_007561	hg38:4:24195615-24288112:-	92498
SAMPLE_007562	FRAG_007562	hg19:4:37300952-37328095:+	27144
SAMPLE_007563	FRAG_007563	hg38:19:84063880-84153749:+	89870
SAMPLE_007564	FRAG_007564	hg19:5:125535380-125575653:+	40274
SAMPLE_007565	FRAG_007565	hg38:6:150154926-150223681:+	68756
SAMPLE_007566	FRAG_007566	hg19:10:33005855-33018414:+	12560
SAMPLE_007567	FRAG_007567	hg38:18:170651455-170712165:-	60711
SAMPLE_007568	FRAG_007568	hg19:11:131078151-131096569:+	18419
SAMPLE_007569	FRAG_007569	hg38:20:118075388-118103821:-	28434
SAMPLE_007570	FRAG_007570	hg19:17:132764093-132812892:-	48800
SAMPLE_007571	FRAG_007571	hg38:10:51337632-51394321:+	56690
SAMPLE_007572	FRAG_007572	hg19:8:22391914-22465041:+	73128
SAMPLE_007573	FRAG_007573	hg38:21:81977705-82043650:+	65946
SAMPLE_007574	FRAG_007574	hg19:22:33779788-33829956:-	50169
SAMPLE_007575	FRAG_007575	hg38:6:173178660-173211861:+	33202
SAMPLE_007576	FRAG_007576	hg19:4:77224632-77270790:+	46159
SAMPLE_007577	FRAG_007577	hg38:3:64744990-64838548:+	93559
SAMPLE_007578	FRAG_007578	hg19:11:89985346-90014391:+	29046
SAMPLE_007579	FRAG_007579	hg38:14:179096038-179174762:-	78725
SAMPLE_007580	FRAG_007580	hg19:22:105296854-105321672:+	24819
SAMPLE_007581	FRAG_007581	hg38:14:68986888-69059197:-	72310
SAMPLE_007582	FRAG_007582	hg19:11:87751622-87774038:+	22417
SAMPLE_007583	FRAG_007583	hg38:21:199533162-199598783:-	65622
SAMPLE_007584	FRAG_007584	hg19:3:38293920-38294683:-	764
SAMPLE_007585	FRAG_007585	hg38:10:194451751-194516024:+	64274
SAMPLE_007586	FRAG_007586	hg19:X:157699058-157760707:-	61650
SAMPLE_007587	FRAG_007587	hg38:17:97338274-97407679:-	69406
SAMPLE_007588	FRAG_007588	hg19:13:76786452-76866185:+	79734
SAMPLE_007589	FRAG_007589	hg38:2:100118243-100122756:+	4514
SAMPLE_007590	FRAG_007590	hg19:19:189107807-189190706:-	82900
SAMPLE_007591	FRAG_007591	hg38:14:94380131-94439798:-	59668
SAMPLE_007592	FRAG_007592	hg19:7:98727059-98775480:-	48422
SAMPLE_007593	FRAG_007593	hg38:5:121327490-121352136:+	24647
SAMPLE_007594	FRAG_007594	hg19:15:105613666-105634620:-	20955
SAMPLE_007595	FRAG_007595	hg38:5:98073050-98159192:-	86143
SAMPLE_007596	FRAG_007596	hg19:12:70522246-70526138:-	3893
SAMPLE_007597	FRAG_007597	hg38:1:7054655-7117598:+	62944
SAMPLE_007598	FRAG_007598	hg19:3:176532494-176571536:-	39043
SAMPLE_007599	FRAG_007599	hg38:4:2367313-2396973:-	29661
SAMPLE_007600	FRAG_007600	hg19:17:114005773-114091243:+	85471
SAMPLE_007601	FRAG_007601	hg38:9:189021237-189027047:-	5811
SAMPLE_007602	FRAG_007602	hg19:4:1920836-1922009:-	1174
SAMPLE_007603	FRAG_007603	hg38:14:161928414-161999887:+	71474
SAMPLE_007604	FRAG_007604	hg19:22:27921554-27957697:-	36144
SAMPLE_007605	FRAG_007605	hg38:5:38773861-38844653:+	70793
SAMPLE_007606	FRAG_007606	hg19:16:46231516-46285445:+	53930
SAMPLE_007607	FRAG_007607	hg38:17:30882417-30977302:+	94886
SAMPLE_007608	FRAG_007608	hg19:12:44308777-44395731:+	86955
SAMPLE_007609	FRAG_007609	hg38:8:149233869-149253088:+	19220
SAMPLE_007610	FRAG_007610	hg19:6:150267936-150291371:+	23436
SAMPLE_007611	FRAG_007611	hg38:10:144894836-144897061:-	2226
SAMPLE_007612	FRAG_007612	hg19:16:42753703-42797028:+	43326
SAMPLE_007613	FRAG_007613	hg38:12:159660191-159740119:-	79929
SAMPLE_007614	FRAG_007614	hg19:2:74261280-74261947:+	668
SAMPLE_007615	FRAG_007615	hg38:2:149778952-149874647:-	95696
SAMPLE_007616	FRAG_007616	hg19:15:32090739-32170581:+	79843
SAMPLE_007617	FRAG_007617	hg38:12:190121114-190134953:+	13840
SAMPLE_007618	FRAG_007618	hg19:8:180050164-180096148:+	45985
SAMPLE_007619	FRAG_007619	hg38:11:86546197-86572155:-	25959
SAMPLE_007620	FRAG_007620	hg19:5:173638492-173660582:+	22091
SAMPLE_007621	FRAG_007621	hg38:1:78649869-78707604:+	57736
SAMPLE_007622	FRAG_007622	hg19:21:179484024-179576300:-	92277
SAMPLE_007623	FRAG_007623	hg38:16:11988368-12061811:-	73444
SAMPLE_007624	FRAG_007624	hg19:17:8841174-8873164:+	31991
SAMPLE_007625	FRAG_007625	hg38:18:20538858-20541610:+	2753
SAMPLE_007626	FRAG_007626	hg19:10:167982873-167996784:-	13912
SAMPLE_007627	FRAG_007627	hg38:X:66118362-66162039:-	43678
SAMPLE_007628	FRAG_007628	hg19:3:90366549-90447429:+	80881
SAMPLE_007629	FRAG_007629	hg38:17:177036346-177049376:-	13031
SAMPLE_007630	FRAG_007630	hg19:10:150161577-150223618:-	62042
SAMPLE_007631	FRAG_007631	hg38:15:197699811-197738037:+	38227
SAMPLE_007632	FRAG_007632	hg19:18:48053025-48058296:+	5272
SAMPLE_007633	FRAG_007633	hg38:21:181961648-182028985:+	67338
SAMPLE_007634	FRAG_007634	hg19:1:60596167-60647197:-	51031
SAMPLE_007635	FRAG_007635	hg38:16:173463179-173536979:+	73801
SAMPLE_007636	FRAG_007636	hg19:22:125730990-125761287:+	30298
SAMPLE_007637	FRAG_007637	hg38:22:27131354-27150977:+	19624
SAMPLE_007638	FRAG_007638	hg19:22:195719145-195800982:-	81838
SAMPLE_007639	FRAG_007639	hg38:9:194406831-194438728:-	31898
SAMPLE_007640	FRAG_007640	hg19:20:4688514-4764472:-	75959
SAMPLE_007641	FRAG_007641	hg38:11:87748377-87821299:-	72923
SAMPLE_007642	FRAG_007642	hg19:16:160009483-160058751:-	49269
SAMPLE_007643	FRAG_007643	hg38:X:147225182-147228414:-	3233
SAMPLE_007644	FRAG_007644	hg19:6:198721713-198797698:+	75986
SAMPLE_007645	FRAG_007645	hg38:14:116407227-116486728:+	79502
SAMPLE_007646	FRAG_007646	hg19:X:97445129-97484692:+	39564
SAMPLE_007647	FRAG_007647	hg38:17:146820012-146900168:-	80157
SAMPLE_007648	FRAG_007648	hg19:1:18898629-18948576:+	49948
SAMPLE_007649	FRAG_007649	hg38:13:113844527-113888484:-	43958
SAMPLE_007650	FRAG_007650	hg19:8:122426000-122457108:-	31109
SAMPLE_007651	FRAG_007651	hg38:12:12604811-12663512:+	58702
SAMPLE_007652	FRAG_007652	hg19:13:39628298-39670523:-	42226
SAMPLE_007653	FRAG_007653	hg38:14:60772713-60785432:-	12720
SAMPLE_007654	FRAG_007654	hg19:22:19552143-19626060:-	73918
SAMPLE_007655	FRAG_007655	hg38:19:16726617-16799446:+	72830
SAMPLE_007656	FRAG_007656	hg19:12:171461421-171490749:+	29329
SAMPLE_007657	FRAG_007657	hg38:17:53197617-53234862:-	37246
SAMPLE_007658	FRAG_007658	hg19:Y:166346902-166399629:+	52728
SAMPLE_007659	FRAG_007659	hg38:21:107775483-107856312:-	80830
SAMPLE_007660	FRAG_007660	hg19:9:124435207-124475197:-	39991
SAMPLE_007661	FRAG_007661	hg38:6:3456262-3499111:-	42850
SAMPLE_007662	FRAG_007662	hg19:22:65528738-65553378:+	24641
SAMPLE_007663	FRAG_007663	hg38:9:58067192-58090511:-	23320
SAMPLE_007664	FRAG_007664	hg19:17:9565705-9566828:-	1124
SAMPLE_007665	FRAG_007665	hg38:3:191438325-191498379:+	60055
SAMPLE_007666	FRAG_007666	hg19:10:194312796-194327792:-	14997
SAMPLE_007667	FRAG_007667	hg38:11:107923285-107956106:+	32822
SAMPLE_007668	FRAG_007668	hg19:11:91741001-91811568:-	70568
SAMPLE_007669	FRAG_007669	hg38:15:158023755-158061188:+	37434
SAMPLE_007670	FRAG_007670	hg19:13:134945949-134969269:-	23321
SAMPLE_007671	FRAG_007671	hg38:1:75504372-75526124:+	21753
SAMPLE_007672	FRAG_007672	hg19:12:17491095-17550861:+	59767
SAMPLE_007673	FRAG_007673	hg38:7:177404769-177434316:+	29548
SAMPLE_007674	FRAG_007674	hg19:20:182370166-182414959:-	44794
SAMPLE_007675	FRAG_007675	hg38:12:60657405-60681665:+	24261
SAMPLE_007676	FRAG_007676	hg19:11:145370051-145454440:+	84390
SAMPLE_007677	FRAG_007677	hg38:17:61763002-61814209:+	51208
SAMPLE_007678	FRAG_007678	hg19:9:38533035-38536188:-	3154
SAMPLE_007679	FRAG_007679	hg38:13:186263026-186287618:+	24593
SAMPLE_007680	FRAG_007680	hg19:15:27631151-27652350:-	21200
SAMPLE_007681	FRAG_007681	hg38:10:162125370-162146443:+	21074
SAMPLE_007682	FRAG_007682	hg19:5:82077033-82080997:+	3965
SAMPLE_007683	FRAG_007683	hg38:14:146377691-146439008:+	61318
SAMPLE_007684	FRAG_007684	hg19:4:184743275-184790852:+	47578
SAMPLE_007685	FRAG_007685	hg38:19:110017063-110040642:-	23580
SAMPLE_007686	FRAG_007686	hg19:20:128463638-128491651:+	28014
SAMPLE_007687	FRAG_007687	hg38:13:34877064-34906568:-	29505
SAMPLE_007688	FRAG_007688	hg19:2:33510216-33538954:+	28739
SAMPLE_007689	FRAG_007689	hg38:19:135247705-135268768:+	21064
SAMPLE_007690	FRAG_007690	hg19:10:97178225-97248406:+	70182
SAMPLE_007691	FRAG_007691	hg38:6:13101947-13122267:-	20321
SAMPLE_007692	FRAG_007692	hg19:4:158045121-158133624:+	88504
SAMPLE_007693	FRAG_007693	hg38:4:65252583-65328639:+	76057
SAMPLE_007694	FRAG_007694	hg19:7:167160253-167209729:+	49477
SAMPLE_007695	FRAG_007695	hg38:16:131785397-131865089:+	79693
SAMPLE_007696	FRAG_007696	hg19:20:1553425-1562023:+	8599
SAMPLE_007697	FRAG_007697	hg38:21:50340348-50343688:-	3341
SAMPLE_007698	FRAG_007698	hg19:14:102141880-102155414:+	13535
SAMPLE_007699	FRAG_007699	hg38:6:102085524-102130654:-	45131
SAMPLE_007700	FRAG_007700	hg19:X:18177275-18242291:-	65017
SAMPLE_007701	FRAG_007701	hg38:12:83974568-84053671:+	79104
SAMPLE_007702	FRAG_007702	hg19:Y:156522674-156582089:+	59416
SAMPLE_007703	FRAG_007703	hg38:8:77679840-77680400:-	561
SAMPLE_007704	FRAG_007704	hg19:Y:37699536-37728503:+	28968
SAMPLE_007705	FRAG_007705	hg38:3:175721837-175772807:-	50971
SAMPLE_007706	FRAG_007706	hg19:15:21258493-21329046:-	70554
SAMPLE_007707	FRAG_007707	hg38:11:78745700-78795592:-	49893
SAMPLE_007708	FRAG_007708	hg19:Y:66783556-66821795:-	38240
SAMPLE_007709	FRAG_007709	hg38:1:32747789-32845293:-	97505
SAMPLE_007710	FRAG_007710	hg19:12:182913114-182939278:+	26165
SAMPLE_007711	FRAG_007711	hg38:3:122160961-122249288:-	88328
SAMPLE_007712	FRAG_007712	hg19:14:191991400-192047043:-	55644
SAMPLE_007713	FRAG_007713	hg38:11:93503087-93511242:+	8156
SAMPLE_007714	FRAG_007714	hg19:22:174973720-175035944:-	62225
SAMPLE_007715	FRAG_007715	hg38:3:8114266-8131151:+	16886
SAMPLE_007716	FRAG_007716	hg19:18:188983525-188995367:-	11843
SAMPLE_007717	FRAG_007717	hg38:16:15748932-15821185:-	72254
SAMPLE_007718	FRAG_007718	hg19:22:194638929-194649150:+	10222
SAMPLE_007719	FRAG_007719	hg38:5:67010018-67027824:+	17807
SAMPLE_007720	FRAG_007720	hg19:22:105902318-105917743:-	15426
SAMPLE_007721	FRAG_007721	hg38:21:183469714-183541921:-	72208
SAMPLE_007722	FRAG_007722	hg19:1:169899460-169950602:-	51143
SAMPLE_007723	FRAG_007723	hg38:21:55894453-55950995:-	56543
SAMPLE_007724	FRAG_007724	hg19:8:41579017-41597274:+	18258
SAMPLE_007725	FRAG_007725	hg38:22:34045528-34109766:-	64239
SAMPLE_007726	FRAG_007726	hg19:19:20223285-20244141:+	20857
SAMPLE_007727	FRAG_007727	hg38:13:139731935-139815764:-	83830
SAMPLE_007728	FRAG_007728	hg19:21:99686074-99753764:-	67691
SAMPLE_007729	FRAG_007729	hg38:8:23491683-23557453:+	65771
SAMPLE_007730	FRAG_007730	hg19:10:163745444-163765895:-	20452
SAMPLE_007731	FRAG_007731	hg38:7:11748798-11752124:+	3327
SAMPLE_007732	FRAG_007732	hg19:Y:122750477-122783067:-	32591
SAMPLE_007733	FRAG_007733	hg38:8:145384451-145459634:+	75184
SAMPLE_007734	FRAG_007734	hg19:8:188177741-188270388:+	92648
SAMPLE_007735	FRAG_007735	hg38:7:70700096-70719364:-	19269
SAMPLE_007736	FRAG_007736	hg19:12:177819935-177899003:-	79069
SAMPLE_007737	FRAG_007737	hg38:13:57020273-57101067:+	80795
SAMPLE_007738	FRAG_007738	hg19:16:144712996-144812449:-	99454
SAMPLE_007739	FRAG_007739	hg38:4:177928734-177993574:+	64841
SAMPLE_007740	FRAG_007740	hg19:22:111792585-111858217:-	65633
SAMPLE_007741	FRAG_007741	hg38:19:92490107-92499987:+	9881
SAMPLE_007742	FRAG_007742	hg19:17:12071385-12090163:+	18779
SAMPLE_007743	FRAG_007743	hg38:4:180126695-180163211:+	36517
SAMPLE_007744	FRAG_007744	hg19:13:44934151-44980931:-	46781
SAMPLE_007745	FRAG_007745	hg38:13:50389201-50428082:-	38882
SAMPLE_007746	FRAG_007746	hg19:15:99999062-100028439:+	29378
SAMPLE_007747	FRAG_007747	hg38:5:50144813-50209255:-	64443
SAMPLE_007748	FRAG_007748	hg19:11:60218836-60264610:+	45775
SAMPLE_007749	FRAG_007749	hg38:16:181560753-181609149:-	48397
SAMPLE_007750	FRAG_007750	hg19:11:104590009-104688991:-	98983
SAMPLE_007751	FRAG_007751	hg38:14:142984866-143019467:-	34602
SAMPLE_007752	FRAG_007752	hg19:17:159022739-159061708:-	38970
SAMPLE_007753	FRAG_007753	hg38:6:75808146-75830230:-	22085
SAMPLE_007754	FRAG_007754	hg19:X:33296472-33345154:+	48683
SAMPLE_007755	FRAG_007755	hg38:10:168899476-168953294:+	53819
SAMPLE_007756	FRAG_007756	hg19:11:111937857-111939117:+	1261
SAMPLE_007757	FRAG_007757	hg38:19:88775989-88831381:-	55393
SAMPLE_007758	FRAG_007758	hg19:18:30489545-30533796:+	44252
SAMPLE_007759	FRAG_007759	hg38:22:114199613-114207220:+	7608
SAMPLE_007760	FRAG_007760	hg19:15:191847390-191902662:-	55273
SAMPLE_007761	FRAG_007761	hg38:6:63120002-63198787:-	78786
SAMPLE_007762	FRAG_007762	hg19:X:165789561-165792915:-	3355
SAMPLE_007763	FRAG_007763	hg38:19:70095455-70124201:-	28747
SAMPLE_007764	FRAG_007764	hg19:5:36162470-36172530:+	10061
SAMPLE_007765	FRAG_007765	hg38:10:177293152-177350940:-	57789
SAMPLE_007766	FRAG_007766	hg19:1:40552424-40577308:+	24885
SAMPLE_007767	FRAG_007767	hg38:10:124874663-124939836:+	65174
SAMPLE_007768	FRAG_007768	hg19:10:133270664-133316368:-	45705
SAMPLE_007769	FRAG_007769	hg38:5:32196869-32246333:-	49465
SAMPLE_007770	FRAG_007770	hg19:X:14942419-15028827:-	86409
SAMPLE_007771	FRAG_007771	hg38:1:62788000-62815186:+	27187
SAMPLE_007772	FRAG_007772	hg19:3:122543158-122582009:+	38852
SAMPLE_007773	FRAG_007773	hg38:8:120375227-120401031:+	25805
SAMPLE_007774	FRAG_007774	hg19:X:153306526-153314378:-	7853
SAMPLE_007775	FRAG_007775	hg38:11:193674308-193683199:-	8892
SAMPLE_007776	FRAG_007776	hg19:16:196915968-196968922:-	52955
SAMPLE_007777	FRAG_007777	hg38:1:53916778-53969106:-	52329
SAMPLE_007778	FRAG_007778	hg19:21:181093978-181123274:+	29297
SAMPLE_007779	FRAG_007779	hg38:17:54810906-54867286:+	56381
SAMPLE_007780	FRAG_007780	hg19:4:38129532-38138860:+	9329
SAMPLE_007781	FRAG_007781	hg38:1:194284645-194291567:-	6923
SAMPLE_007782	FRAG_007782	hg19:17:34957135-34992816:-	35682
SAMPLE_007783	FRAG_007783	hg38:9:55637419-55709108:+	71690
SAMPLE_007784	FRAG_007784	hg19:7:122160720-122216644:-	55925
SAMPLE_007785	FRAG_007785	hg38:1:45663796-45731077:-	67282
SAMPLE_007786	FRAG_007786	hg19:16:199659997-199755363:+	95367
SAMPLE_007787	FRAG_007787	hg38:X:103325070-103352680:+	27611
SAMPLE_007788	FRAG_007788	hg19:11:182778693-182863093:-	84401
SAMPLE_007789	FRAG_007789	hg38:20:117733432-117771422:+	37991
SAMPLE_007790	FRAG_007790	hg19:1:100447726-100521925:-	74200
SAMPLE_007791	FRAG_007791	hg38:9:192982966-193057947:+	74982
SAMPLE_007792	FRAG_007792	hg19:4:40076508-40101621:-	25114
SAMPLE_007793	FRAG_007793	hg38:20:26120648-26169590:+	48943
SAMPLE_007794	FRAG_007794	hg19:12:176310866-176317907:+	7042
SAMPLE_007795	FRAG_007795	hg38:3:90067500-90082191:-	14692
SAMPLE_007796	FRAG_007796	hg19:13:128558768-128573648:-	14881
SAMPLE_007797	FRAG_007797	hg38:17:186468261-186562528:+	94268
SAMPLE_007798	FRAG_007798	hg19:18:59179930-59186823:+	6894
SAMPLE_007799	FRAG_007799	hg38:10:172277222-172311181:+	33960
SAMPLE_007800	FRAG_007800	hg19:2:17491556-17528997:-	37442
SAMPLE_007801	FRAG_007801	hg38:8:94568803-94577674:-	8872
SAMPLE_007802	FRAG_007802	hg19:13:92249389-92316599:+	67211
SAMPLE_007803	FRAG_007803	hg38:22:89630068-89658560:+	28493
SAMPLE_007804	FRAG_007804	hg19:17:176699103-176782741:+	83639
SAMPLE_007805	FRAG_007805	hg38:9:174335815-174403822:+	68008
SAMPLE_007806	FRAG_007806	hg19:16:123965310-124006479:-	41170
SAMPLE_007807	FRAG_007807	hg38:12:14405312-14472092:+	66781
SAMPLE_007808	FRAG_007808	hg19:2:172573665-172656013:+	82349
SAMPLE_007809	FRAG_007809	hg38:4:139598492-139651854:-	53363
SAMPLE_007810	FRAG_007810	hg19:13:121092301-121129740:+	37440
SAMPLE_007811	FRAG_007811	hg38:16:148348211-148407797:-	59587
SAMPLE_007812	FRAG_007812	hg19:2:164262020-164274474:+	12455
SAMPLE_007813	FRAG_007813	hg38:5:177377653-177438784:+	61132
SAMPLE_007814	FRAG_007814	hg19:13:142496429-142576398:+	79970
SAMPLE_007815	FRAG_007815	hg38:16:28603407-28695882:-	92476
SAMPLE_007816	FRAG_007816	hg19:3:99197351-99211835:-	14485
SAMPLE_007817	FRAG_007817	hg38:14:114385831-114454141:+	68311
SAMPLE_007818	FRAG_007818	hg19:3:154353485-154428531:-	75047
SAMPLE_007819	FRAG_007819	hg38:13:96629553-96687532:+	57980
SAMPLE_007820	FRAG_007820	hg19:22:43904404-43931013:-	26610
SAMPLE_007821	FRAG_007821	hg38:3:12189576-12252529:-	62954
SAMPLE_007822	FRAG_007822	hg19:1:144964548-145008672:+	44125
SAMPLE_007823	FRAG_007823	hg38:12:69607650-69632999:-	25350
SAMPLE_007824	FRAG_007824	hg19:21:18978155-19049317:-	71163
SAMPLE_007825	FRAG_007825	hg38:14:119039563-119082942:+	43380
SAMPLE_007826	FRAG_007826	hg19:18:67280400-67329345:-	48946
SAMPLE_007827	FRAG_007827	hg38:8:156290564-156323498:+	32935
SAMPLE_007828	FRAG_007828	hg19:10:105125125-105146493:-	21369
SAMPLE_007829	FRAG_007829	hg38:22:26303893-26323007:-	19115
SAMPLE_007830	FRAG_007830	hg19:X:90966434-91030106:+	63673
SAMPLE_007831	FRAG_007831	hg38:3:89651045-89740845:-	89801
SAMPLE_007832	FRAG_007832	hg19:14:148116859-148173424:-	56566
SAMPLE_007833	FRAG_007833	hg38:20:2154397-2182161:+	27765
SAMPLE_007834	FRAG_007834	hg19:1:139361953-139382325:-	20373
SAMPLE_007835	FRAG_007835	hg38:7:125024135-125045289:+	21155
SAMPLE_007836	FRAG_007836	hg19:16:104145962-104245282:-	99321
SAMPLE_007837	FRAG_007837	hg38:19:174771422-174845344:+	73923
SAMPLE_007838	FRAG_007838	hg19:9:19691796-19733799:-	42004
SAMPLE_007839	FRAG_007839	hg38:Y:17436305-17529880:+	93576
SAMPLE_007840	FRAG_007840	hg19:11:140011708-140028693:-	16986
SAMPLE_007841	FRAG_007841	hg38:10:29587125-29643522:+	56398
SAMPLE_007842	FRAG_007842	hg19:1:126390424-126462274:+	71851
SAMPLE_007843	FRAG_007843	hg38:1:152478907-152549551:-	70645
SAMPLE_007844	FRAG_007844	hg19:5:3140170-3235310:-	95141
SAMPLE_007845	FRAG_007845	hg38:8:192937954-193011272:+	73319
SAMPLE_007846	FRAG_007846	hg19:16:126934536-126997309:-	62774
SAMPLE_007847	FRAG_007847	hg38:Y:32126065-32225610:+	99546
SAMPLE_007848	FRAG_007848	hg19:17:38636946-38675782:-	38837
SAMPLE_007849	FRAG_007849	hg38:5:197625687-197717057:-	91371
SAMPLE_007850	FRAG_007850	hg19:21:105672627-105739180:+	66554
SAMPLE_007851	FRAG_007851	hg38:1:17503015-17582490:+	79476
SAMPLE_007852	FRAG_007852	hg19:15:40306160-40317530:+	11371
SAMPLE_007853	FRAG_007853	hg38:2:193287828-193306881:-	19054
SAMPLE_007854	FRAG_007854	hg19:5:80243026-80268882:-	25857
SAMPLE_007855	FRAG_007855	hg38:16:182948369-182977259:+	28891
SAMPLE_007856	FRAG_007856	hg19:12:177804165-177901507:-	97343
SAMPLE_007857	FRAG_007857	hg38:X:121000112-121087408:-	87297
SAMPLE_007858	FRAG_007858	hg19:4:167173240-167273011:-	99772
SAMPLE_007859	FRAG_007859	hg38:4:156591581-156680927:-	89347
SAMPLE_007860	FRAG_007860	hg19:4:98915746-98965554:-	49809
SAMPLE_007861	FRAG_007861	hg38:12:109081744-109134509:-	52766
SAMPLE_007862	FRAG_007862	hg19:14:11923155-11962450:-	39296
SAMPLE_007863	FRAG_007863	hg38:17:53283541-53314780:-	31240
SAMPLE_007864	FRAG_007864	hg19:9:5688332-5690938:-	2607
SAMPLE_007865	FRAG_007865	hg38:5:76577715-76599379:+	21665
SAMPLE_007866	FRAG_007866	hg19:22:184113453-184163741:-	50289
SAMPLE_007867	FRAG_007867	hg38:7:168542110-168602757:+	60648
SAMPLE_007868	FRAG_007868	hg19:X:35140729-35165122:+	24394
SAMPLE_007869	FRAG_007869	hg38:19:70356400-70366852:+	10453
SAMPLE_007870	FRAG_007870	hg19:20:4566217-4658914:-	92698
SAMPLE_007871	FRAG_007871	hg38:1:187100785-187148711:-	47927
SAMPLE_007872	FRAG_007872	hg19:16:66296028-66384576:-	88549
SAMPLE_007873	FRAG_007873	hg38:2:90811774-90827217:-	15444
SAMPLE_007874	FRAG_007874	hg19:21:31679327-31756731:+	77405
SAMPLE_007875	FRAG_007875	hg38:11:189468269-189473636:+	5368
SAMPLE_007876	FRAG_007876	hg19:2:107559595-107569169:+	9575
SAMPLE_007877	FRAG_007877	hg38:14:9249023-9250690:+	1668
SAMPLE_007878	FRAG_007878	hg19:5:94589769-94642870:+	53102
SAMPLE_007879	FRAG_007879	hg38:22:126822773-126857567:-	34795
SAMPLE_007880	FRAG_007880	hg19:20:150332149-150392379:+	60231
SAMPLE_007881	FRAG_007881	hg38:8:78583854-78626118:+	42265
SAMPLE_007882	FRAG_007882	hg19:12:24960233-25025218:+	64986
SAMPLE_007883	FRAG_007883	hg38:4:154130354-154168036:-	37683
SAMPLE_007884	FRAG_007884	hg19:16:25505387-25580614:-	75228
SAMPLE_007885	FRAG_007885	hg38:13:191825544-191857823:-	32280
SAMPLE_007886	FRAG_007886	hg19:21:77136663-77187931:+	51269
SAMPLE_007887	FRAG_007887	hg38:5:56745571-56749077:+	3507
SAMPLE_007888	FRAG_007888	hg19:16:38234431-38325720:-	91290
SAMPLE_007889	FRAG_007889	hg38:14:40259408-40307730:+	48323
SAMPLE_007890	FRAG_007890	hg19:10:145613172-145665162:-	51991
SAMPLE_007891	FRAG_007891	hg38:9:45680062-45758187:-	78126
SAMPLE_007892	FRAG_007892	hg19:22:78872656-78890002:+	17347
SAMPLE_007893	FRAG_007893	hg38:2:186007352-186012357:+	5006
SAMPLE_007894	FRAG_007894	hg19:1:105991272-106063349:+	72078
SAMPLE_007895	FRAG_007895	hg38:3:179922886-179963256:-	40371
SAMPLE_007896	FRAG_007896	hg19:1:24089869-24132262:+	42394
SAMPLE_007897	FRAG_007897	hg38:18:76109142-76153932:+	44791
SAMPLE_007898	FRAG_007898	hg19:5:31747026-31812472:-	65447
SAMPLE_007899	FRAG_007899	hg38:21:196859404-196886499:+	27096
SAMPLE_007900	FRAG_007900	hg19:21:195747501-195839235:+	91735
SAMPLE_007901	FRAG_007901	hg38:8:113959943-114002420:+	42478
SAMPLE_007902	FRAG_007902	hg19:13:192332299-192411214:+	78916
SAMPLE_007903	FRAG_007903	hg38:1:16626273-16638491:+	12219
SAMPLE_007904	FRAG_007904	hg19:Y:159197847-159203289:+	5443
SAMPLE_007905	FRAG_007905	hg38:17:159012997-159091508:+	78512
SAMPLE_007906	FRAG_007906	hg19:3:120015496-120088483:+	72988
SAMPLE_007907	FRAG_007907	hg38:Y:84140521-84141485:+	965
SAMPLE_007908	FRAG_007908	hg19:6:173791148-173860686:+	69539
SAMPLE_007909	FRAG_007909	hg38:11:75807337-75899457:+	92121
SAMPLE_007910	FRAG_007910	hg19:11:162097961-162169731:+	71771
SAMPLE_007911	FRAG_007911	hg38:20:14575413-14665426:+	90014
SAMPLE_007912	FRAG_007912	hg19:2:190589820-190624726:+	34907
SAMPLE_007913	FRAG_007913	hg38:21:112980282-113038909:-	58628
SAMPLE_007914	FRAG_007914	hg19:3:113067553-113099829:-	32277
SAMPLE_007915	FRAG_007915	hg38:6:173522718-173593181:+	70464
SAMPLE_007916	FRAG_007916	hg19:17:38669689-38680981:+	11293
SAMPLE_007917	FRAG_007917	hg38:22:116182796-116266550:+	83755
SAMPLE_007918	FRAG_007918	hg19:12:82362741-82438223:-	75483
SAMPLE_007919	FRAG_007919	hg38:X:123943043-123977153:+	34111
SAMPLE_007920	FRAG_007920	hg19:12:60133105-60227688:+	94584
SAMPLE_007921	FRAG_007921	hg38:3:94644118-94649379:+	5262
SAMPLE_007922	FRAG_007922	hg19:22:66634319-66732031:+	97713
SAMPLE_007923	FRAG_007923	hg38:20:134464678-134521885:+	57208
SAMPLE_007924	FRAG_007924	hg19:20:167090109-167149310:-	59202
SAMPLE_007925	FRAG_007925	hg38:5:150706332-150719238:+	12907
SAMPLE_007926	FRAG_007926	hg19:Y:38562393-38603317:-	40925
SAMPLE_007927	FRAG_007927	hg38:20:128337947-128368957:-	31011
SAMPLE_007928	FRAG_007928	hg19:Y:174849222-174896379:+	47158
SAMPLE_007929	FRAG_007929	hg38:Y:109860252-109874362:-	14111
SAMPLE_007930	FRAG_007930	hg19:14:186241701-186304975:+	63275
SAMPLE_007931	FRAG_007931	hg38:17:129504411-129569822:-	65412
SAMPLE_007932	FRAG_007932	hg19:5:143477587-143564357:+	86771
SAMPLE_007933	FRAG_007933	hg38:14:117082818-117114274:-	31457
SAMPLE_007934	FRAG_007934	hg19:1:196611525-196623529:-	12005
SAMPLE_007935	FRAG_007935	hg38:21:124450845-124472507:-	21663
SAMPLE_007936	FRAG_007936	hg19:6:43658502-43736611:+	78110
SAMPLE_007937	FRAG_007937	hg38:14:117764415-117821570:-	57156
SAMPLE_007938	FRAG_007938	hg19:17:139211702-139302788:+	91087
SAMPLE_007939	FRAG_007939	hg38:19:185626302-185718451:+	92150
SAMPLE_007940	FRAG_007940	hg19:15:107590901-107675755:+	84855
SAMPLE_007941	FRAG_007941	hg38:13:46367761-46410840:+	43080
SAMPLE_007942	FRAG_007942	hg19:18:162658916-162743409:+	84494
SAMPLE_007943	FRAG_007943	hg38:15:156901988-156940685:+	38698
SAMPLE_007944	FRAG_007944	hg19:11:144736623-144811256:+	74634
SAMPLE_007945	FRAG_007945	hg38:5:92643435-92686330:-	42896
SAMPLE_007946	FRAG_007946	hg19:16:41881089-41942517:-	61429
SAMPLE_007947	FRAG_007947	hg38:11:134145482-134225051:-	79570
SAMPLE_007948	FRAG_007948	hg19:10:148383042-148386809:+	3768
SAMPLE_007949	FRAG_007949	hg38:18:143861642-143910553:+	48912
SAMPLE_007950	FRAG_007950	hg19:11:20445421-20449763:-	4343
SAMPLE_007951	FRAG_007951	hg38:4:30356220-30414497:-	58278
SAMPLE_007952	FRAG_007952	hg19:11:149024988-149088774:+	63787
SAMPLE_007953	FRAG_007953	hg38:19:38332692-38342362:-	9671
SAMPLE_007954	FRAG_007954	hg19:13:25914180-25960674:-	46495
SAMPLE_007955	FRAG_007955	hg38:3:31642108-31727579:-	85472
SAMPLE_007956	FRAG_007956	hg19:17:11570399-11627066:+	56668
SAMPLE_007957	FRAG_007957	hg38:21:12700266-12748089:+	47824
SAMPLE_007958	FRAG_007958	hg19:X:50294325-50373921:-	79597
SAMPLE_007959	FRAG_007959	hg38:9:189980172-190058575:+	78404
SAMPLE_007960	FRAG_007960	hg19:17:151640108-151699223:-	59116
SAMPLE_007961	FRAG_007961	hg38:12:125300523-125384836:+	84314
SAMPLE_007962	FRAG_007962	hg19:21:173486006-173517033:+	31028
SAMPLE_007963	FRAG_007963	hg38:5:53660848-53738633:+	77786
SAMPLE_007964	FRAG_007964	hg19:4:197249510-197263335:+	13826
SAMPLE_007965	FRAG_007965	hg38:11:4541404-4624952:+	83549
SAMPLE_007966	FRAG_007966	hg19:21:106072355-106139330:+	66976
SAMPLE_007967	FRAG_007967	hg38:16:46879743-46916317:+	36575
SAMPLE_007968	FRAG_007968	hg19:13:173638351-173725562:-	87212
SAMPLE_007969	FRAG_007969	hg38:5:44500219-44524462:+	24244
SAMPLE_007970	FRAG_007970	hg19:7:163330464-163384450:+	53987
SAMPLE_007971	FRAG_007971	hg38:4:151536851-151620448:+	83598
SAMPLE_007972	FRAG_007972	hg19:13:12233414-12255952:+	22539
SAMPLE_007973	FRAG_007973	hg38:16:53496737-53580982:+	84246
SAMPLE_007974	FRAG_007974	hg19:5:47375198-47409995:-	34798
SAMPLE_007975	FRAG_007975	hg38:21:114675581-114769217:+	93637
SAMPLE_007976	FRAG_007976	hg19:9:155140396-155232874:-	92479
SAMPLE_007977	FRAG_007977	hg38:12:127050184-127082037:-	31854
SAMPLE_007978	FRAG_007978	hg19:1:88679490-88771383:-	91894
SAMPLE_007979	FRAG_007979	hg38:X:173335826-173348386:-	12561
SAMPLE_007980	FRAG_007980	hg19:10:179065399-179117150:-	51752
SAMPLE_007981	FRAG_007981	hg38:14:134154135-134243538:-	89404
SAMPLE_007982	FRAG_007982	hg19:2:103120742-103215660:-	94919
SAMPLE_007983	FRAG_007983	hg38:7:174393531-174441463:-	47933
SAMPLE_007984	FRAG_007984	hg19:9:59752416-59801762:-	49347
SAMPLE_007985	FRAG_007985	hg38:11:18604930-18700397:-	95468
SAMPLE_007986	FRAG_007986	hg19:13:116195687-116282079:-	86393
SAMPLE_007987	FRAG_007987	hg38:12:54318435-54386319:-	67885
SAMPLE_007988	FRAG_007988	hg19:17:80637696-80664186:+	26491
SAMPLE_007989	FRAG_007989	hg38:22:176802174-176848964:-	46791
SAMPLE_007990	FRAG_007990	hg19:21:112800929-112822402:-	21474
SAMPLE_007991	FRAG_007991	hg38:7:106129264-106186671:-	57408
SAMPLE_007992	FRAG_007992	hg19:17:65515126-65556675:+	41550
SAMPLE_007993	FRAG_007993	hg38:1:124674433-124761832:-	87400
SAMPLE_007994	FRAG_007994	hg19:12:127432978-127502227:+	69250
SAMPLE_007995	FRAG_007995	hg38:17:79041621-79121936:+	80316
SAMPLE_007996	FRAG_007996	hg19:6:110659424-110745178:+	85755
SAMPLE_007997	FRAG_007997	hg38:22:68598020-68683562:-	85543
SAMPLE_007998	FRAG_007998	hg19:8:116594632-116690656:-	96025
SAMPLE_007999	FRAG_007999	hg38:18:96571362-96576012:+	4651
SAMPLE_008000	FRAG_008000	hg19:Y:86665072-86705626:+	40555
SAMPLE_008001	FRAG_008001	hg38:12:9558015-9652981:+	94967
SAMPLE_008002	FRAG_008002	hg19:18:108613904-108649679:-	35776
SAMPLE_008003	FRAG_008003	hg38:6:3198634-3295184:+	96551
SAMPLE_008004	FRAG_008004	hg19:15:76259658-76285987:+	26330
SAMPLE_008005	FRAG_008005	hg38:20:53653889-53753804:+	99916
SAMPLE_008006	FRAG_008006	hg19:X:120946782-121008549:+	61768
SAMPLE_008007	FRAG_008007	hg38:Y:39085216-39149943:-	64728
SAMPLE_008008	FRAG_008008	hg19:9:93706762-93790483:+	83722
SAMPLE_008009	FRAG_008009	hg38:8:8671174-8745365:+	74192
SAMPLE_008010	FRAG_008010	hg19:14:90948022-90966570:-	18549
SAMPLE_008011	FRAG_008011	hg38:4:11321759-11368703:+	46945
SAMPLE_008012	FRAG_008012	hg19:X:171731869-171823751:+	91883
SAMPLE_008013	FRAG_008013	hg38:10:7216867-7262388:+	45522
SAMPLE_008014	FRAG_008014	hg19:18:84658414-84671261:+	12848
SAMPLE_008015	FRAG_008015	hg38:11:18375877-18406126:+	30250
SAMPLE_008016	FRAG_008016	hg19:15:72087951-72166650:+	78700
SAMPLE_008017	FRAG_008017	hg38:8:132928195-133027076:-	98882
SAMPLE_008018	FRAG_008018	hg19:7:194689796-194700606:+	10811
SAMPLE_008019	FRAG_008019	hg38:4:65156237-65175379:-	19143
SAMPLE_008020	FRAG_008020	hg19:19:74758339-74762664:+	4326
SAMPLE_008021	FRAG_008021	hg38:13:50566760-50614178:-	47419
SAMPLE_008022	FRAG_008022	hg19:9:149004750-149024777:-	20028
SAMPLE_008023	FRAG_008023	hg38:22:50171643-50221989:-	50347
SAMPLE_008024	FRAG_008024	hg19:4:14720423-14811610:-	91188
SAMPLE_008025	FRAG_008025	hg38:16:142876115-142905901:+	29787
SAMPLE_008026	FRAG_008026	hg19:18:182703175-182797378:-	94204
SAMPLE_008027	FRAG_008027	hg38:12:92864386-92903230:+	38845
SAMPLE_008028	FRAG_008028	hg19:9:116800070-116883396:+	83327
SAMPLE_008029	FRAG_008029	hg38:20:22695403-22777928:+	82526
SAMPLE_008030	FRAG_008030	hg19:11:22043318-22056107:-	12790
SAMPLE_008031	FRAG_008031	hg38:22:93347173-93387575:-	40403
SAMPLE_008032	FRAG_008032	hg19:11:184680485-184780048:+	99564
SAMPLE_008033	FRAG_008033	hg38:X:188512267-188572240:+	59974
SAMPLE_008034	FRAG_008034	hg19:14:128213255-128231542:+	18288
SAMPLE_008035	FRAG_008035	hg38:18:112597513-112612122:-	14610
SAMPLE_008036	FRAG_008036	hg19:7:119718763-119751695:-	32933
SAMPLE_008037	FRAG_008037	hg38:13:38687591-38700603:+	13013
SAMPLE_008038	FRAG_008038	hg19:22:128675339-128717448:-	42110
SAMPLE_008039	FRAG_008039	hg38:14:194787229-194881987:+	94759
SAMPLE_008040	FRAG_008040	hg19:14:28247177-28281404:+	34228
SAMPLE_008041	FRAG_008041	hg38:14:138894077-138898343:-	4267
SAMPLE_008042	FRAG_008042	hg19:17:138214541-138230575:-	16035
SAMPLE_008043	FRAG_008043	hg38:13:4789128-4810570:+	21443
SAMPLE_008044	FRAG_008044	hg19:14:63825005-63900348:+	75344
SAMPLE_008045	FRAG_008045	hg38:20:65558443-65615497:+	57055
SAMPLE_008046	FRAG_008046	hg19:8:161447331-161528893:-	81563
SAMPLE_008047	FRAG_008047	hg38:3:133626394-133684017:+	57624
SAMPLE_008048	FRAG_008048	hg19:10:9720423-9764908:-	44486
SAMPLE_008049	FRAG_008049	hg38:Y:159423359-159504538:+	81180
SAMPLE_008050	FRAG_008050	hg19:5:189951398-190040656:-	89259
SAMPLE_008051	FRAG_008051	hg38:15:182649943-182680269:+	30327
SAMPLE_008052	FRAG_008052	hg19:6:76268501-76297221:+	28721
SAMPLE_008053	FRAG_008053	hg38:17:143429878-143503260:+	73383
SAMPLE_008054	FRAG_008054	hg19:10:93383752-93450059:+	66308
SAMPLE_008055	FRAG_008055	hg38:22:175540195-175578934:+	38740
SAMPLE_008056	FRAG_008056	hg19:2:100132498-100152035:+	19538
SAMPLE_008057	FRAG_008057	hg38:13:99319259-99358788:+	39530
SAMPLE_008058	FRAG_008058	hg19:22:149438644-149458116:+	19473
SAMPLE_008059	FRAG_008059	hg38:Y:29740571-29772205:+	31635
SAMPLE_008060	FRAG_008060	hg19:9:127535281-127553148:-	17868
SAMPLE_008061	FRAG_008061	hg38:12:102628785-102687160:-	58376
SAMPLE_008062	FRAG_008062	hg19:6:164647348-164727326:+	79979
SAMPLE_008063	FRAG_008063	hg38:4:89915331-90009983:-	94653
SAMPLE_008064	FRAG_008064	hg19:19:77567876-77571557:-	3682
SAMPLE_008065	FRAG_008065	hg38:7:140945410-140957060:+	11651
SAMPLE_008066	FRAG_008066	hg19:21:67768378-67808087:-	39710
SAMPLE_008067	FRAG_008067	hg38:20:61404383-61453707:+	49325
SAMPLE_008068	FRAG_008068	hg19:2:176335043-176425414:+	90372
SAMPLE_008069	FRAG_008069	hg38:22:130871484-130948693:-	77210
SAMPLE_008070	FRAG_008070	hg19:4:173474297-173563689:+	89393
SAMPLE_008071	FRAG_008071	hg38:11:110521729-110524298:+	2570
SAMPLE_008072	FRAG_008072	hg19:22:31787477-31864593:-	77117
SAMPLE_008073	FRAG_008073	hg38:20:105643348-105660428:-	17081
SAMPLE_008074	FRAG_008074	hg19:3:58345722-58405454:+	59733
SAMPLE_008075	FRAG_008075	hg38:17:115718769-115733888:+	15120
SAMPLE_008076	FRAG_008076	hg19:22:23382477-23463504:+	81028
SAMPLE_008077	FRAG_008077	hg38:Y:132311053-132377536:+	66484
SAMPLE_008078	FRAG_008078	hg19:20:43072131-43093027:+	20897
SAMPLE_008079	FRAG_008079	hg38:19:67084945-67157526:-	72582
SAMPLE_008080	FRAG_008080	hg19:19:87506816-87517213:-	10398
SAMPLE_008081	FRAG_008081	hg38:7:124617053-124706601:-	89549
SAMPLE_008082	FRAG_008082	hg19:16:8222260-8237689:-	15430
SAMPLE_008083	FRAG_008083	hg38:5:138934155-139008693:-	74539
SAMPLE_008084	FRAG_008084	hg19:16:119667508-119668135:-	628
SAMPLE_008085	FRAG_008085	hg38:12:199772453-199850921:+	78469
SAMPLE_008086	FRAG_008086	hg19:12:16161152-16187406:-	26255
SAMPLE_008087	FRAG_008087	hg38:9:14722002-14764155:+	42154
SAMPLE_008088	FRAG_008088	hg19:6:36146830-36148099:-	1270
SAMPLE_008089	FRAG_008089	hg38:Y:66507865-66576618:-	68754
SAMPLE_008090	FRAG_008090	hg19:18:10184557-10265392:+	80836
SAMPLE_008091	FRAG_008091	hg38:Y:172248722-172289811:-	41090
SAMPLE_008092	FRAG_008092	hg19:2:160570204-160592998:-	22795
SAMPLE_008093	FRAG_008093	hg38:17:122490958-122543855:-	52898
SAMPLE_008094	FRAG_008094	hg19:2:175100260-175131920:+	31661
SAMPLE_008095	FRAG_008095	hg38:9:163292580-163294194:+	1615
SAMPLE_008096	FRAG_008096	hg19:9:184836437-184890424:-	53988
SAMPLE_008097	FRAG_008097	hg38:22:80885705-80931815:+	46111
SAMPLE_008098	FRAG_008098	hg19:18:195240267-195333956:+	93690
SAMPLE_008099	FRAG_008099	hg38:8:146412435-146468503:+	56069
SAMPLE_008100	FRAG_008100	hg19:2:66387367-66397764:+	10398
SAMPLE_008101	FRAG_008101	hg38:15:20239027-20262138:+	23112
SAMPLE_008102	FRAG_008102	hg19:11:66413526-66427149:+	13624
SAMPLE_008103	FRAG_008103	hg38:9:17134698-17184387:+	49690
SAMPLE_008104	FRAG_008104	hg19:18:43864601-43905798:+	41198
SAMPLE_008105	FRAG_008105	hg38:1:64088078-64101492:+	13415
SAMPLE_008106	FRAG_008106	hg19:12:47657470-47688908:+	31439
SAMPLE_008107	FRAG_008107	hg38:18:53878256-53975778:+	97523
SAMPLE_008108	FRAG_008108	hg19:22:141384195-141435384:+	51190
SAMPLE_008109	FRAG_008109	hg38:Y:111347009-111431023:+	84015
SAMPLE_008110	FRAG_008110	hg19:14:64769265-64770948:+	1684
SAMPLE_008111	FRAG_008111	hg38:21:129549475-129641909:+	92435
SAMPLE_008112	FRAG_008112	hg19:Y:162123728-162174083:+	50356
SAMPLE_008113	FRAG_008113	hg38:15:137977436-138076119:-	98684
SAMPLE_008114	FRAG_008114	hg19:21:116000615-116064827:-	64213
SAMPLE_008115	FRAG_008115	hg38:6:12473401-12479951:+	6551
SAMPLE_008116	FRAG_008116	hg19:12:22687573-22705032:-	17460
SAMPLE_008117	FRAG_008117	hg38:X:27769228-27863741:+	94514
SAMPLE_008118	FRAG_008118	hg19:16:123608434-123610091:+	1658
SAMPLE_008119	FRAG_008119	hg38:14:73207595-73239740:-	32146
SAMPLE_008120	FRAG_008120	hg19:1:181198535-181284782:-	86248
SAMPLE_008121	FRAG_008121	hg38:4:59167704-59191835:-	24132
SAMPLE_008122	FRAG_008122	hg19:1:100673950-100743797:+	69848
SAMPLE_008123	FRAG_008123	hg38:4:22609942-22687005:-	77064
SAMPLE_008124	FRAG_008124	hg19:21:98121848-98162184:-	40337
SAMPLE_008125	FRAG_008125	hg38:12:163539794-163595384:-	55591
SAMPLE_008126	FRAG_008126	hg19:5:107146865-107228213:-	81349
SAMPLE_008127	FRAG_008127	hg38:11:31838855-31890404:+	51550
SAMPLE_008128	FRAG_008128	hg19:15:134819450-134876019:+	56570
SAMPLE_008129	FRAG_008129	hg38:8:120761734-120819798:+	58065
SAMPLE_008130	FRAG_008130	hg19:X:182389794-182489284:-	99491
SAMPLE_008131	FRAG_008131	hg38:5:65563471-65619761:-	56291
SAMPLE_008132	FRAG_008132	hg19:13:37097054-37111518:-	14465
SAMPLE_008133	FRAG_008133	hg38:13:147002795-147061046:+	58252
SAMPLE_008134	FRAG_008134	hg19:1:98564588-98613879:-	49292
SAMPLE_008135	FRAG_008135	hg38:7:27426285-27486915:+	60631
SAMPLE_008136	FRAG_008136	hg19:18:129265807-129335086:-	69280
SAMPLE_008137	FRAG_008137	hg38:2:196807188-196829428:+	22241
SAMPLE_008138	FRAG_008138	hg19:7:176899515-176990111:-	90597
SAMPLE_008139	FRAG_008139	hg38:22:19481120-19531528:-	50409
SAMPLE_008140	FRAG_008140	hg19:10:103344572-103396317:+	51746
SAMPLE_008141	FRAG_008141	hg38:16:55973842-56029949:+	56108
SAMPLE_008142	FRAG_008142	hg19:1:183529867-183569275:+	39409
SAMPLE_008143	FRAG_008143	hg38:3:112694906-112755315:+	60410
SAMPLE_008144	FRAG_008144	hg19:22:47738850-47778433:+	39584
SAMPLE_008145	FRAG_008145	hg38:12:80328472-80353293:+	24822
SAMPLE_008146	FRAG_008146	hg19:4:107510391-107589659:-	79269
SAMPLE_008147	FRAG_008147	hg38:7:71311803-71366783:-	54981
SAMPLE_008148	FRAG_008148	hg19:1:105232989-105266289:-	33301
SAMPLE_008149	FRAG_008149	hg38:13:152767120-152838220:-	71101
SAMPLE_008150	FRAG_008150	hg19:19:130664058-130731471:+	67414
SAMPLE_008151	FRAG_008151	hg38:7:148963362-149013328:+	49967
SAMPLE_008152	FRAG_008152	hg19:1:75706646-75710855:+	4210
SAMPLE_008153	FRAG_008153	hg38:16:162960904-163050913:+	90010
SAMPLE_008154	FRAG_008154	hg19:13:61938385-62034427:+	96043
SAMPLE_008155	FRAG_008155	hg38:12:49620367-49696449:+	76083
SAMPLE_008156	FRAG_008156	hg19:X:31498240-31576577:+	78338
SAMPLE_008157	FRAG_008157	hg38:16:103891787-103899842:-	8056
SAMPLE_008158	FRAG_008158	hg19:20:76204757-76234492:+	29736
SAMPLE_008159	FRAG_008159	hg38:2:14389446-14424577:-	35132
SAMPLE_008160	FRAG_008160	hg19:Y:39964464-40054824:+	90361
SAMPLE_008161	FRAG_008161	hg38:3:122242260-122313959:+	71700
SAMPLE_008162	FRAG_008162	hg19:5:43111669-43179481:-	67813
SAMPLE_008163	FRAG_008163	hg38:16:140208986-140225748:+	16763
SAMPLE_008164	FRAG_008164	hg19:1:145008525-145020493:+	11969
SAMPLE_008165	FRAG_008165	hg38:15:157602275-157694068:-	91794
SAMPLE_008166	FRAG_008166	hg19:21:129972088-129979589:-	7502
SAMPLE_008167	FRAG_008167	hg38:22:142148807-142208052:-	59246
SAMPLE_008168	FRAG_008168	hg19:19:77466380-77529408:-	63029
SAMPLE_008169	FRAG_008169	hg38:20:16268669-16347846:-	79178
SAMPLE_008170	FRAG_008170	hg19:6:29576446-29594616:-	18171
SAMPLE_008171	FRAG_008171	hg38:4:75936267-75951233:-	14967
SAMPLE_008172	FRAG_008172	hg19:11:96548567-96603789:+	55223
SAMPLE_008173	FRAG_008173	hg38:18:144488725-144570463:+	81739
SAMPLE_008174	FRAG_008174	hg19:1:21661339-21718548:-	57210
SAMPLE_008175	FRAG_008175	hg38:7:184800802-184884117:-	83316
SAMPLE_008176	FRAG_008176	hg19:14:26424298-26456680:-	32383
SAMPLE_008177	FRAG_008177	hg38:7:46140900-46153735:-	12836
SAMPLE_008178	FRAG_008178	hg19:12:121428556-121475244:+	46689
SAMPLE_008179	FRAG_008179	hg38:Y:112244415-112343649:+	99235
SAMPLE_008180	FRAG_008180	hg19:14:82896515-82975222:-	78708
SAMPLE_008181	FRAG_008181	hg38:7:151472491-151536953:+	64463
SAMPLE_008182	FRAG_008182	hg19:3:57709446-57785174:+	75729
SAMPLE_008183	FRAG_008183	hg38:13:45745415-45815434:+	70020
SAMPLE_008184	FRAG_008184	hg19:4:173604519-173632173:+	27655
SAMPLE_008185	FRAG_008185	hg38:16:115358401-115368974:-	10574
SAMPLE_008186	FRAG_008186	hg19:12:184413300-184438509:+	25210
SAMPLE_008187	FRAG_008187	hg38:4:60539895-60591383:+	51489
SAMPLE_008188	FRAG_008188	hg19:14:65982028-65998325:+	16298
SAMPLE_008189	FRAG_008189	hg38:16:142434187-142515153:-	80967
SAMPLE_008190	FRAG_008190	hg19:9:10833049-10909359:+	76311
SAMPLE_008191	FRAG_008191	hg38:10:162611912-162702751:+	90840
SAMPLE_008192	FRAG_008192	hg19:8:181537710-181600628:+	62919
SAMPLE_008193	FRAG_008193	hg38:20:80417579-80464904:-	47326
SAMPLE_008194	FRAG_008194	hg19:17:136163197-136207330:+	44134
SAMPLE_008195	FRAG_008195	hg38:11:114037625-114129198:+	91574
SAMPLE_008196	FRAG_008196	hg19:22:158302263-158381103:+	78841
SAMPLE_008197	FRAG_008197	hg38:5:75746296-75809949:+	63654
SAMPLE_008198	FRAG_008198	hg19:20:42373192-42456543:+	83352
SAMPLE_008199	FRAG_008199	hg38:11:29411582-29456910:-	45329
SAMPLE_008200	FRAG_008200	hg19:9:162114661-162124300:+	9640
SAMPLE_008201	FRAG_008201	hg38:11:18923130-18996721:-	73592
SAMPLE_008202	FRAG_008202	hg19:16:49185277-49240953:+	55677
SAMPLE_008203	FRAG_008203	hg38:X:190694859-190719238:+	24380
SAMPLE_008204	FRAG_008204	hg19:13:33618743-33624133:-	5391
SAMPLE_008205	FRAG_008205	hg38:8:161587252-161662651:-	75400
SAMPLE_008206	FRAG_008206	hg19:12:27217522-27251864:+	34343
SAMPLE_008207	FRAG_008207	hg38:Y:68562284-68635509:-	73226
SAMPLE_008208	FRAG_008208	hg19:8:85275652-85288447:-	12796
SAMPLE_008209	FRAG_008209	hg38:7:162895502-162902911:+	7410
SAMPLE_008210	FRAG_008210	hg19:1:161474959-161537100:-	62142
SAMPLE_008211	FRAG_008211	hg38:17:198804284-198891484:-	87201
SAMPLE_008212	FRAG_008212	hg19:20:175647377-175653923:-	6547
SAMPLE_008213	FRAG_008213	hg38:X:83102016-83189232:-	87217
SAMPLE_008214	FRAG_008214	hg19:19:125772532-125843597:+	71066
SAMPLE_008215	FRAG_008215	hg38:21:196791396-196828276:+	36881
SAMPLE_008216	FRAG_008216	hg19:18:165088944-165187649:+	98706
SAMPLE_008217	FRAG_008217	hg38:X:124722506-124737109:-	14604
SAMPLE_008218	FRAG_008218	hg19:21:89213806-89238970:+	25165
SAMPLE_008219	FRAG_008219	hg38:14:137424878-137477866:+	52989
SAMPLE_008220	FRAG_008220	hg19:3:58926392-58953917:-	27526
SAMPLE_008221	FRAG_008221	hg38:7:122553283-122609984:+	56702
SAMPLE_008222	FRAG_008222	hg19:16:37530156-37621410:+	91255
SAMPLE_008223	FRAG_008223	hg38:16:61763831-61850426:-	86596
SAMPLE_008224	FRAG_008224	hg19:1:49388094-49481175:-	93082
SAMPLE_008225	FRAG_008225	hg38:5:47077175-47162930:+	85756
SAMPLE_008226	FRAG_008226	hg19:Y:26248399-26284336:+	35938
SAMPLE_008227	FRAG_008227	hg38:2:181847476-181901949:+	54474
SAMPLE_008228	FRAG_008228	hg19:6:63998709-64095351:-	96643
SAMPLE_008229	FRAG_008229	hg38:11:4869772-4910712:+	40941
SAMPLE_008230	FRAG_008230	hg19:18:175164550-175178140:-	13591
SAMPLE_008231	FRAG_008231	hg38:10:46149740-46185425:-	35686
SAMPLE_008232	FRAG_008232	hg19:18:42688387-42724373:+	35987
SAMPLE_008233	FRAG_008233	hg38:6:76030552-76121900:+	91349
SAMPLE_008234	FRAG_008234	hg19:12:188289204-188290662:-	1459
SAMPLE_008235	FRAG_008235	hg38:15:95230853-95285268:+	54416
SAMPLE_008236	FRAG_008236	hg19:4:198525174-198613269:-	88096
SAMPLE_008237	FRAG_008237	hg38:22:91291764-91300799:-	9036
SAMPLE_008238	FRAG_008238	hg19:9:165467342-165468898:-	1557
SAMPLE_008239	FRAG_008239	hg38:4:133873616-133914606:-	40991
SAMPLE_008240	FRAG_008240	hg19:7:145727433-145809327:+	81895
SAMPLE_008241	FRAG_008241	hg38:7:11450569-11512338:-	61770
SAMPLE_008242	FRAG_008242	hg19:10:37033468-37117366:-	83899
SAMPLE_008243	FRAG_008243	hg38:11:184711105-184723838:+	12734
SAMPLE_008244	FRAG_008244	hg19:17:104493544-104517515:+	23972
SAMPLE_008245	FRAG_008245	hg38:22:8291073-8300825:+	9753
SAMPLE_008246	FRAG_008246	hg19:11:86771833-86822575:-	50743
SAMPLE_008247	FRAG_008247	hg38:6:156130782-156229499:+	98718
SAMPLE_008248	FRAG_008248	hg19:2:47841859-47925480:+	83622
SAMPLE_008249	FRAG_008249	hg38:16:191891160-191941758:-	50599
SAMPLE_008250	FRAG_008250	hg19:14:179231764-179308689:-	76926
SAMPLE_008251	FRAG_008251	hg38:20:46065200-46088409:-	23210
SAMPLE_008252	FRAG_008252	hg19:8:145219488-145250358:-	30871
SAMPLE_008253	FRAG_008253	hg38:3:68121841-68196878:+	75038
SAMPLE_008254	FRAG_008254	hg19:3:146429192-146511625:+	82434
SAMPLE_008255	FRAG_008255	hg38:20:5360087-5449296:+	89210
SAMPLE_008256	FRAG_008256	hg19:10:76280760-76297881:+	17122
SAMPLE_008257	FRAG_008257	hg38:10:102615357-102616144:-	788
SAMPLE_008258	FRAG_008258	hg19:22:138542916-138566703:+	23788
SAMPLE_008259	FRAG_008259	hg38:9:52355851-52410104:+	54254
SAMPLE_008260	FRAG_008260	hg19:10:139886445-139975358:+	88914
SAMPLE_008261	FRAG_008261	hg38:8:57018976-57053206:-	34231
SAMPLE_008262	FRAG_008262	hg19:12:198991988-199005925:-	13938
SAMPLE_008263	FRAG_008263	hg38:14:69290466-69371219:+	80754
SAMPLE_008264	FRAG_008264	hg19:17:98165936-98223406:-	57471
SAMPLE_008265	FRAG_008265	hg38:6:67864416-67902175:+	37760
SAMPLE_008266	FRAG_008266	hg19:13:36849764-36931556:-	81793
SAMPLE_008267	FRAG_008267	hg38:11:121733355-121736583:-	3229
SAMPLE_008268	FRAG_008268	hg19:7:6827430-6872496:-	45067
SAMPLE_008269	FRAG_008269	hg38:6:151174170-151274168:-	99999
SAMPLE_008270	FRAG_008270	hg19:20:129742776-129778923:+	36148
SAMPLE_008271	FRAG_008271	hg38:8:115600465-115675585:-	75121
SAMPLE_008272	FRAG_008272	hg19:10:57245088-57288415:-	43328
SAMPLE_008273	FRAG_008273	hg38:20:127251664-127264762:-	13099
SAMPLE_008274	FRAG_008274	hg19:11:70421239-70427610:-	6372
SAMPLE_008275	FRAG_008275	hg38:4:141400785-141473301:+	72517
SAMPLE_008276	FRAG_008276	hg19:1:159891743-159897174:-	5432
SAMPLE_008277	FRAG_008277	hg38:9:148768016-148786389:-	18374
SAMPLE_008278	FRAG_008278	hg19:7:77450937-77487450:-	36514
SAMPLE_008279	FRAG_008279	hg38:22:139605252-139655203:-	49952
SAMPLE_008280	FRAG_008280	hg19:14:159119986-159179463:-	59478
SAMPLE_008281	FRAG_008281	hg38:15:110678165-110680813:+	2649
SAMPLE_008282	FRAG_008282	hg19:15:173463815-173556101:+	92287
SAMPLE_008283	FRAG_008283	hg38:14:14821811-14898887:+	77077
SAMPLE_008284	FRAG_008284	hg19:9:119196085-119278009:+	81925
SAMPLE_008285	FRAG_008285	hg38:3:58684847-58688795:-	3949
SAMPLE_008286	FRAG_008286	hg19:X:28549270-28608493:-	59224
SAMPLE_008287	FRAG_008287	hg38:13:97233194-97296664:-	63471
SAMPLE_008288	FRAG_008288	hg19:14:88454224-88550129:+	95906
SAMPLE_008289	FRAG_008289	hg38:21:21555064-21599957:-	44894
SAMPLE_008290	FRAG_008290	hg19:1:26748845-26839288:-	90444
SAMPLE_008291	FRAG_008291	hg38:16:79525739-79613032:-	87294
SAMPLE_008292	FRAG_008292	hg19:19:184365738-184461028:+	95291
SAMPLE_008293	FRAG_008293	hg38:7:187373193-187410927:+	37735
SAMPLE_008294	FRAG_008294	hg19:12:172707757-172788301:-	80545
SAMPLE_008295	FRAG_008295	hg38:19:88957230-89025509:+	68280
SAMPLE_008296	FRAG_008296	hg19:9:5466455-5509448:-	42994
SAMPLE_008297	FRAG_008297	hg38:14:190893790-190947835:+	54046
SAMPLE_008298	FRAG_008298	hg19:16:84447636-84493113:+	45478
SAMPLE_008299	FRAG_008299	hg38:5:71945746-72039559:+	93814
SAMPLE_008300	FRAG_008300	hg19:18:20354462-20411929:-	57468
SAMPLE_008301	FRAG_008301	hg38:X:158793711-158864603:+	70893
SAMPLE_008302	FRAG_008302	hg19:11:34385757-34444675:-	58919
SAMPLE_008303	FRAG_008303	hg38:2:89701385-89718930:+	17546
SAMPLE_008304	FRAG_008304	hg19:22:145664509-145696559:-	32051
SAMPLE_008305	FRAG_008305	hg38:X:115845431-115910221:+	64791
SAMPLE_008306	FRAG_008306	hg19:13:139019374-139059306:+	39933
SAMPLE_008307	FRAG_008307	hg38:21:67939255-67993660:-	54406
SAMPLE_008308	FRAG_008308	hg19:19:110307963-110340508:+	32546
SAMPLE_008309	FRAG_008309	hg38:22:53576399-53627408:-	51010
SAMPLE_008310	FRAG_008310	hg19:17:60253022-60299500:+	46479
SAMPLE_008311	FRAG_008311	hg38:Y:6834622-6846207:+	11586
SAMPLE_008312	FRAG_008312	hg19:5:148443941-148502016:-	58076
SAMPLE_008313	FRAG_008313	hg38:20:23564459-23608665:+	44207
SAMPLE_008314	FRAG_008314	hg19:1:79905495-80005489:-	99995
SAMPLE_008315	FRAG_008315	hg38:5:132459700-132553012:-	93313
SAMPLE_008316	FRAG_008316	hg19:12:101944573-102013777:-	69205
SAMPLE_008317	FRAG_008317	hg38:2:104962705-104991546:-	28842
SAMPLE_008318	FRAG_008318	hg19:14:14852745-14872469:+	19725
SAMPLE_008319	FRAG_008319	hg38:Y:58883260-58939131:-	55872
SAMPLE_008320	FRAG_008320	hg19:10:76499865-76589493:+	89629
SAMPLE_008321	FRAG_008321	hg38:21:70300633-70379137:-	78505
SAMPLE_008322	FRAG_008322	hg19:17:102339742-102418589:+	78848
SAMPLE_008323	FRAG_008323	hg38:8:145208081-145222336:+	14256
SAMPLE_008324	FRAG_008324	hg19:22:53660664-53680894:+	20231
SAMPLE_008325	FRAG_008325	hg38:12:183436127-183494264:-	58138
SAMPLE_008326	FRAG_008326	hg19:3:192680206-192743197:+	62992
SAMPLE_008327	FRAG_008327	hg38:15:34294552-34323865:-	29314
SAMPLE_008328	FRAG_008328	hg19:10:96919516-96956707:-	37192
SAMPLE_008329	FRAG_008329	hg38:15:47455261-47511859:-	56599
SAMPLE_008330	FRAG_008330	hg19:5:66767488-66818859:-	51372
SAMPLE_008331	FRAG_008331	hg38:15:85063708-85134747:+	71040
SAMPLE_008332	FRAG_008332	hg19:17:149785180-149866190:-	81011
SAMPLE_008333	FRAG_008333	hg38:16:134089026-134124254:-	35229
SAMPLE_008334	FRAG_008334	hg19:20:184646986-184683217:-	36232
SAMPLE_008335	FRAG_008335	hg38:21:77573822-77605703:-	31882
SAMPLE_008336	FRAG_008336	hg19:5:96064160-96141655:+	77496
SAMPLE_008337	FRAG_008337	hg38:15:124398651-124497441:-	98791
SAMPLE_008338	FRAG_008338	hg19:1:65431525-65530752:-	99228
SAMPLE_008339	FRAG_008339	hg38:13:113713784-113775327:-	61544
SAMPLE_008340	FRAG_008340	hg19:10:72172552-72176330:+	3779
SAMPLE_008341	FRAG_008341	hg38:1:114078551-114141966:-	63416
SAMPLE_008342	FRAG_008342	hg19:12:83711777-83722829:-	11053
SAMPLE_008343	FRAG_008343	hg38:12:81006538-81033214:+	26677
SAMPLE_008344	FRAG_008344	hg19:3:127482639-127524699:+	42061
SAMPLE_008345	FRAG_008345	hg38:21:16943716-16971472:+	27757
SAMPLE_008346	FRAG_008346	hg19:2:193636578-193721402:+	84825
SAMPLE_008347	FRAG_008347	hg38:19:199232829-199269734:+	36906
SAMPLE_008348	FRAG_008348	hg19:14:107952200-108001536:-	49337
SAMPLE_008349	FRAG_008349	hg38:Y:41269381-41336233:+	66853
SAMPLE_008350	FRAG_008350	hg19:Y:194904751-194943327:-	38577
SAMPLE_008351	FRAG_008351	hg38:11:142018202-142050704:-	32503
SAMPLE_008352	FRAG_008352	hg19:21:114458656-114545298:-	86643
SAMPLE_008353	FRAG_008353	hg38:8:49397137-49442456:+	45320
SAMPLE_008354	FRAG_008354	hg19:22:111492821-111510376:-	17556
SAMPLE_008355	FRAG_008355	hg38:2:184485914-184569158:+	83245
SAMPLE_008356	FRAG_008356	hg19:2:126202337-126236944:+	34608
SAMPLE_008357	FRAG_008357	hg38:19:22120870-22217951:+	97082
SAMPLE_008358	FRAG_008358	hg19:2:66904889-67001806:-	96918
SAMPLE_008359	FRAG_008359	hg38:19:179690732-179789989:-	99258
SAMPLE_008360	FRAG_008360	hg19:14:22116318-22127013:-	10696
SAMPLE_008361	FRAG_008361	hg38:11:24290436-24301466:+	11031
SAMPLE_008362	FRAG_008362	hg19:22:135857254-135899470:+	42217
SAMPLE_008363	FRAG_008363	hg38:Y:75271211-75330406:-	59196
SAMPLE_008364	FRAG_008364	hg19:14:84740844-84751370:-	10527
SAMPLE_008365	FRAG_008365	hg38:16:115098549-115157857:+	59309
SAMPLE_008366	FRAG_008366	hg19:17:174921957-175006713:-	84757
SAMPLE_008367	FRAG_008367	hg38:17:180564417-180628729:+	64313
SAMPLE_008368	FRAG_008368	hg19:9:124898605-124993547:-	94943
SAMPLE_008369	FRAG_008369	hg38:13:175724236-175812712:-	88477
SAMPLE_008370	FRAG_008370	hg19:18:191097881-191117681:+	19801
SAMPLE_008371	FRAG_008371	hg38:Y:192130017-192179388:+	49372
SAMPLE_008372	FRAG_008372	hg19:12:93098444-93151911:-	53468
SAMPLE_008373	FRAG_008373	hg38:1:173309757-173379298:+	69542
SAMPLE_008374	FRAG_008374	hg19:9:45042544-45137195:+	94652
SAMPLE_008375	FRAG_008375	hg38:X:1968755-1999604:+	30850
SAMPLE_008376	FRAG_008376	hg19:19:50911764-51004586:-	92823
SAMPLE_008377	FRAG_008377	hg38:14:5657108-5695063:-	37956
SAMPLE_008378	FRAG_008378	hg19:9:183645929-183709497:+	63569
SAMPLE_008379	FRAG_008379	hg38:20:114368623-114439249:+	70627
SAMPLE_008380	FRAG_008380	hg19:5:69015328-69024620:+	9293
SAMPLE_008381	FRAG_008381	hg38:12:59057611-59066922:+	9312
SAMPLE_008382	FRAG_008382	hg19:18:101957619-102009045:+	51427
SAMPLE_008383	FRAG_008383	hg38:10:83551506-83615516:-	64011
SAMPLE_008384	FRAG_008384	hg19:8:149112831-149141276:+	28446
SAMPLE_008385	FRAG_008385	hg38:9:197825556-197885533:-	59978
SAMPLE_008386	FRAG_008386	hg19:6:123193744-123228472:-	34729
SAMPLE_008387	FRAG_008387	hg38:10:1714778-1732080:+	17303
SAMPLE_008388	FRAG_008388	hg19:11:71452394-71532284:-	79891
SAMPLE_008389	FRAG_008389	hg38:4:181441693-181444379:+	2687
SAMPLE_008390	FRAG_008390	hg19:Y:136438657-136468769:-	30113
SAMPLE_008391	FRAG_008391	hg38:21:96925082-96955158:+	30077
SAMPLE_008392	FRAG_008392	hg19:18:184061867-184160371:-	98505
SAMPLE_008393	FRAG_008393	hg38:14:134385733-134426876:-	41144
SAMPLE_008394	FRAG_008394	hg19:10:55703650-55716667:+	13018
SAMPLE_008395	FRAG_008395	hg38:7:21496352-21544884:+	48533
SAMPLE_008396	FRAG_008396	hg19:1:96386257-96405283:-	19027
SAMPLE_008397	FRAG_008397	hg38:7:113315570-113351135:-	35566
SAMPLE_008398	FRAG_008398	hg19:18:94754247-94765039:+	10793
SAMPLE_008399	FRAG_008399	hg38:20:145408705-145478308:-	69604
SAMPLE_008400	FRAG_008400	hg19:21:187231517-187254008:+	22492
SAMPLE_008401	FRAG_008401	hg38:16:162683351-162755989:-	72639
SAMPLE_008402	FRAG_008402	hg19:11:167396890-167478996:+	82107
SAMPLE_008403	FRAG_008403	hg38:19:82493933-82562919:+	68987
SAMPLE_008404	FRAG_008404	hg19:6:101692319-101765431:-	73113
SAMPLE_008405	FRAG_008405	hg38:12:30689520-30758022:-	68503
SAMPLE_008406	FRAG_008406	hg19:15:167653767-167699507:+	45741
SAMPLE_008407	FRAG_008407	hg38:7:56172617-56243637:+	71021
SAMPLE_008408	FRAG_008408	hg19:19:84496575-84525954:+	29380
SAMPLE_008409	FRAG_008409	hg38:18:12019899-12114308:+	94410
SAMPLE_008410	FRAG_008410	hg19:7:18456533-18526876:-	70344
SAMPLE_008411	FRAG_008411	hg38:13:70555844-70581125:+	25282
SAMPLE_008412	FRAG_008412	hg19:X:47452592-47532612:-	80021
SAMPLE_008413	FRAG_008413	hg38:6:185988908-186002880:-	13973
SAMPLE_008414	FRAG_008414	hg19:19:66005055-66066281:+	61227
SAMPLE_008415	FRAG_008415	hg38:19:28274345-28371248:+	96904
SAMPLE_008416	FRAG_008416	hg19:3:85394712-85462714:+	68003
SAMPLE_008417	FRAG_008417	hg38:16:80240005-80265826:+	25822
SAMPLE_008418	FRAG_008418	hg19:3:195274545-195313804:-	39260
SAMPLE_008419	FRAG_008419	hg38:3:67963528-67989801:+	26274
SAMPLE_008420	FRAG_008420	hg19:11:96659246-96743777:-	84532
SAMPLE_008421	FRAG_008421	hg38:7:17850177-17857750:-	7574
SAMPLE_008422	FRAG_008422	hg19:8:51951549-51957158:+	5610
SAMPLE_008423	FRAG_008423	hg38:10:3754883-3794288:-	39406
SAMPLE_008424	FRAG_008424	hg19:15:24609138-24679475:+	70338
SAMPLE_008425	FRAG_008425	hg38:2:199750160-199831483:-	81324
SAMPLE_008426	FRAG_008426	hg19:12:148379005-148459970:-	80966
SAMPLE_008427	FRAG_008427	hg38:22:86836712-86878218:-	41507
SAMPLE_008428	FRAG_008428	hg19:14:191030940-191128618:-	97679
SAMPLE_008429	FRAG_008429	hg38:8:82987377-83086089:-	98713
SAMPLE_008430	FRAG_008430	hg19:10:150884092-150900277:+	16186
SAMPLE_008431	FRAG_008431	hg38:20:27381977-27459941:+	77965
SAMPLE_008432	FRAG_008432	hg19:14:161511282-161592242:-	80961
SAMPLE_008433	FRAG_008433	hg38:11:15784456-15804969:-	20514
SAMPLE_008434	FRAG_008434	hg19:10:23020856-23111065:+	90210
SAMPLE_008435	FRAG_008435	hg38:1:29089501-29144965:-	55465
SAMPLE_008436	FRAG_008436	hg19:21:186226294-186276670:+	50377
SAMPLE_008437	FRAG_008437	hg38:1:189527605-189535820:+	8216
SAMPLE_008438	FRAG_008438	hg19:6:68124626-68212176:+	87551
SAMPLE_008439	FRAG_008439	hg38:Y:109581563-109598249:+	16687
SAMPLE_008440	FRAG_008440	hg19:14:34808327-34874815:+	66489
SAMPLE_008441	FRAG_008441	hg38:22:170871235-170882707:-	11473
SAMPLE_008442	FRAG_008442	hg19:12:108940162-109024289:+	84128
SAMPLE_008443	FRAG_008443	hg38:21:166969133-167019574:-	50442
SAMPLE_008444	FRAG_008444	hg19:5:143023331-143027824:+	4494
SAMPLE_008445	FRAG_008445	hg38:21:134296819-134332837:+	36019
SAMPLE_008446	FRAG_008446	hg19:Y:3985654-3986661:-	1008
SAMPLE_008447	FRAG_008447	hg38:19:38353413-38384110:-	30698
SAMPLE_008448	FRAG_008448	hg19:16:36613123-36630596:-	17474
SAMPLE_008449	FRAG_008449	hg38:2:55019077-55111779:+	92703
SAMPLE_008450	FRAG_008450	hg19:5:13516195-13520692:-	4498
SAMPLE_008451	FRAG_008451	hg38:9:92160765-92234514:-	73750
SAMPLE_008452	FRAG_008452	hg19:Y:69206397-69223780:+	17384
SAMPLE_008453	FRAG_008453	hg38:18:33775064-33836259:+	61196
SAMPLE_008454	FRAG_008454	hg19:20:24722261-24768589:-	46329
SAMPLE_008455	FRAG_008455	hg38:11:193526849-193551762:+	24914
SAMPLE_008456	FRAG_008456	hg19:11:138363697-138452917:+	89221
SAMPLE_008457	FRAG_008457	hg38:X:170584693-170604514:-	19822
SAMPLE_008458	FRAG_008458	hg19:1:12789100-12839419:-	50320
SAMPLE_008459	FRAG_008459	hg38:18:47574225-47578483:+	4259
SAMPLE_008460	FRAG_008460	hg19:9:113342662-113344837:-	2176
SAMPLE_008461	FRAG_008461	hg38:10:71730061-71793095:-	63035
SAMPLE_008462	FRAG_008462	hg19:13:163936878-164028156:-	91279
SAMPLE_008463	FRAG_008463	hg38:2:156577625-156672235:+	94611
SAMPLE_008464	FRAG_008464	hg19:9:171339563-171350997:-	11435
SAMPLE_008465	FRAG_008465	hg38:14:185632779-185684676:-	51898
SAMPLE_008466	FRAG_008466	hg19:7:26170751-26175873:-	5123
SAMPLE_008467	FRAG_008467	hg38:11:96138663-96221344:-	82682
SAMPLE_008468	FRAG_008468	hg19:5:139196835-139226242:-	29408
SAMPLE_008469	FRAG_008469	hg38:17:138022989-138090158:-	67170
SAMPLE_008470	FRAG_008470	hg19:Y:94306748-94357174:-	50427
SAMPLE_008471	FRAG_008471	hg38:X:168353487-168434378:+	80892
SAMPLE_008472	FRAG_008472	hg19:3:105516103-105543603:+	27501
SAMPLE_008473	FRAG_008473	hg38:14:35353549-35438871:+	85323
SAMPLE_008474	FRAG_008474	hg19:19:24671772-24675289:+	3518
SAMPLE_008475	FRAG_008475	hg38:Y:150253489-150279354:-	25866
SAMPLE_008476	FRAG_008476	hg19:1:130384386-130421512:-	37127
SAMPLE_008477	FRAG_008477	hg38:22:121048769-121147996:+	99228
SAMPLE_008478	FRAG_008478	hg19:19:5140292-5221452:+	81161
SAMPLE_008479	FRAG_008479	hg38:17:56650562-56653246:-	2685
SAMPLE_008480	FRAG_008480	hg19:4:197032047-197127052:-	95006
SAMPLE_008481	FRAG_008481	hg38:17:87611274-87688694:+	77421
SAMPLE_008482	FRAG_008482	hg19:18:193805944-193828527:-	22584
SAMPLE_008483	FRAG_008483	hg38:10:159141053-159151175:+	10123
SAMPLE_008484	FRAG_008484	hg19:9:152225200-152285939:+	60740
SAMPLE_008485	FRAG_008485	hg38:12:83577586-83608671:-	31086
SAMPLE_008486	FRAG_008486	hg19:5:65254988-65328991:-	74004
SAMPLE_008487	FRAG_008487	hg38:3:110746987-110843878:-	96892
SAMPLE_008488	FRAG_008488	hg19:7:16111694-16196027:-	84334
SAMPLE_008489	FRAG_008489	hg38:Y:34848255-34877729:-	29475
SAMPLE_008490	FRAG_008490	hg19:16:150409347-150410871:-	1525
SAMPLE_008491	FRAG_008491	hg38:17:109451173-109519445:-	68273
SAMPLE_008492	FRAG_008492	hg19:11:185889364-185939670:+	50307
SAMPLE_008493	FRAG_008493	hg38:19:99666124-99688485:+	22362
SAMPLE_008494	FRAG_008494	hg19:6:45224641-45294023:+	69383
SAMPLE_008495	FRAG_008495	hg38:4:59608530-59678096:+	69567
SAMPLE_008496	FRAG_008496	hg19:8:57282481-57331937:+	49457
SAMPLE_008497	FRAG_008497	hg38:14:139040040-139107379:-	67340
SAMPLE_008498	FRAG_008498	hg19:14:196284936-196355581:-	70646
SAMPLE_008499	FRAG_008499	hg38:22:131180046-131235910:-	55865
SAMPLE_008500	FRAG_008500	hg19:21:135857095-135922502:+	65408
SAMPLE_008501	FRAG_008501	hg38:20:75770517-75823343:-	52827
SAMPLE_008502	FRAG_008502	hg19:18:129749696-129778874:-	29179
SAMPLE_008503	FRAG_008503	hg38:Y:155224790-155262084:-	37295
SAMPLE_008504	FRAG_008504	hg19:19:90851509-90914259:+	62751
SAMPLE_008505	FRAG_008505	hg38:3:96942646-96973429:+	30784
SAMPLE_008506	FRAG_008506	hg19:3:87537475-87600570:-	63096
SAMPLE_008507	FRAG_008507	hg38:22:89517405-89610849:+	93445
SAMPLE_008508	FRAG_008508	hg19:17:168142003-168234255:-	92253
SAMPLE_008509	FRAG_008509	hg38:9:191196594-191267537:-	70944
SAMPLE_008510	FRAG_008510	hg19:9:185101418-185113318:+	11901
SAMPLE_008511	FRAG_008511	hg38:X:79150311-79234186:-	83876
SAMPLE_008512	FRAG_008512	hg19:22:116035963-116056973:-	21011
SAMPLE_008513	FRAG_008513	hg38:11:175996756-176013023:+	16268
SAMPLE_008514	FRAG_008514	hg19:20:133343987-133425595:-	81609
SAMPLE_008515	FRAG_008515	hg38:9:61134843-61179204:-	44362
SAMPLE_008516	FRAG_008516	hg19:20:96453690-96507438:-	53749
SAMPLE_008517	FRAG_008517	hg38:3:173154665-173202112:-	47448
SAMPLE_008518	FRAG_008518	hg19:10:165115355-165130480:-	15126
SAMPLE_008519	FRAG_008519	hg38:15:161753044-161822930:-	69887
SAMPLE_008520	FRAG_008520	hg19:8:3130377-3225591:+	95215
SAMPLE_008521	FRAG_008521	hg38:19:95210754-95238325:+	27572
SAMPLE_008522	FRAG_008522	hg19:2:107301132-107316082:+	14951
SAMPLE_008523	FRAG_008523	hg38:2:198678056-198689809:-	11754
SAMPLE_008524	FRAG_008524	hg19:19:176075664-176138474:+	62811
SAMPLE_008525	FRAG_008525	hg38:6:39811341-39848642:+	37302
SAMPLE_008526	FRAG_008526	hg19:17:146344424-146381723:+	37300
SAMPLE_008527	FRAG_008527	hg38:10:162115603-162202978:+	87376
SAMPLE_008528	FRAG_008528	hg19:16:111114859-111165371:+	50513
SAMPLE_008529	FRAG_008529	hg38:19:140559597-140642465:-	82869
SAMPLE_008530	FRAG_008530	hg19:14:187336576-187422914:+	86339
SAMPLE_008531	FRAG_008531	hg38:3:136868815-136952383:+	83569
SAMPLE_008532	FRAG_008532	hg19:9:55755807-55757368:+	1562
SAMPLE_008533	FRAG_008533	hg38:10:2344341-2417394:+	73054
SAMPLE_008534	FRAG_008534	hg19:11:118744802-118774028:+	29227
SAMPLE_008535	FRAG_008535	hg38:12:108141158-108210729:-	69572
SAMPLE_008536	FRAG_008536	hg19:Y:29005031-29069227:-	64197
SAMPLE_008537	FRAG_008537	hg38:11:74166279-74201015:-	34737
SAMPLE_008538	FRAG_008538	hg19:1:66779679-66825404:+	45726
SAMPLE_008539	FRAG_008539	hg38:13:166102369-166108229:-	5861
SAMPLE_008540	FRAG_008540	hg19:16:109152802-109188339:+	35538
SAMPLE_008541	FRAG_008541	hg38:16:13905791-13924120:-	18330
SAMPLE_008542	FRAG_008542	hg19:Y:107055555-107083082:-	27528
SAMPLE_008543	FRAG_008543	hg38:20:17902444-17978097:+	75654
SAMPLE_008544	FRAG_008544	hg19:20:42112771-42203824:-	91054
SAMPLE_008545	FRAG_008545	hg38:14:199343165-199401918:+	58754
SAMPLE_008546	FRAG_008546	hg19:17:199068594-199116859:+	48266
SAMPLE_008547	FRAG_008547	hg38:6:96943343-96955047:-	11705
SAMPLE_008548	FRAG_008548	hg19:Y:177190105-177275670:+	85566
SAMPLE_008549	FRAG_008549	hg38:18:6264068-6296797:-	32730
SAMPLE_008550	FRAG_008550	hg19:15:86906216-86951303:+	45088
SAMPLE_008551	FRAG_008551	hg38:3:104690537-104711839:+	21303
SAMPLE_008552	FRAG_008552	hg19:14:59396555-59431109:-	34555
SAMPLE_008553	FRAG_008553	hg38:13:173160471-173223582:-	63112
SAMPLE_008554	FRAG_008554	hg19:10:107145823-107244414:+	98592
SAMPLE_008555	FRAG_008555	hg38:15:164614177-164688230:+	74054
SAMPLE_008556	FRAG_008556	hg19:16:23061657-23107165:+	45509
SAMPLE_008557	FRAG_008557	hg38:20:18360819-18427492:-	66674
SAMPLE_008558	FRAG_008558	hg19:16:100408438-100458042:+	49605
SAMPLE_008559	FRAG_008559	hg38:5:182888155-182963704:-	75550
SAMPLE_008560	FRAG_008560	hg19:10:83361084-83374162:+	13079
SAMPLE_008561	FRAG_008561	hg38:11:181438106-181465606:+	27501
SAMPLE_008562	FRAG_008562	hg19:14:167406497-167443118:+	36622
SAMPLE_008563	FRAG_008563	hg38:17:66642451-66731156:-	88706
SAMPLE_008564	FRAG_008564	hg19:22:128740041-128815298:-	75258
SAMPLE_008565	FRAG_008565	hg38:15:117601132-117659950:-	58819
SAMPLE_008566	FRAG_008566	hg19:13:157323096-157365438:+	42343
SAMPLE_008567	FRAG_008567	hg38:16:98078272-98081227:-	2956
SAMPLE_008568	FRAG_008568	hg19:10:165485720-165581283:-	95564
SAMPLE_008569	FRAG_008569	hg38:21:57437706-57531051:-	93346
SAMPLE_008570	FRAG_008570	hg19:8:145161506-145218616:-	57111
SAMPLE_008571	FRAG_008571	hg38:22:28339772-28404840:-	65069
SAMPLE_008572	FRAG_008572	hg19:14:47901400-47975781:+	74382
SAMPLE_008573	FRAG_008573	hg38:Y:157299926-157300775:-	850
SAMPLE_008574	FRAG_008574	hg19:20:131695019-131702565:-	7547
SAMPLE_008575	FRAG_008575	hg38:X:81116752-81148838:+	32087
SAMPLE_008576	FRAG_008576	hg19:12:97621197-97649287:-	28091
SAMPLE_008577	FRAG_008577	hg38:15:14677646-14694527:+	16882
SAMPLE_008578	FRAG_008578	hg19:4:90395957-90412586:-	16630
SAMPLE_008579	FRAG_008579	hg38:15:62395533-62455650:-	60118
SAMPLE_008580	FRAG_008580	hg19:20:65529719-65564667:+	34949
SAMPLE_008581	FRAG_008581	hg38:22:187357125-187392019:-	34895
SAMPLE_008582	FRAG_008582	hg19:5:95596013-95619180:-	23168
SAMPLE_008583	FRAG_008583	hg38:15:91400060-91466158:-	66099
SAMPLE_008584	FRAG_008584	hg19:9:60928424-60942536:-	14113
SAMPLE_008585	FRAG_008585	hg38:9:197287751-197373205:-	85455
SAMPLE_008586	FRAG_008586	hg19:10:106631474-106644455:-	12982
SAMPLE_008587	FRAG_008587	hg38:21:126518541-126568073:+	49533
SAMPLE_008588	FRAG_008588	hg19:20:85308549-85396235:+	87687
SAMPLE_008589	FRAG_008589	hg38:8:144990570-145010017:-	19448
SAMPLE_008590	FRAG_008590	hg19:12:149360972-149407283:+	46312
SAMPLE_008591	FRAG_008591	hg38:22:157249034-157347820:-	98787
SAMPLE_008592	FRAG_008592	hg19:16:161471964-161570352:-	98389
SAMPLE_008593	FRAG_008593	hg38:16:135643229-135691192:+	47964
SAMPLE_008594	FRAG_008594	hg19:21:109032372-109086451:+	54080
SAMPLE_008595	FRAG_008595	hg38:5:71462002-71532087:+	70086
SAMPLE_008596	FRAG_008596	hg19:7:46001667-46055976:+	54310
SAMPLE_008597	FRAG_008597	hg38:7:198585149-198682859:-	97711
SAMPLE_008598	FRAG_008598	hg19:15:81687139-81687884:+	746
SAMPLE_008599	FRAG_008599	hg38:15:68544447-68558284:-	13838
SAMPLE_008600	FRAG_008600	hg19:19:171080308-171139080:+	58773
SAMPLE_008601	FRAG_008601	hg38:9:133258160-133354280:-	96121
SAMPLE_008602	FRAG_008602	hg19:Y:66916176-67007577:-	91402
SAMPLE_008603	FRAG_008603	hg38:4:94764363-94837734:-	73372
SAMPLE_008604	FRAG_008604	hg19:19:12204526-12249595:+	45070
SAMPLE_008605	FRAG_008605	hg38:16:101089731-101127375:-	37645
SAMPLE_008606	FRAG_008606	hg19:2:124877456-124894032:+	16577
SAMPLE_008607	FRAG_008607	hg38:7:105234553-105314807:+	80255
SAMPLE_008608	FRAG_008608	hg19:1:124511807-124522507:-	10701
SAMPLE_008609	FRAG_008609	hg38:20:9385865-9475205:+	89341
SAMPLE_008610	FRAG_008610	hg19:4:10466614-10524565:-	57952
SAMPLE_008611	FRAG_008611	hg38:15:174464539-174540113:-	75575
SAMPLE_008612	FRAG_008612	hg19:19:132233049-132237931:-	4883
SAMPLE_008613	FRAG_008613	hg38:X:48807811-48886610:-	78800
SAMPLE_008614	FRAG_008614	hg19:11:27270916-27360531:-	89616
SAMPLE_008615	FRAG_008615	hg38:X:30485477-30506435:-	20959
SAMPLE_008616	FRAG_008616	hg19:19:179397498-179428975:-	31478
SAMPLE_008617	FRAG_008617	hg38:15:182692127-182745291:+	53165
SAMPLE_008618	FRAG_008618	hg19:12:116007488-116033931:-	26444
SAMPLE_008619	FRAG_008619	hg38:8:181873616-181922351:-	48736
SAMPLE_008620	FRAG_008620	hg19:X:160543634-160613232:-	69599
SAMPLE_008621	FRAG_008621	hg38:2:16513669-16578268:-	64600
SAMPLE_008622	FRAG_008622	hg19:5:144338752-144356662:+	17911
SAMPLE_008623	FRAG_008623	hg38:9:58346186-58357875:+	11690
SAMPLE_008624	FRAG_008624	hg19:12:53036193-53050647:+	14455
SAMPLE_008625	FRAG_008625	hg38:3:51885034-51921198:+	36165
SAMPLE_008626	FRAG_008626	hg19:20:84184784-84246637:+	61854
SAMPLE_008627	FRAG_008627	hg38:16:84149492-84233254:+	83763
SAMPLE_008628	FRAG_008628	hg19:14:181488509-181542116:+	53608
SAMPLE_008629	FRAG_008629	hg38:11:192197844-192261229:-	63386
SAMPLE_008630	FRAG_008630	hg19:15:187429520-187438218:-	8699
SAMPLE_008631	FRAG_008631	hg38:17:53617968-53621396:+	3429
SAMPLE_008632	FRAG_008632	hg19:22:123480908-123488163:+	7256
SAMPLE_008633	FRAG_008633	hg38:12:118293653-118376581:-	82929
SAMPLE_008634	FRAG_008634	hg19:18:105644704-105665305:+	20602
SAMPLE_008635	FRAG_008635	hg38:17:92994209-93017528:+	23320
SAMPLE_008636	FRAG_008636	hg19:22:64695594-64750498:-	54905
SAMPLE_008637	FRAG_008637	hg38:19:190929356-190964512:+	35157
SAMPLE_008638	FRAG_008638	hg19:5:141415892-141482789:-	66898
SAMPLE_008639	FRAG_008639	hg38:14:28833060-28910009:+	76950
SAMPLE_008640	FRAG_008640	hg19:5:35473165-35561773:+	88609
SAMPLE_008641	FRAG_008641	hg38:6:71827792-71838194:+	10403
SAMPLE_008642	FRAG_008642	hg19:11:102364125-102385473:+	21349
SAMPLE_008643	FRAG_008643	hg38:4:132327180-132404432:+	77253
SAMPLE_008644	FRAG_008644	hg19:11:83177210-83258802:-	81593
SAMPLE_008645	FRAG_008645	hg38:11:71895397-71955075:-	59679
SAMPLE_008646	FRAG_008646	hg19:13:188922663-188971960:+	49298
SAMPLE_008647	FRAG_008647	hg38:6:185265049-185314671:-	49623
SAMPLE_008648	FRAG_008648	hg19:9:21511400-21549439:+	38040
SAMPLE_008649	FRAG_008649	hg38:17:185558115-185571400:-	13286
SAMPLE_008650	FRAG_008650	hg19:3:103554832-103583358:-	28527
SAMPLE_008651	FRAG_008651	hg38:7:5909764-5977268:-	67505
SAMPLE_008652	FRAG_008652	hg19:5:56318516-56326609:+	8094
SAMPLE_008653	FRAG_008653	hg38:X:59086149-59164388:-	78240
SAMPLE_008654	FRAG_008654	hg19:Y:138704984-138761691:-	56708
SAMPLE_008655	FRAG_008655	hg38:4:76016522-76087414:-	70893
SAMPLE_008656	FRAG_008656	hg19:3:103542838-103577438:+	34601
SAMPLE_008657	FRAG_008657	hg38:6:20998658-21002814:-	4157
SAMPLE_008658	FRAG_008658	hg19:22:66452646-66521594:+	68949
SAMPLE_008659	FRAG_008659	hg38:8:72662324-72705243:+	42920
SAMPLE_008660	FRAG_008660	hg19:4:50548914-50564000:-	15087
SAMPLE_008661	FRAG_008661	hg38:6:56581928-56653429:-	71502
SAMPLE_008662	FRAG_008662	hg19:1:1434712-1460848:-	26137
SAMPLE_008663	FRAG_008663	hg38:13:126819141-126857792:-	38652
SAMPLE_008664	FRAG_008664	hg19:2:154816188-154912672:+	96485
SAMPLE_008665	FRAG_008665	hg38:14:179512834-179600024:-	87191
SAMPLE_008666	FRAG_008666	hg19:14:146884760-146899468:+	14709
SAMPLE_008667	FRAG_008667	hg38:15:39757036-39806977:-	49942
SAMPLE_008668	FRAG_008668	hg19:1:114029507-114093337:-	63831
SAMPLE_008669	FRAG_008669	hg38:X:171861481-171870588:-	9108
SAMPLE_008670	FRAG_008670	hg19:6:134945978-134958772:+	12795
SAMPLE_008671	FRAG_008671	hg38:2:147458425-147495878:-	37454
SAMPLE_008672	FRAG_008672	hg19:18:177300538-177307502:-	6965
SAMPLE_008673	FRAG_008673	hg38:4:105671304-105737470:+	66167
SAMPLE_008674	FRAG_008674	hg19:2:181197037-181227182:+	30146
SAMPLE_008675	FRAG_008675	hg38:13:176648413-176687889:-	39477
SAMPLE_008676	FRAG_008676	hg19:13:166022919-166057064:-	34146
SAMPLE_008677	FRAG_008677	hg38:15:30309998-30349623:+	39626
SAMPLE_008678	FRAG_008678	hg19:13:87678151-87683500:+	5350
SAMPLE_008679	FRAG_008679	hg38:20:6484985-6574839:-	89855
SAMPLE_008680	FRAG_008680	hg19:9:9909469-9984564:-	75096
SAMPLE_008681	FRAG_008681	hg38:21:62597362-62599888:-	2527
SAMPLE_008682	FRAG_008682	hg19:5:178705258-178749835:+	44578
SAMPLE_008683	FRAG_008683	hg38:X:121964685-122043326:+	78642
SAMPLE_008684	FRAG_008684	hg19:4:19562666-19635557:-	72892
SAMPLE_008685	FRAG_008685	hg38:18:27800877-27876594:+	75718
SAMPLE_008686	FRAG_008686	hg19:13:39171927-39243837:-	71911
SAMPLE_008687	FRAG_008687	hg38:15:125116915-125118826:-	1912
SAMPLE_008688	FRAG_008688	hg19:6:90151130-90167077:+	15948
SAMPLE_008689	FRAG_008689	hg38:3:67831896-67910823:-	78928
SAMPLE_008690	FRAG_008690	hg19:Y:92517191-92535849:+	18659
SAMPLE_008691	FRAG_008691	hg38:13:38740867-38741817:+	951
SAMPLE_008692	FRAG_008692	hg19:4:154380469-154436469:+	56001
SAMPLE_008693	FRAG_008693	hg38:18:137913911-138007187:-	93277
SAMPLE_008694	FRAG_008694	hg19:12:139082945-139119665:+	36721
SAMPLE_008695	FRAG_008695	hg38:5:63251528-63331126:+	79599
SAMPLE_008696	FRAG_008696	hg19:12:62952329-63024293:-	71965
SAMPLE_008697	FRAG_008697	hg38:7:167848097-167938045:+	89949
SAMPLE_008698	FRAG_008698	hg19:1:98197193-98251202:-	54010
SAMPLE_008699	FRAG_008699	hg38:8:23672335-23715599:-	43265
SAMPLE_008700	FRAG_008700	hg19:10:69107753-69152563:-	44811
SAMPLE_008701	FRAG_008701	hg38:19:186292318-186321347:-	29030
SAMPLE_008702	FRAG_008702	hg19:4:44734678-44738584:+	3907
SAMPLE_008703	FRAG_008703	hg38:10:24736976-24743646:+	6671
SAMPLE_008704	FRAG_008704	hg19:18:51841230-51873781:+	32552
SAMPLE_008705	FRAG_008705	hg38:19:99688507-99732314:-	43808
SAMPLE_008706	FRAG_008706	hg19:19:4203627-4279910:+	76284
SAMPLE_008707	FRAG_008707	hg38:11:162839216-162939115:-	99900
SAMPLE_008708	FRAG_008708	hg19:4:133323707-133388795:+	65089
SAMPLE_008709	FRAG_008709	hg38:16:8200969-8293121:+	92153
SAMPLE_008710	FRAG_008710	hg19:2:111274764-111320535:-	45772
SAMPLE_008711	FRAG_008711	hg38:2:82460707-82536327:+	75621
SAMPLE_008712	FRAG_008712	hg19:5:188541638-188575383:-	33746
SAMPLE_008713	FRAG_008713	hg38:1:26024269-26068016:-	43748
SAMPLE_008714	FRAG_008714	hg19:9:63239188-63310579:-	71392
SAMPLE_008715	FRAG_008715	hg38:7:121317612-121349446:-	31835
SAMPLE_008716	FRAG_008716	hg19:18:31951496-31985925:-	34430
SAMPLE_008717	FRAG_008717	hg38:13:125765639-125826104:-	60466
SAMPLE_008718	FRAG_008718	hg19:2:105092217-105093946:-	1730
SAMPLE_008719	FRAG_008719	hg38:8:88133450-88174602:-	41153
SAMPLE_008720	FRAG_008720	hg19:22:180394458-180478190:+	83733
SAMPLE_008721	FRAG_008721	hg38:3:127814042-127898302:+	84261
SAMPLE_008722	FRAG_008722	hg19:2:61612264-61642601:+	30338
SAMPLE_008723	FRAG_008723	hg38:9:113796275-113872814:-	76540
SAMPLE_008724	FRAG_008724	hg19:11:135183519-135282968:-	99450
SAMPLE_008725	FRAG_008725	hg38:11:1086514-1102258:-	15745
SAMPLE_008726	FRAG_008726	hg19:18:144164489-144201806:+	37318
SAMPLE_008727	FRAG_008727	hg38:19:189148964-189189239:-	40276
SAMPLE_008728	FRAG_008728	hg19:Y:32425106-32454076:+	28971
SAMPLE_008729	FRAG_008729	hg38:12:6243542-6294768:-	51227
SAMPLE_008730	FRAG_008730	hg19:10:130828473-130850231:+	21759
SAMPLE_008731	FRAG_008731	hg38:15:157679373-157757774:-	78402
SAMPLE_008732	FRAG_008732	hg19:19:81234258-81328882:-	94625
SAMPLE_008733	FRAG_008733	hg38:14:29235699-29251581:+	15883
SAMPLE_008734	FRAG_008734	hg19:2:155653810-155717763:-	63954
SAMPLE_008735	FRAG_008735	hg38:13:121681868-121722563:-	40696
SAMPLE_008736	FRAG_008736	hg19:10:95245888-95334678:-	88791
SAMPLE_008737	FRAG_008737	hg38:11:41227215-41288182:-	60968
SAMPLE_008738	FRAG_008738	hg19:5:104992205-105014516:+	22312
SAMPLE_008739	FRAG_008739	hg38:10:91691819-91758759:-	66941
SAMPLE_008740	FRAG_008740	hg19:22:55550790-55554530:+	3741
SAMPLE_008741	FRAG_008741	hg38:20:70208330-70275344:-	67015
SAMPLE_008742	FRAG_008742	hg19:17:112900637-112946863:+	46227
SAMPLE_008743	FRAG_008743	hg38:14:195230474-195280643:+	50170
SAMPLE_008744	FRAG_008744	hg19:21:110447475-110542061:+	94587
SAMPLE_008745	FRAG_008745	hg38:7:36491671-36560249:-	68579
SAMPLE_008746	FRAG_008746	hg19:18:10065068-10128004:-	62937
SAMPLE_008747	FRAG_008747	hg38:15:118851988-118912284:-	60297
SAMPLE_008748	FRAG_008748	hg19:15:176625100-176630957:+	5858
SAMPLE_008749	FRAG_008749	hg38:19:110056709-110131263:+	74555
SAMPLE_008750	FRAG_008750	hg19:13:134413067-134442771:-	29705
SAMPLE_008751	FRAG_008751	hg38:19:120195878-120220459:+	24582
SAMPLE_008752	FRAG_008752	hg19:22:15810691-15822383:-	11693
SAMPLE_008753	FRAG_008753	hg38:8:34071975-34119344:+	47370
SAMPLE_008754	FRAG_008754	hg19:18:113593369-113672127:+	78759
SAMPLE_008755	FRAG_008755	hg38:6:9719327-9806423:-	87097
SAMPLE_008756	FRAG_008756	hg19:18:46077070-46163179:-	86110
SAMPLE_008757	FRAG_008757	hg38:7:63230930-63252920:+	21991
SAMPLE_008758	FRAG_008758	hg19:22:14927972-14960171:+	32200
SAMPLE_008759	FRAG_008759	hg38:7:159212267-159293608:+	81342
SAMPLE_008760	FRAG_008760	hg19:9:102759915-102797104:+	37190
SAMPLE_008761	FRAG_008761	hg38:13:8390015-8483361:-	93347
SAMPLE_008762	FRAG_008762	hg19:19:190976590-191010982:+	34393
SAMPLE_008763	FRAG_008763	hg38:22:108059212-108060013:-	802
SAMPLE_008764	FRAG_008764	hg19:21:52198477-52216082:-	17606
SAMPLE_008765	FRAG_008765	hg38:15:106169735-106240709:-	70975
SAMPLE_008766	FRAG_008766	hg19:5:83012554-83091537:+	78984
SAMPLE_008767	FRAG_008767	hg38:5:93243694-93310495:+	66802
SAMPLE_008768	FRAG_008768	hg19:16:14035267-14129535:+	94269
SAMPLE_008769	FRAG_008769	hg38:13:69131174-69166394:-	35221
SAMPLE_008770	FRAG_008770	hg19:10:129547421-129617612:-	70192
SAMPLE_008771	FRAG_008771	hg38:8:32258747-32273222:+	14476
SAMPLE_008772	FRAG_008772	hg19:9:98203162-98225513:-	22352
SAMPLE_008773	FRAG_008773	hg38:10:143111685-143130949:+	19265
SAMPLE_008774	FRAG_008774	hg19:11:120203163-120236112:-	32950
SAMPLE_008775	FRAG_008775	hg38:10:99022837-99040639:-	17803
SAMPLE_008776	FRAG_008776	hg19:1:150553664-150617034:-	63371
SAMPLE_008777	FRAG_008777	hg38:18:172138779-172208750:-	69972
SAMPLE_008778	FRAG_008778	hg19:18:8358627-8411146:+	52520
SAMPLE_008779	FRAG_008779	hg38:2:194839044-194869517:+	30474
SAMPLE_008780	FRAG_008780	hg19:6:67868999-67885533:+	16535
SAMPLE_008781	FRAG_008781	hg38:16:25972559-25977538:-	4980
SAMPLE_008782	FRAG_008782	hg19:18:112321711-112374807:+	53097
SAMPLE_008783	FRAG_008783	hg38:19:178659481-178735567:+	76087
SAMPLE_008784	FRAG_008784	hg19:18:152896964-152959325:-	62362
SAMPLE_008785	FRAG_008785	hg38:6:134429340-134497917:+	68578
SAMPLE_008786	FRAG_008786	hg19:X:68537904-68548402:+	10499
SAMPLE_008787	FRAG_008787	hg38:10:98252304-98327171:-	74868
SAMPLE_008788	FRAG_008788	hg19:6:31360126-31436158:-	76033
SAMPLE_008789	FRAG_008789	hg38:22:106307723-106383907:-	76185
SAMPLE_008790	FRAG_008790	hg19:10:115651546-115667099:+	15554
SAMPLE_008791	FRAG_008791	hg38:8:50056927-50082945:+	26019
SAMPLE_008792	FRAG_008792	hg19:16:6203926-6205013:-	1088
SAMPLE_008793	FRAG_008793	hg38:3:12093753-12186209:+	92457
SAMPLE_008794	FRAG_008794	hg19:17:84810772-84875190:-	64419
SAMPLE_008795	FRAG_008795	hg38:22:41282227-41293118:+	10892
SAMPLE_008796	FRAG_008796	hg19:5:43737848-43827620:+	89773
SAMPLE_008797	FRAG_008797	hg38:3:132291345-132386629:-	95285
SAMPLE_008798	FRAG_008798	hg19:10:73904652-73953198:+	48547
SAMPLE_008799	FRAG_008799	hg38:13:143224430-143261029:-	36600
SAMPLE_008800	FRAG_008800	hg19:20:177777772-177796291:+	18520
SAMPLE_008801	FRAG_008801	hg38:2:109928622-109964387:-	35766
SAMPLE_008802	FRAG_008802	hg19:5:86775320-86836959:+	61640
SAMPLE_008803	FRAG_008803	hg38:4:46933947-46981043:-	47097
SAMPLE_008804	FRAG_008804	hg19:22:154317526-154407225:-	89700
SAMPLE_008805	FRAG_008805	hg38:9:46851508-46888153:+	36646
SAMPLE_008806	FRAG_008806	hg19:8:107902543-107997585:+	95043
SAMPLE_008807	FRAG_008807	hg38:16:92712145-92782709:-	70565
SAMPLE_008808	FRAG_008808	hg19:Y:51637479-51709130:+	71652
SAMPLE_008809	FRAG_008809	hg38:1:100982302-101057887:-	75586
SAMPLE_008810	FRAG_008810	hg19:5:185896860-185928542:+	31683
SAMPLE_008811	FRAG_008811	hg38:13:190842332-190912942:+	70611
SAMPLE_008812	FRAG_008812	hg19:14:24602062-24608980:-	6919
SAMPLE_008813	FRAG_008813	hg38:11:160563061-160621943:+	58883
SAMPLE_008814	FRAG_008814	hg19:8:108732792-108750930:-	18139
SAMPLE_008815	FRAG_008815	hg38:3:179149812-179185424:-	35613
SAMPLE_008816	FRAG_008816	hg19:17:27769193-27861926:-	92734
SAMPLE_008817	FRAG_008817	hg38:1:98974267-98987303:+	13037
SAMPLE_008818	FRAG_008818	hg19:Y:152799250-152813755:-	14506
SAMPLE_008819	FRAG_008819	hg38:16:130758293-130838654:+	80362
SAMPLE_008820	FRAG_008820	hg19:1:35662151-35743577:-	81427
SAMPLE_008821	FRAG_008821	hg38:3:36083390-36158791:+	75402
SAMPLE_008822	FRAG_008822	hg19:4:42537007-42611214:-	74208
SAMPLE_008823	FRAG_008823	hg38:5:61893162-61924892:+	31731
SAMPLE_008824	FRAG_008824	hg19:19:2006860-2066336:-	59477
SAMPLE_008825	FRAG_008825	hg38:19:54070803-54156163:-	85361
SAMPLE_008826	FRAG_008826	hg19:19:136699724-136744848:+	45125
SAMPLE_008827	FRAG_008827	hg38:19:93253482-93267499:-	14018
SAMPLE_008828	FRAG_008828	hg19:11:21756860-21773728:-	16869
SAMPLE_008829	FRAG_008829	hg38:7:174389022-174468735:-	79714
SAMPLE_008830	FRAG_008830	hg19:3:162475193-162512709:+	37517
SAMPLE_008831	FRAG_008831	hg38:1:90723706-90785369:-	61664
SAMPLE_008832	FRAG_008832	hg19:10:30715646-30807369:-	91724
SAMPLE_008833	FRAG_008833	hg38:6:151669711-151709404:-	39694
SAMPLE_008834	FRAG_008834	hg19:8:111607598-111684488:+	76891
SAMPLE_008835	FRAG_008835	hg38:13:93832237-93849812:+	17576
SAMPLE_008836	FRAG_008836	hg19:17:64816397-64888384:+	71988
SAMPLE_008837	FRAG_008837	hg38:6:176324670-176364540:-	39871
SAMPLE_008838	FRAG_008838	hg19:Y:64252636-64312056:-	59421
SAMPLE_008839	FRAG_008839	hg38:X:129853437-129914371:+	60935
SAMPLE_008840	FRAG_008840	hg19:9:52343474-52382910:-	39437
SAMPLE_008841	FRAG_008841	hg38:7:92968094-93051124:-	83031
SAMPLE_008842	FRAG_008842	hg19:20:140289018-140350129:-	61112
SAMPLE_008843	FRAG_008843	hg38:6:102036891-102116505:-	79615
SAMPLE_008844	FRAG_008844	hg19:16:91612654-91627612:-	14959
SAMPLE_008845	FRAG_008845	hg38:X:60807542-60848330:+	40789
SAMPLE_008846	FRAG_008846	hg19:6:154371769-154452665:+	80897
SAMPLE_008847	FRAG_008847	hg38:8:144328682-144364598:+	35917
SAMPLE_008848	FRAG_008848	hg19:21:34651352-34690756:-	39405
SAMPLE_008849	FRAG_008849	hg38:16:113410481-113487156:+	76676
SAMPLE_008850	FRAG_008850	hg19:21:194540618-194545124:+	4507
SAMPLE_008851	FRAG_008851	hg38:19:3545779-3583906:+	38128
SAMPLE_008852	FRAG_008852	hg19:14:96116522-96208640:-	92119
SAMPLE_008853	FRAG_008853	hg38:8:112454311-112517446:+	63136
SAMPLE_008854	FRAG_008854	hg19:10:109855290-109877781:-	22492
SAMPLE_008855	FRAG_008855	hg38:X:38157113-38248559:+	91447
SAMPLE_008856	FRAG_008856	hg19:12:160423646-160458446:+	34801
SAMPLE_008857	FRAG_008857	hg38:2:111754156-111783598:+	29443
SAMPLE_008858	FRAG_008858	hg19:2:23690467-23769010:-	78544
SAMPLE_008859	FRAG_008859	hg38:21:27912211-27920397:-	8187
SAMPLE_008860	FRAG_008860	hg19:5:65888047-65949725:+	61679
SAMPLE_008861	FRAG_008861	hg38:X:124511133-124526528:+	15396
SAMPLE_008862	FRAG_008862	hg19:6:84413396-84465799:+	52404
SAMPLE_008863	FRAG_008863	hg38:9:89116304-89181204:-	64901
SAMPLE_008864	FRAG_008864	hg19:19:4093846-4096015:+	2170
SAMPLE_008865	FRAG_008865	hg38:17:34788968-34824318:+	35351
SAMPLE_008866	FRAG_008866	hg19:7:164965593-165009340:-	43748
SAMPLE_008867	FRAG_008867	hg38:15:44911721-44952350:+	40630
SAMPLE_008868	FRAG_008868	hg19:19:172093099-172164207:+	71109
SAMPLE_008869	FRAG_008869	hg38:21:166478861-166521701:-	42841
SAMPLE_008870	FRAG_008870	hg19:22:187170608-187225559:-	54952
SAMPLE_008871	FRAG_008871	hg38:16:95734010-95745311:+	11302
SAMPLE_008872	FRAG_008872	hg19:20:46314784-46317888:+	3105
SAMPLE_008873	FRAG_008873	hg38:14:81851381-81873313:-	21933
SAMPLE_008874	FRAG_008874	hg19:Y:109094675-109126143:-	31469
SAMPLE_008875	FRAG_008875	hg38:1:194193778-194199874:+	6097
SAMPLE_008876	FRAG_008876	hg19:5:152066783-152146595:+	79813
SAMPLE_008877	FRAG_008877	hg38:19:189756028-189761499:+	5472
SAMPLE_008878	FRAG_008878	hg19:14:122677126-122717027:-	39902
SAMPLE_008879	FRAG_008879	hg38:3:84688550-84773580:-	85031
SAMPLE_008880	FRAG_008880	hg19:5:136086959-136146651:-	59693
SAMPLE_008881	FRAG_008881	hg38:8:190425479-190522649:-	97171
SAMPLE_008882	FRAG_008882	hg19:11:177807352-177841904:+	34553
SAMPLE_008883	FRAG_008883	hg38:X:48254333-48292074:+	37742
SAMPLE_008884	FRAG_008884	hg19:4:167226831-167279831:-	53001
SAMPLE_008885	FRAG_008885	hg38:20:195379048-195398370:+	19323
SAMPLE_008886	FRAG_008886	hg19:Y:119883253-119940488:-	57236
SAMPLE_008887	FRAG_008887	hg38:9:61299689-61375017:+	75329
SAMPLE_008888	FRAG_008888	hg19:10:184585664-184616466:-	30803
SAMPLE_008889	FRAG_008889	hg38:19:75404028-75407046:-	3019
SAMPLE_008890	FRAG_008890	hg19:7:181353417-181450822:+	97406
SAMPLE_008891	FRAG_008891	hg38:X:47846678-47892627:-	45950
SAMPLE_008892	FRAG_008892	hg19:18:60708659-60800110:-	91452
SAMPLE_008893	FRAG_008893	hg38:15:67604197-67630665:+	26469
SAMPLE_008894	FRAG_008894	hg19:8:6286519-6319297:-	32779
SAMPLE_008895	FRAG_008895	hg38:8:92371918-92408754:+	36837
SAMPLE_008896	FRAG_008896	hg19:21:56885959-56975483:+	89525
SAMPLE_008897	FRAG_008897	hg38:6:114575200-114605845:-	30646
SAMPLE_008898	FRAG_008898	hg19:4:41943664-41967587:-	23924
SAMPLE_008899	FRAG_008899	hg38:16:6808620-6842345:-	33726
SAMPLE_008900	FRAG_008900	hg19:7:124114237-124208397:+	94161
SAMPLE_008901	FRAG_008901	hg38:2:62780822-62813004:-	32183
SAMPLE_008902	FRAG_008902	hg19:2:20494564-20537556:-	42993
SAMPLE_008903	FRAG_008903	hg38:2:67716440-67733390:+	16951
SAMPLE_008904	FRAG_008904	hg19:11:8606740-8619800:-	13061
SAMPLE_008905	FRAG_008905	hg38:X:99150073-99162338:-	12266
SAMPLE_008906	FRAG_008906	hg19:11:134857031-134927564:+	70534
SAMPLE_008907	FRAG_008907	hg38:19:171201474-171236939:+	35466
SAMPLE_008908	FRAG_008908	hg19:9:41886104-41906510:-	20407
SAMPLE_008909	FRAG_008909	hg38:11:83020030-83072075:+	52046
SAMPLE_008910	FRAG_008910	hg19:3:167604418-167682738:+	78321
SAMPLE_008911	FRAG_008911	hg38:12:24515318-24564610:+	49293
SAMPLE_008912	FRAG_008912	hg19:11:138087774-138118756:+	30983
SAMPLE_008913	FRAG_008913	hg38:16:21231366-21299612:+	68247
SAMPLE_008914	FRAG_008914	hg19:8:93679845-93776388:+	96544
SAMPLE_008915	FRAG_008915	hg38:12:60918497-61012777:-	94281
SAMPLE_008916	FRAG_008916	hg19:20:19356056-19389837:-	33782
SAMPLE_008917	FRAG_008917	hg38:4:186759087-186803256:-	44170
SAMPLE_008918	FRAG_008918	hg19:11:134191673-134239088:+	47416
SAMPLE_008919	FRAG_008919	hg38:13:62905002-62962155:+	57154
SAMPLE_008920	FRAG_008920	hg19:17:175374365-175457675:+	83311
SAMPLE_008921	FRAG_008921	hg38:9:67043542-67097725:+	54184
SAMPLE_008922	FRAG_008922	hg19:14:111197407-111213677:+	16271
SAMPLE_008923	FRAG_008923	hg38:3:180748359-180836853:-	88495
SAMPLE_008924	FRAG_008924	hg19:X:64739070-64796267:-	57198
SAMPLE_008925	FRAG_008925	hg38:5:1208271-1209983:-	1713
SAMPLE_008926	FRAG_008926	hg19:14:84929258-84939345:+	10088
SAMPLE_008927	FRAG_008927	hg38:10:15692803-15713466:-	20664
SAMPLE_008928	FRAG_008928	hg19:20:178041360-178115570:-	74211
SAMPLE_008929	FRAG_008929	hg38:17:180219489-180266977:-	47489
SAMPLE_008930	FRAG_008930	hg19:20:124635771-124694648:+	58878
SAMPLE_008931	FRAG_008931	hg38:10:185103402-185128784:+	25383
SAMPLE_008932	FRAG_008932	hg19:X:7436728-7492599:+	55872
SAMPLE_008933	FRAG_008933	hg38:Y:11184980-11263186:+	78207
SAMPLE_008934	FRAG_008934	hg19:2:77377829-77388636:-	10808
SAMPLE_008935	FRAG_008935	hg38:Y:14436579-14449667:+	13089
SAMPLE_008936	FRAG_008936	hg19:20:131350159-131370161:+	20003
SAMPLE_008937	FRAG_008937	hg38:18:56599437-56677779:+	78343
SAMPLE_008938	FRAG_008938	hg19:9:177212745-177264458:+	51714
SAMPLE_008939	FRAG_008939	hg38:13:149944793-149977152:+	32360
SAMPLE_008940	FRAG_008940	hg19:14:128005448-128072565:-	67118
SAMPLE_008941	FRAG_008941	hg38:3:184892113-184961744:-	69632
SAMPLE_008942	FRAG_008942	hg19:14:13279828-13358430:-	78603
SAMPLE_008943	FRAG_008943	hg38:21:178392446-178397556:-	5111
SAMPLE_008944	FRAG_008944	hg19:11:150466026-150518987:+	52962
SAMPLE_008945	FRAG_008945	hg38:13:48270734-48333968:+	63235
SAMPLE_008946	FRAG_008946	hg19:1:42898050-42961354:-	63305
SAMPLE_008947	FRAG_008947	hg38:6:195347927-195348658:+	732
SAMPLE_008948	FRAG_008948	hg19:22:78949129-79037284:-	88156
SAMPLE_008949	FRAG_008949	hg38:5:52849765-52933137:-	83373
SAMPLE_008950	FRAG_008950	hg19:7:113736170-113782767:-	46598
SAMPLE_008951	FRAG_008951	hg38:1:139449621-139511213:+	61593
SAMPLE_008952	FRAG_008952	hg19:Y:192104792-192200243:+	95452
SAMPLE_008953	FRAG_008953	hg38:18:14345770-14375359:-	29590
SAMPLE_008954	FRAG_008954	hg19:20:140701558-140760180:-	58623
SAMPLE_008955	FRAG_008955	hg38:4:69532442-69617029:-	84588
SAMPLE_008956	FRAG_008956	hg19:10:148270324-148350457:+	80134
SAMPLE_008957	FRAG_008957	hg38:14:22322040-22383022:-	60983
SAMPLE_008958	FRAG_008958	hg19:13:71715421-71778940:+	63520
SAMPLE_008959	FRAG_008959	hg38:14:142426615-142476779:-	50165
SAMPLE_008960	FRAG_008960	hg19:15:19355108-19404441:-	49334
SAMPLE_008961	FRAG_008961	hg38:16:23548868-23562602:-	13735
SAMPLE_008962	FRAG_008962	hg19:10:116724491-116771431:+	46941
SAMPLE_008963	FRAG_008963	hg38:12:164106784-164194948:-	88165
SAMPLE_008964	FRAG_008964	hg19:13:82515850-82543510:+	27661
SAMPLE_008965	FRAG_008965	hg38:3:14103548-14170078:-	66531
SAMPLE_008966	FRAG_008966	hg19:7:40339120-40416764:+	77645
SAMPLE_008967	FRAG_008967	hg38:Y:37158984-37163726:-	4743
SAMPLE_008968	FRAG_008968	hg19:17:116030563-116076426:-	45864
SAMPLE_008969	FRAG_008969	hg38:7:127090965-127122950:-	31986
SAMPLE_008970	FRAG_008970	hg19:16:5946869-5979081:+	32213
SAMPLE_008971	FRAG_008971	hg38:4:133910195-133960308:-	50114
SAMPLE_008972	FRAG_008972	hg19:4:44188117-44266197:-	78081
SAMPLE_008973	FRAG_008973	hg38:4:77013218-77062367:-	49150
SAMPLE_008974	FRAG_008974	hg19:22:4386376-4407020:+	20645
SAMPLE_008975	FRAG_008975	hg38:5:179452228-179487149:+	34922
SAMPLE_008976	FRAG_008976	hg19:5:78865707-78915351:-	49645
SAMPLE_008977	FRAG_008977	hg38:11:177679977-177683592:+	3616
SAMPLE_008978	FRAG_008978	hg19:11:159337723-159376991:+	39269
SAMPLE_008979	FRAG_008979	hg38:17:194252374-194350439:+	98066
SAMPLE_008980	FRAG_008980	hg19:22:158343217-158417586:+	74370
SAMPLE_008981	FRAG_008981	hg38:19:108766524-108832031:-	65508
SAMPLE_008982	FRAG_008982	hg19:8:137902592-137971304:-	68713
SAMPLE_008983	FRAG_008983	hg38:5:102336139-102377251:+	41113
SAMPLE_008984	FRAG_008984	hg19:13:4540554-4569175:+	28622
SAMPLE_008985	FRAG_008985	hg38:10:142237828-142270928:+	33101
SAMPLE_008986	FRAG_008986	hg19:22:8381180-8389469:+	8290
SAMPLE_008987	FRAG_008987	hg38:19:79128058-79138973:+	10916
SAMPLE_008988	FRAG_008988	hg19:11:166111430-166132558:-	21129
SAMPLE_008989	FRAG_008989	hg38:20:5767448-5797572:-	30125
SAMPLE_008990	FRAG_008990	hg19:X:75619607-75713674:+	94068
SAMPLE_008991	FRAG_008991	hg38:15:153040111-153115077:-	74967
SAMPLE_008992	FRAG_008992	hg19:11:111947674-111983755:-	36082
SAMPLE_008993	FRAG_008993	hg38:5:167214492-167282097:-	67606
SAMPLE_008994	FRAG_008994	hg19:X:97429075-97455087:+	26013
SAMPLE_008995	FRAG_008995	hg38:17:102359111-102438991:+	79881
SAMPLE_008996	FRAG_008996	hg19:5:42661959-42706606:-	44648
SAMPLE_008997	FRAG_008997	hg38:11:109507101-109590416:+	83316
SAMPLE_008998	FRAG_008998	hg19:1:35197268-35219516:+	22249
SAMPLE_008999	FRAG_008999	hg38:2:61251612-61269103:-	17492
SAMPLE_009000	FRAG_009000	hg19:2:103607209-103656503:-	49295
SAMPLE_009001	FRAG_009001	hg38:15:50513510-50527389:-	13880
SAMPLE_009002	FRAG_009002	hg19:3:100042629-100129543:+	86915
SAMPLE_009003	FRAG_009003	hg38:9:139669124-139683030:+	13907
SAMPLE_009004	FRAG_009004	hg19:17:91412885-91414953:+	2069
SAMPLE_009005	FRAG_009005	hg38:14:116791365-116844626:+	53262
SAMPLE_009006	FRAG_009006	hg19:X:31805243-31876817:+	71575
SAMPLE_009007	FRAG_009007	hg38:7:35115389-35191793:-	76405
SAMPLE_009008	FRAG_009008	hg19:17:79896639-79969663:-	73025
SAMPLE_009009	FRAG_009009	hg38:16:165876106-165959820:+	83715
SAMPLE_009010	FRAG_009010	hg19:19:103439635-103513124:+	73490
SAMPLE_009011	FRAG_009011	hg38:14:88613314-88624678:+	11365
SAMPLE_009012	FRAG_009012	hg19:16:165147988-165199724:-	51737
SAMPLE_009013	FRAG_009013	hg38:18:82267792-82305233:-	37442
SAMPLE_009014	FRAG_009014	hg19:5:39855395-39857835:+	2441
SAMPLE_009015	FRAG_009015	hg38:9:150067953-150159426:+	91474
SAMPLE_009016	FRAG_009016	hg19:9:147087899-147158743:-	70845
SAMPLE_009017	FRAG_009017	hg38:7:19923784-20019203:+	95420
SAMPLE_009018	FRAG_009018	hg19:15:125023516-125054778:+	31263
SAMPLE_009019	FRAG_009019	hg38:10:12154131-12202732:+	48602
SAMPLE_009020	FRAG_009020	hg19:3:144079741-144094641:+	14901
SAMPLE_009021	FRAG_009021	hg38:X:103075007-103095494:-	20488
SAMPLE_009022	FRAG_009022	hg19:21:33691031-33768490:-	77460
SAMPLE_009023	FRAG_009023	hg38:4:67715978-67795681:-	79704
SAMPLE_009024	FRAG_009024	hg19:1:23889431-23940161:+	50731
SAMPLE_009025	FRAG_009025	hg38:9:25834274-25894305:+	60032
SAMPLE_009026	FRAG_009026	hg19:4:166259227-166335768:+	76542
SAMPLE_009027	FRAG_009027	hg38:Y:102566603-102608432:+	41830
SAMPLE_009028	FRAG_009028	hg19:10:131513854-131609548:-	95695
SAMPLE_009029	FRAG_009029	hg38:18:180604978-180677856:+	72879
SAMPLE_009030	FRAG_009030	hg19:10:13151129-13159936:+	8808
SAMPLE_009031	FRAG_009031	hg38:9:76404510-76415297:+	10788
SAMPLE_009032	FRAG_009032	hg19:7:19726199-19825738:+	99540
SAMPLE_009033	FRAG_009033	hg38:4:171050664-171124873:+	74210
SAMPLE_009034	FRAG_009034	hg19:10:92752854-92754625:+	1772
SAMPLE_009035	FRAG_009035	hg38:X:63130963-63223719:+	92757
SAMPLE_009036	FRAG_009036	hg19:11:32096685-32180569:-	83885
SAMPLE_009037	FRAG_009037	hg38:19:1597659-1685781:-	88123
SAMPLE_009038	FRAG_009038	hg19:10:11348828-11408366:-	59539
SAMPLE_009039	FRAG_009039	hg38:14:154685910-154686587:-	678
SAMPLE_009040	FRAG_009040	hg19:2:122664436-122715580:+	51145
SAMPLE_009041	FRAG_009041	hg38:10:136111232-136198314:-	87083
SAMPLE_009042	FRAG_009042	hg19:17:19578140-19606515:+	28376
SAMPLE_009043	FRAG_009043	hg38:7:71511583-71525787:-	14205
SAMPLE_009044	FRAG_009044	hg19:13:85477304-85513423:-	36120
SAMPLE_009045	FRAG_009045	hg38:5:123869522-123890005:-	20484
SAMPLE_009046	FRAG_009046	hg19:22:161965579-162027995:-	62417
SAMPLE_009047	FRAG_009047	hg38:2:195788553-195848688:-	60136
SAMPLE_009048	FRAG_009048	hg19:1:58658475-58688135:-	29661
SAMPLE_009049	FRAG_009049	hg38:9:166956698-166991049:-	34352
SAMPLE_009050	FRAG_009050	hg19:1:62651702-62731403:+	79702
SAMPLE_009051	FRAG_009051	hg38:20:191057387-191071850:+	14464
SAMPLE_009052	FRAG_009052	hg19:13:166053077-166151590:-	98514
SAMPLE_009053	FRAG_009053	hg38:3:170134088-170158943:-	24856
SAMPLE_009054	FRAG_009054	hg19:10:2156150-2165929:-	9780
SAMPLE_009055	FRAG_009055	hg38:1:46051437-46081315:-	29879
SAMPLE_009056	FRAG_009056	hg19:15:63744854-63791305:+	46452
SAMPLE_009057	FRAG_009057	hg38:X:150390027-150475185:+	85159
SAMPLE_009058	FRAG_009058	hg19:12:107455447-107520028:+	64582
SAMPLE_009059	FRAG_009059	hg38:3:10718894-10809235:+	90342
SAMPLE_009060	FRAG_009060	hg19:1:162748657-162819124:-	70468
SAMPLE_009061	FRAG_009061	hg38:21:80275083-80319135:-	44053
SAMPLE_009062	FRAG_009062	hg19:4:87468205-87490428:+	22224
SAMPLE_009063	FRAG_009063	hg38:13:105286481-105291888:-	5408
SAMPLE_009064	FRAG_009064	hg19:1:76403202-76411753:-	8552
SAMPLE_009065	FRAG_009065	hg38:10:108375714-108444508:-	68795
SAMPLE_009066	FRAG_009066	hg19:20:151707891-151747752:-	39862
SAMPLE_009067	FRAG_009067	hg38:21:157733608-157817488:-	83881
SAMPLE_009068	FRAG_009068	hg19:17:139717913-139751484:+	33572
SAMPLE_009069	FRAG_009069	hg38:15:175384105-175386192:+	2088
SAMPLE_009070	FRAG_009070	hg19:13:7805687-7820148:+	14462
SAMPLE_009071	FRAG_009071	hg38:15:2054606-2116516:+	61911
SAMPLE_009072	FRAG_009072	hg19:15:60572144-60636381:-	64238
SAMPLE_009073	FRAG_009073	hg38:11:84199507-84275257:+	75751
SAMPLE_009074	FRAG_009074	hg19:7:120225933-120231278:+	5346
SAMPLE_009075	FRAG_009075	hg38:4:119742356-119752539:+	10184
SAMPLE_009076	FRAG_009076	hg19:19:114581514-114674220:+	92707
SAMPLE_009077	FRAG_009077	hg38:2:166379703-166416644:+	36942
SAMPLE_009078	FRAG_009078	hg19:6:72953996-72966661:-	12666
SAMPLE_009079	FRAG_009079	hg38:10:96743500-96755288:-	11789
SAMPLE_009080	FRAG_009080	hg19:19:121188999-121244924:-	55926
SAMPLE_009081	FRAG_009081	hg38:8:63624250-63655205:-	30956
SAMPLE_009082	FRAG_009082	hg19:22:197068276-197142784:-	74509
SAMPLE_009083	FRAG_009083	hg38:X:101401732-101447115:+	45384
SAMPLE_009084	FRAG_009084	hg19:8:30232078-30306966:-	74889
SAMPLE_009085	FRAG_009085	hg38:22:57670992-57674966:+	3975
SAMPLE_009086	FRAG_009086	hg19:12:1338844-1371298:+	32455
SAMPLE_009087	FRAG_009087	hg38:10:187490642-187572037:+	81396
SAMPLE_009088	FRAG_009088	hg19:13:109506566-109589182:-	82617
SAMPLE_009089	FRAG_009089	hg38:7:104593759-104688543:+	94785
SAMPLE_009090	FRAG_009090	hg19:Y:129210820-129291721:-	80902
SAMPLE_009091	FRAG_009091	hg38:8:122985113-122999212:+	14100
SAMPLE_009092	FRAG_009092	hg19:19:115775463-115815734:+	40272
SAMPLE_009093	FRAG_009093	hg38:9:133958747-134025642:+	66896
SAMPLE_009094	FRAG_009094	hg19:7:151366132-151464443:-	98312
SAMPLE_009095	FRAG_009095	hg38:17:89468135-89517932:+	49798
SAMPLE_009096	FRAG_009096	hg19:20:129624179-129644788:-	20610
SAMPLE_009097	FRAG_009097	hg38:18:179182471-179242376:+	59906
SAMPLE_009098	FRAG_009098	hg19:9:22002627-22095046:+	92420
SAMPLE_009099	FRAG_009099	hg38:9:54890618-54966680:+	76063
SAMPLE_009100	FRAG_009100	hg19:16:105828588-105908904:-	80317
SAMPLE_009101	FRAG_009101	hg38:2:2573997-2630912:-	56916
SAMPLE_009102	FRAG_009102	hg19:12:173089650-173163446:+	73797
SAMPLE_009103	FRAG_009103	hg38:16:86746339-86776852:-	30514
SAMPLE_009104	FRAG_009104	hg19:20:32794126-32811047:+	16922
SAMPLE_009105	FRAG_009105	hg38:13:91999936-92018293:+	18358
SAMPLE_009106	FRAG_009106	hg19:13:158691854-158783773:+	91920
SAMPLE_009107	FRAG_009107	hg38:12:71591407-71690225:-	98819
SAMPLE_009108	FRAG_009108	hg19:10:57002592-57055604:-	53013
SAMPLE_009109	FRAG_009109	hg38:1:80449012-80462831:-	13820
SAMPLE_009110	FRAG_009110	hg19:12:2316026-2380225:+	64200
SAMPLE_009111	FRAG_009111	hg38:20:64709675-64804198:-	94524
SAMPLE_009112	FRAG_009112	hg19:22:128623904-128641746:+	17843
SAMPLE_009113	FRAG_009113	hg38:Y:107064143-107135552:-	71410
SAMPLE_009114	FRAG_009114	hg19:Y:41511053-41587992:-	76940
SAMPLE_009115	FRAG_009115	hg38:11:163225409-163242441:+	17033
SAMPLE_009116	FRAG_009116	hg19:11:167735455-167739080:+	3626
SAMPLE_009117	FRAG_009117	hg38:13:2902666-2910189:+	7524
SAMPLE_009118	FRAG_009118	hg19:22:30819403-30830414:+	11012
SAMPLE_009119	FRAG_009119	hg38:3:114852172-114895492:+	43321
SAMPLE_009120	FRAG_009120	hg19:14:158147437-158157165:-	9729
SAMPLE_009121	FRAG_009121	hg38:7:70235684-70309825:-	74142
SAMPLE_009122	FRAG_009122	hg19:Y:169255193-169337413:+	82221
SAMPLE_009123	FRAG_009123	hg38:5:63005390-63017386:+	11997
SAMPLE_009124	FRAG_009124	hg19:2:199606518-199695174:+	88657
SAMPLE_009125	FRAG_009125	hg38:21:143500517-143526341:-	25825
SAMPLE_009126	FRAG_009126	hg19:22:154802972-154852684:+	49713
SAMPLE_009127	FRAG_009127	hg38:22:191289960-191380452:-	90493
SAMPLE_009128	FRAG_009128	hg19:16:53785725-53802982:+	17258
SAMPLE_009129	FRAG_009129	hg38:3:71785372-71793913:-	8542
SAMPLE_009130	FRAG_009130	hg19:17:133550805-133567670:-	16866
SAMPLE_009131	FRAG_009131	hg38:21:169612267-169644880:-	32614
SAMPLE_009132	FRAG_009132	hg19:12:195518890-195560940:-	42051
SAMPLE_009133	FRAG_009133	hg38:3:38179082-38258998:+	79917
SAMPLE_009134	FRAG_009134	hg19:3:147820865-147890872:+	70008
SAMPLE_009135	FRAG_009135	hg38:5:111235893-111239143:+	3251
SAMPLE_009136	FRAG_009136	hg19:3:196215666-196285144:-	69479
SAMPLE_009137	FRAG_009137	hg38:10:130034844-130051276:-	16433
SAMPLE_009138	FRAG_009138	hg19:3:170031956-170116088:+	84133
SAMPLE_009139	FRAG_009139	hg38:1:51890879-51911765:-	20887
SAMPLE_009140	FRAG_009140	hg19:9:186295064-186310815:-	15752
SAMPLE_009141	FRAG_009141	hg38:20:114698673-114730463:+	31791
SAMPLE_009142	FRAG_009142	hg19:11:164608512-164691019:+	82508
SAMPLE_009143	FRAG_009143	hg38:14:117647396-117708508:-	61113
SAMPLE_009144	FRAG_009144	hg19:1:40551798-40584254:+	32457
SAMPLE_009145	FRAG_009145	hg38:19:19178397-19266245:+	87849
SAMPLE_009146	FRAG_009146	hg19:22:93151049-93175099:+	24051
SAMPLE_009147	FRAG_009147	hg38:18:171473852-171493904:-	20053
SAMPLE_009148	FRAG_009148	hg19:15:47923827-47937655:-	13829
SAMPLE_009149	FRAG_009149	hg38:20:124774346-124806354:-	32009
SAMPLE_009150	FRAG_009150	hg19:20:153382881-153465249:-	82369
SAMPLE_009151	FRAG_009151	hg38:6:85026020-85050963:+	24944
SAMPLE_009152	FRAG_009152	hg19:20:70058513-70113337:-	54825
SAMPLE_009153	FRAG_009153	hg38:10:140649828-140739953:-	90126
SAMPLE_009154	FRAG_009154	hg19:8:170058981-170157389:-	98409
SAMPLE_009155	FRAG_009155	hg38:X:146526531-146622666:-	96136
SAMPLE_009156	FRAG_009156	hg19:17:32177916-32193221:+	15306
SAMPLE_009157	FRAG_009157	hg38:10:60266911-60296581:+	29671
SAMPLE_009158	FRAG_009158	hg19:14:7525177-7559427:+	34251
SAMPLE_009159	FRAG_009159	hg38:11:135132404-135206556:-	74153
SAMPLE_009160	FRAG_009160	hg19:3:86164913-86209182:-	44270
SAMPLE_009161	FRAG_009161	hg38:20:178147555-178236503:+	88949
SAMPLE_009162	FRAG_009162	hg19:21:188529124-188580564:+	51441
SAMPLE_009163	FRAG_009163	hg38:16:129556210-129626261:+	70052
SAMPLE_009164	FRAG_009164	hg19:6:155921429-155968632:+	47204
SAMPLE_009165	FRAG_009165	hg38:X:5244336-5264750:-	20415
SAMPLE_009166	FRAG_009166	hg19:13:126617612-126648962:+	31351
SAMPLE_009167	FRAG_009167	hg38:4:48936547-48991107:-	54561
SAMPLE_009168	FRAG_009168	hg19:13:7036396-7131902:+	95507
SAMPLE_009169	FRAG_009169	hg38:5:87973324-87998760:-	25437
SAMPLE_009170	FRAG_009170	hg19:3:2802136-2872783:+	70648
SAMPLE_009171	FRAG_009171	hg38:20:93529844-93572217:-	42374
SAMPLE_009172	FRAG_009172	hg19:15:194671866-194702167:-	30302
SAMPLE_009173	FRAG_009173	hg38:19:162502664-162528796:-	26133
SAMPLE_009174	FRAG_009174	hg19:16:85784571-85860943:-	76373
SAMPLE_009175	FRAG_009175	hg38:3:173737878-173812344:+	74467
SAMPLE_009176	FRAG_009176	hg19:9:122182234-122277080:-	94847
SAMPLE_009177	FRAG_009177	hg38:22:20727443-20739127:+	11685
SAMPLE_009178	FRAG_009178	hg19:16:59135453-59224479:-	89027
SAMPLE_009179	FRAG_009179	hg38:15:59631132-59633184:-	2053
SAMPLE_009180	FRAG_009180	hg19:5:106480334-106527382:-	47049
SAMPLE_009181	FRAG_009181	hg38:14:28758930-28773070:+	14141
SAMPLE_009182	FRAG_009182	hg19:12:79292862-79366186:+	73325
SAMPLE_009183	FRAG_009183	hg38:7:9221964-9249725:+	27762
SAMPLE_009184	FRAG_009184	hg19:18:98037738-98043868:-	6131
SAMPLE_009185	FRAG_009185	hg38:8:137409097-137413799:+	4703
SAMPLE_009186	FRAG_009186	hg19:19:169652256-169674529:-	22274
SAMPLE_009187	FRAG_009187	hg38:21:38397189-38470907:-	73719
SAMPLE_009188	FRAG_009188	hg19:8:30697171-30720120:+	22950
SAMPLE_009189	FRAG_009189	hg38:16:193231121-193321135:+	90015
SAMPLE_009190	FRAG_009190	hg19:3:171906601-171929613:-	23013
SAMPLE_009191	FRAG_009191	hg38:8:115557292-115651673:-	94382
SAMPLE_009192	FRAG_009192	hg19:10:94666716-94738618:+	71903
SAMPLE_009193	FRAG_009193	hg38:6:127684418-127685266:+	849
SAMPLE_009194	FRAG_009194	hg19:1:166673727-166682621:-	8895
SAMPLE_009195	FRAG_009195	hg38:1:80168775-80241417:+	72643
SAMPLE_009196	FRAG_009196	hg19:18:69017329-69079426:+	62098
SAMPLE_009197	FRAG_009197	hg38:14:193325939-193415813:+	89875
SAMPLE_009198	FRAG_009198	hg19:16:188418164-188499019:-	80856
SAMPLE_009199	FRAG_009199	hg38:7:107182312-107265285:-	82974
SAMPLE_009200	FRAG_009200	hg19:3:168693138-168714216:-	21079
SAMPLE_009201	FRAG_009201	hg38:12:25528131-25572148:+	44018
SAMPLE_009202	FRAG_009202	hg19:1:22679937-22728071:+	48135
SAMPLE_009203	FRAG_009203	hg38:17:167012145-167027694:-	15550
SAMPLE_009204	FRAG_009204	hg19:X:69701444-69772429:+	70986
SAMPLE_009205	FRAG_009205	hg38:5:47417381-47474145:+	56765
SAMPLE_009206	FRAG_009206	hg19:X:4453396-4460141:+	6746
SAMPLE_009207	FRAG_009207	hg38:14:122278281-122280187:+	1907
SAMPLE_009208	FRAG_009208	hg19:5:87500318-87532356:+	32039
SAMPLE_009209	FRAG_009209	hg38:5:176608793-176707048:+	98256
SAMPLE_009210	FRAG_009210	hg19:1:52110288-52203243:-	92956
SAMPLE_009211	FRAG_009211	hg38:22:172730227-172749383:-	19157
SAMPLE_009212	FRAG_009212	hg19:7:89823689-89884074:+	60386
SAMPLE_009213	FRAG_009213	hg38:19:117699365-117714901:+	15537
SAMPLE_009214	FRAG_009214	hg19:18:163710719-163715167:+	4449
SAMPLE_009215	FRAG_009215	hg38:14:107406549-107500038:+	93490
SAMPLE_009216	FRAG_009216	hg19:4:115426651-115482465:-	55815
SAMPLE_009217	FRAG_009217	hg38:18:196121241-196183507:-	62267
SAMPLE_009218	FRAG_009218	hg19:1:56389323-56422423:+	33101
SAMPLE_009219	FRAG_009219	hg38:9:75745360-75794855:-	49496
SAMPLE_009220	FRAG_009220	hg19:3:105564946-105567917:+	2972
SAMPLE_009221	FRAG_009221	hg38:14:71840975-71892718:-	51744
SAMPLE_009222	FRAG_009222	hg19:1:185086123-185090636:-	4514
SAMPLE_009223	FRAG_009223	hg38:10:89929401-90026156:+	96756
SAMPLE_009224	FRAG_009224	hg19:4:196654062-196697709:+	43648
SAMPLE_009225	FRAG_009225	hg38:16:81349094-81402967:+	53874
SAMPLE_009226	FRAG_009226	hg19:19:187105703-187160318:+	54616
SAMPLE_009227	FRAG_009227	hg38:17:158396737-158397706:+	970
SAMPLE_009228	FRAG_009228	hg19:10:32947923-32960990:-	13068
SAMPLE_009229	FRAG_009229	hg38:1:5874365-5916525:-	42161
SAMPLE_009230	FRAG_009230	hg19:20:190268247-190343869:-	75623
SAMPLE_009231	FRAG_009231	hg38:4:193961500-194057787:+	96288
SAMPLE_009232	FRAG_009232	hg19:4:44601602-44645341:-	43740
SAMPLE_009233	FRAG_009233	hg38:12:188403085-188424528:+	21444
SAMPLE_009234	FRAG_009234	hg19:X:36744629-36766446:+	21818
SAMPLE_009235	FRAG_009235	hg38:11:148169236-148235692:+	66457
SAMPLE_009236	FRAG_009236	hg19:15:120468180-120553603:-	85424
SAMPLE_009237	FRAG_009237	hg38:8:73749568-73795921:+	46354
SAMPLE_009238	FRAG_009238	hg19:X:83158028-83251995:-	93968
SAMPLE_009239	FRAG_009239	hg38:13:92231108-92254460:+	23353
SAMPLE_009240	FRAG_009240	hg19:20:13542070-13590296:+	48227
SAMPLE_009241	FRAG_009241	hg38:3:89479562-89495240:+	15679
SAMPLE_009242	FRAG_009242	hg19:11:136973928-137016283:-	42356
SAMPLE_009243	FRAG_009243	hg38:6:120540048-120601234:+	61187
SAMPLE_009244	FRAG_009244	hg19:13:60337409-60343200:+	5792
SAMPLE_009245	FRAG_009245	hg38:15:143679945-143716667:+	36723
SAMPLE_009246	FRAG_009246	hg19:8:69377782-69380885:-	3104
SAMPLE_009247	FRAG_009247	hg38:18:2877186-2944203:-	67018
SAMPLE_009248	FRAG_009248	hg19:4:116901418-116973163:+	71746
SAMPLE_009249	FRAG_009249	hg38:10:48805905-48823606:+	17702
SAMPLE_009250	FRAG_009250	hg19:12:89174813-89267392:-	92580
SAMPLE_009251	FRAG_009251	hg38:22:98835431-98931722:+	96292
SAMPLE_009252	FRAG_009252	hg19:2:198689888-198733114:-	43227
SAMPLE_009253	FRAG_009253	hg38:19:119904738-119958552:-	53815
SAMPLE_009254	FRAG_009254	hg19:15:161949703-162015203:+	65501
SAMPLE_009255	FRAG_009255	hg38:4:51564357-51654066:-	89710
SAMPLE_009256	FRAG_009256	hg19:19:60995238-61067597:+	72360
SAMPLE_009257	FRAG_009257	hg38:X:89948308-89988842:-	40535
SAMPLE_009258	FRAG_009258	hg19:14:119689250-119708465:-	19216
SAMPLE_009259	FRAG_009259	hg38:11:28938743-29028741:+	89999
SAMPLE_009260	FRAG_009260	hg19:13:148503209-148503781:-	573
SAMPLE_009261	FRAG_009261	hg38:17:125756670-125831937:+	75268
SAMPLE_009262	FRAG_009262	hg19:4:177978838-178025032:+	46195
SAMPLE_009263	FRAG_009263	hg38:6:56057728-56073468:+	15741
SAMPLE_009264	FRAG_009264	hg19:13:141039530-141133000:-	93471
SAMPLE_009265	FRAG_009265	hg38:2:138980625-138982141:+	1517
SAMPLE_009266	FRAG_009266	hg19:9:117131340-117191936:+	60597
SAMPLE_009267	FRAG_009267	hg38:5:137254429-137342958:+	88530
SAMPLE_009268	FRAG_009268	hg19:1:134101588-134192114:-	90527
SAMPLE_009269	FRAG_009269	hg38:13:199769363-199783733:+	14371
SAMPLE_009270	FRAG_009270	hg19:Y:197098172-197130969:-	32798
SAMPLE_009271	FRAG_009271	hg38:19:34996229-35074636:-	78408
SAMPLE_009272	FRAG_009272	hg19:4:89143412-89226932:-	83521
SAMPLE_009273	FRAG_009273	hg38:2:57705290-57734667:-	29378
SAMPLE_009274	FRAG_009274	hg19:Y:140331143-140402552:-	71410
SAMPLE_009275	FRAG_009275	hg38:5:99111849-99179635:-	67787
SAMPLE_009276	FRAG_009276	hg19:17:29162473-29248425:-	85953
SAMPLE_009277	FRAG_009277	hg38:8:126469855-126545770:-	75916
SAMPLE_009278	FRAG_009278	hg19:X:14730353-14762664:+	32312
SAMPLE_009279	FRAG_009279	hg38:21:127235522-127236554:+	1033
SAMPLE_009280	FRAG_009280	hg19:16:77387913-77465401:-	77489
SAMPLE_009281	FRAG_009281	hg38:9:125166108-125207584:-	41477
SAMPLE_009282	FRAG_009282	hg19:10:30613619-30650438:+	36820
SAMPLE_009283	FRAG_009283	hg38:15:157103376-157156695:+	53320
SAMPLE_009284	FRAG_009284	hg19:Y:37356286-37412627:-	56342
SAMPLE_009285	FRAG_009285	hg38:21:77452899-77498402:+	45504
SAMPLE_009286	FRAG_009286	hg19:10:96202368-96262101:+	59734
SAMPLE_009287	FRAG_009287	hg38:X:9319503-9371251:-	51749
SAMPLE_009288	FRAG_009288	hg19:8:156622523-156667702:+	45180
SAMPLE_009289	FRAG_009289	hg38:20:89419907-89488003:+	68097
SAMPLE_009290	FRAG_009290	hg19:15:189990041-190069965:-	79925
SAMPLE_009291	FRAG_009291	hg38:12:85349330-85416188:-	66859
SAMPLE_009292	FRAG_009292	hg19:17:60852604-60952236:-	99633
SAMPLE_009293	FRAG_009293	hg38:11:179776175-179831283:+	55109
SAMPLE_009294	FRAG_009294	hg19:13:142263523-142326536:-	63014
SAMPLE_009295	FRAG_009295	hg38:7:182781941-182822624:+	40684
SAMPLE_009296	FRAG_009296	hg19:16:57509935-57601322:+	91388
SAMPLE_009297	FRAG_009297	hg38:15:180831346-180917324:+	85979
SAMPLE_009298	FRAG_009298	hg19:22:126008171-126069745:-	61575
SAMPLE_009299	FRAG_009299	hg38:4:171945327-172035752:+	90426
SAMPLE_009300	FRAG_009300	hg19:11:7856004-7942694:+	86691
SAMPLE_009301	FRAG_009301	hg38:16:144505992-144573057:+	67066
SAMPLE_009302	FRAG_009302	hg19:13:43069795-43146822:+	77028
SAMPLE_009303	FRAG_009303	hg38:7:193064642-193091010:-	26369
SAMPLE_009304	FRAG_009304	hg19:10:64430309-64432597:+	2289
SAMPLE_009305	FRAG_009305	hg38:14:158804775-158881511:-	76737
SAMPLE_009306	FRAG_009306	hg19:5:90397236-90470391:+	73156
SAMPLE_009307	FRAG_009307	hg38:Y:61185463-61210510:+	25048
SAMPLE_009308	FRAG_009308	hg19:5:106384527-106474597:-	90071
SAMPLE_009309	FRAG_009309	hg38:7:124104703-124125992:+	21290
SAMPLE_009310	FRAG_009310	hg19:11:181112609-181204118:-	91510
SAMPLE_009311	FRAG_009311	hg38:4:168253794-168291614:-	37821
SAMPLE_009312	FRAG_009312	hg19:5:160513885-160548788:+	34904
SAMPLE_009313	FRAG_009313	hg38:7:35348711-35367514:+	18804
SAMPLE_009314	FRAG_009314	hg19:9:131808292-131871977:+	63686
SAMPLE_009315	FRAG_009315	hg38:10:165382953-165439010:-	56058
SAMPLE_009316	FRAG_009316	hg19:2:66236700-66313897:-	77198
SAMPLE_009317	FRAG_009317	hg38:11:93523388-93572140:-	48753
SAMPLE_009318	FRAG_009318	hg19:2:10864426-10884428:+	20003
SAMPLE_009319	FRAG_009319	hg38:14:127235399-127250780:-	15382
SAMPLE_009320	FRAG_009320	hg19:3:113231967-113257967:-	26001
SAMPLE_009321	FRAG_009321	hg38:9:152290438-152338182:-	47745
SAMPLE_009322	FRAG_009322	hg19:16:30838499-30890329:+	51831
SAMPLE_009323	FRAG_009323	hg38:4:152322020-152394741:+	72722
SAMPLE_009324	FRAG_009324	hg19:22:26029939-26108696:+	78758
SAMPLE_009325	FRAG_009325	hg38:16:197607240-197696474:+	89235
SAMPLE_009326	FRAG_009326	hg19:14:8962795-9005882:-	43088
SAMPLE_009327	FRAG_009327	hg38:Y:28747624-28801236:+	53613
SAMPLE_009328	FRAG_009328	hg19:6:146229053-146249137:+	20085
SAMPLE_009329	FRAG_009329	hg38:21:170737221-170830792:+	93572
SAMPLE_009330	FRAG_009330	hg19:12:80467529-80518648:-	51120
SAMPLE_009331	FRAG_009331	hg38:14:187555844-187629410:-	73567
SAMPLE_009332	FRAG_009332	hg19:8:2173319-2261793:-	88475
SAMPLE_009333	FRAG_009333	hg38:12:87930682-87979640:-	48959
SAMPLE_009334	FRAG_009334	hg19:19:14704999-14749140:+	44142
SAMPLE_009335	FRAG_009335	hg38:14:190432966-190461284:-	28319
SAMPLE_009336	FRAG_009336	hg19:14:135143208-135144574:-	1367
SAMPLE_009337	FRAG_009337	hg38:16:163595418-163666556:-	71139
SAMPLE_009338	FRAG_009338	hg19:7:174453866-174484785:+	30920
SAMPLE_009339	FRAG_009339	hg38:16:52455365-52509595:+	54231
SAMPLE_009340	FRAG_009340	hg19:9:111343059-111432473:+	89415
SAMPLE_009341	FRAG_009341	hg38:1:48766268-48834865:+	68598
SAMPLE_009342	FRAG_009342	hg19:13:102208128-102282756:+	74629
SAMPLE_009343	FRAG_009343	hg38:14:5663263-5737530:+	74268
SAMPLE_009344	FRAG_009344	hg19:22:41175841-41200425:+	24585
SAMPLE_009345	FRAG_009345	hg38:19:101535719-101594430:-	58712
SAMPLE_009346	FRAG_009346	hg19:22:108484528-108488089:+	3562
SAMPLE_009347	FRAG_009347	hg38:15:10965993-11045855:-	79863
SAMPLE_009348	FRAG_009348	hg19:21:7377216-7438300:+	61085
SAMPLE_009349	FRAG_009349	hg38:11:29941189-30030583:+	89395
SAMPLE_009350	FRAG_009350	hg19:2:56621539-56629354:+	7816
SAMPLE_009351	FRAG_009351	hg38:9:165175502-165216546:+	41045
SAMPLE_009352	FRAG_009352	hg19:15:161828438-161886139:-	57702
SAMPLE_009353	FRAG_009353	hg38:6:103647718-103663225:+	15508
SAMPLE_009354	FRAG_009354	hg19:Y:148970486-148980669:+	10184
SAMPLE_009355	FRAG_009355	hg38:22:185215896-185247546:+	31651
SAMPLE_009356	FRAG_009356	hg19:19:171508349-171605145:+	96797
SAMPLE_009357	FRAG_009357	hg38:Y:43292354-43371007:-	78654
SAMPLE_009358	FRAG_009358	hg19:21:40381077-40461451:+	80375
SAMPLE_009359	FRAG_009359	hg38:1:61218481-61263174:+	44694
SAMPLE_009360	FRAG_009360	hg19:16:43846436-43858081:+	11646
SAMPLE_009361	FRAG_009361	hg38:14:15939318-15945338:+	6021
SAMPLE_009362	FRAG_009362	hg19:5:63592052-63659516:-	67465
SAMPLE_009363	FRAG_009363	hg38:15:76088986-76187605:+	98620
SAMPLE_009364	FRAG_009364	hg19:15:85706561-85714156:-	7596
SAMPLE_009365	FRAG_009365	hg38:20:88013480-88087334:-	73855
SAMPLE_009366	FRAG_009366	hg19:Y:144733185-144804656:-	71472
SAMPLE_009367	FRAG_009367	hg38:6:40001885-40074146:+	72262
SAMPLE_009368	FRAG_009368	hg19:13:41460174-41486037:+	25864
SAMPLE_009369	FRAG_009369	hg38:X:140198040-140285077:+	87038
SAMPLE_009370	FRAG_009370	hg19:3:114115598-114138039:+	22442
SAMPLE_009371	FRAG_009371	hg38:10:112657679-112692084:-	34406
SAMPLE_009372	FRAG_009372	hg19:12:156582468-156648931:-	66464
SAMPLE_009373	FRAG_009373	hg38:5:73679365-73776942:-	97578
SAMPLE_009374	FRAG_009374	hg19:14:153435957-153438178:-	2222
SAMPLE_009375	FRAG_009375	hg38:X:174605900-174608948:-	3049
SAMPLE_009376	FRAG_009376	hg19:9:42777010-42835175:-	58166
SAMPLE_009377	FRAG_009377	hg38:11:98116502-98140185:-	23684
SAMPLE_009378	FRAG_009378	hg19:7:148669646-148729526:-	59881
SAMPLE_009379	FRAG_009379	hg38:X:126969663-127003009:-	33347
SAMPLE_009380	FRAG_009380	hg19:18:71027086-71097884:+	70799
SAMPLE_009381	FRAG_009381	hg38:15:188066751-188067722:-	972
SAMPLE_009382	FRAG_009382	hg19:14:129460128-129502318:-	42191
SAMPLE_009383	FRAG_009383	hg38:15:117494635-117502062:+	7428
SAMPLE_009384	FRAG_009384	hg19:5:138962160-139043244:-	81085
SAMPLE_009385	FRAG_009385	hg38:5:83225783-83297815:+	72033
SAMPLE_009386	FRAG_009386	hg19:13:17454212-17523189:+	68978
SAMPLE_009387	FRAG_009387	hg38:17:108657034-108676751:+	19718
SAMPLE_009388	FRAG_009388	hg19:X:102376039-102460935:-	84897
SAMPLE_009389	FRAG_009389	hg38:4:8206363-8264212:+	57850
SAMPLE_009390	FRAG_009390	hg19:11:133255895-133282067:+	26173
SAMPLE_009391	FRAG_009391	hg38:21:114882472-114950597:+	68126
SAMPLE_009392	FRAG_009392	hg19:11:196591680-196642929:-	51250
SAMPLE_009393	FRAG_009393	hg38:18:3838561-3906602:+	68042
SAMPLE_009394	FRAG_009394	hg19:3:173137828-173228763:-	90936
SAMPLE_009395	FRAG_009395	hg38:13:127688125-127728681:-	40557
SAMPLE_009396	FRAG_009396	hg19:21:39747379-39756280:-	8902
SAMPLE_009397	FRAG_009397	hg38:19:52246518-52315658:+	69141
SAMPLE_009398	FRAG_009398	hg19:6:36845838-36880744:-	34907
SAMPLE_009399	FRAG_009399	hg38:8:181456092-181505491:-	49400
SAMPLE_009400	FRAG_009400	hg19:3:5833382-5886166:+	52785
SAMPLE_009401	FRAG_009401	hg38:19:23978049-24057706:-	79658
SAMPLE_009402	FRAG_009402	hg19:18:141203699-141206782:-	3084
SAMPLE_009403	FRAG_009403	hg38:1:32809566-32902136:-	92571
SAMPLE_009404	FRAG_009404	hg19:1:139092977-139184196:-	91220
SAMPLE_009405	FRAG_009405	hg38:16:99520931-99534900:+	13970
SAMPLE_009406	FRAG_009406	hg19:2:126450432-126513785:+	63354
SAMPLE_009407	FRAG_009407	hg38:Y:127512452-127520135:-	7684
SAMPLE_009408	FRAG_009408	hg19:2:61690267-61728119:+	37853
SAMPLE_009409	FRAG_009409	hg38:14:156419070-156491392:-	72323
SAMPLE_009410	FRAG_009410	hg19:Y:161283506-161342021:-	58516
SAMPLE_009411	FRAG_009411	hg38:15:41712597-41804766:-	92170
SAMPLE_009412	FRAG_009412	hg19:14:180768781-180780190:+	11410
SAMPLE_009413	FRAG_009413	hg38:11:25586209-25595538:+	9330
SAMPLE_009414	FRAG_009414	hg19:19:14755075-14755640:-	566
SAMPLE_009415	FRAG_009415	hg38:2:134241202-134255612:-	14411
SAMPLE_009416	FRAG_009416	hg19:1:48408526-48504250:+	95725
SAMPLE_009417	FRAG_009417	hg38:12:40888774-40895573:-	6800
SAMPLE_009418	FRAG_009418	hg19:22:152758925-152797311:-	38387
SAMPLE_009419	FRAG_009419	hg38:6:169233260-169323684:+	90425
SAMPLE_009420	FRAG_009420	hg19:X:166832342-166922320:+	89979
SAMPLE_009421	FRAG_009421	hg38:2:4209192-4220426:+	11235
SAMPLE_009422	FRAG_009422	hg19:20:98837846-98900036:-	62191
SAMPLE_009423	FRAG_009423	hg38:9:124671540-124757028:-	85489
SAMPLE_009424	FRAG_009424	hg19:21:161832057-161862711:-	30655
SAMPLE_009425	FRAG_009425	hg38:11:122146260-122224747:-	78488
SAMPLE_009426	FRAG_009426	hg19:9:94025940-94048327:+	22388
SAMPLE_009427	FRAG_009427	hg38:13:183053281-183140694:-	87414
SAMPLE_009428	FRAG_009428	hg19:22:45496800-45582292:+	85493
SAMPLE_009429	FRAG_009429	hg38:10:109572354-109583781:-	11428
SAMPLE_009430	FRAG_009430	hg19:4:193951061-193997333:+	46273
SAMPLE_009431	FRAG_009431	hg38:15:11562766-11601501:-	38736
SAMPLE_009432	FRAG_009432	hg19:3:64983057-65008152:-	25096
SAMPLE_009433	FRAG_009433	hg38:20:120222535-120253150:-	30616
SAMPLE_009434	FRAG_009434	hg19:13:154928593-155026289:-	97697
SAMPLE_009435	FRAG_009435	hg38:13:31927058-31997493:-	70436
SAMPLE_009436	FRAG_009436	hg19:1:86961256-87031248:-	69993
SAMPLE_009437	FRAG_009437	hg38:16:123891116-123903202:-	12087
SAMPLE_009438	FRAG_009438	hg19:20:13462510-13549162:-	86653
SAMPLE_009439	FRAG_009439	hg38:17:166189004-166228598:-	39595
SAMPLE_009440	FRAG_009440	hg19:17:22163663-22230895:-	67233
SAMPLE_009441	FRAG_009441	hg38:9:165356177-165433776:+	77600
SAMPLE_009442	FRAG_009442	hg19:17:57757693-57765835:-	8143
SAMPLE_009443	FRAG_009443	hg38:17:46879762-46932790:-	53029
SAMPLE_009444	FRAG_009444	hg19:Y:181882669-181889083:-	6415
SAMPLE_009445	FRAG_009445	hg38:15:72278553-72312539:-	33987
SAMPLE_009446	FRAG_009446	hg19:1:166679081-166753627:-	74547
SAMPLE_009447	FRAG_009447	hg38:7:70373668-70398108:-	24441
SAMPLE_009448	FRAG_009448	hg19:8:40019007-40061100:-	42094
SAMPLE_009449	FRAG_009449	hg38:Y:30334713-30412696:+	77984
SAMPLE_009450	FRAG_009450	hg19:4:186616257-186628621:+	12365
SAMPLE_009451	FRAG_009451	hg38:X:100843172-100911576:+	68405
SAMPLE_009452	FRAG_009452	hg19:18:111154763-111188067:-	33305
SAMPLE_009453	FRAG_009453	hg38:17:149687207-149767619:-	80413
SAMPLE_009454	FRAG_009454	hg19:20:45545478-45575123:+	29646
SAMPLE_009455	FRAG_009455	hg38:8:155853700-155900987:-	47288
SAMPLE_009456	FRAG_009456	hg19:4:179780281-179846326:+	66046
SAMPLE_009457	FRAG_009457	hg38:2:122858901-122945786:+	86886
SAMPLE_009458	FRAG_009458	hg19:21:187074080-187110623:+	36544
SAMPLE_009459	FRAG_009459	hg38:2:40673876-40694848:-	20973
SAMPLE_009460	FRAG_009460	hg19:9:93923062-93943859:-	20798
SAMPLE_009461	FRAG_009461	hg38:22:3322477-3340573:-	18097
SAMPLE_009462	FRAG_009462	hg19:11:147739954-147779316:+	39363
SAMPLE_009463	FRAG_009463	hg38:19:130995151-131063419:+	68269
SAMPLE_009464	FRAG_009464	hg19:X:38824250-38904671:+	80422
SAMPLE_009465	FRAG_009465	hg38:10:184365299-184427464:-	62166
SAMPLE_009466	FRAG_009466	hg19:20:145910152-146006182:-	96031
SAMPLE_009467	FRAG_009467	hg38:15:104776195-104816677:+	40483
SAMPLE_009468	FRAG_009468	hg19:10:157732646-157756017:+	23372
SAMPLE_009469	FRAG_009469	hg38:15:130326556-130340646:-	14091
SAMPLE_009470	FRAG_009470	hg19:22:49382200-49444884:+	62685
SAMPLE_009471	FRAG_009471	hg38:9:22078262-22135093:-	56832
SAMPLE_009472	FRAG_009472	hg19:6:91180631-91246539:+	65909
SAMPLE_009473	FRAG_009473	hg38:9:39669965-39715570:+	45606
SAMPLE_009474	FRAG_009474	hg19:14:115852123-115911081:-	58959
SAMPLE_009475	FRAG_009475	hg38:19:141857919-141929427:-	71509
SAMPLE_009476	FRAG_009476	hg19:16:79703680-79747517:-	43838
SAMPLE_009477	FRAG_009477	hg38:11:70251631-70319333:-	67703
SAMPLE_009478	FRAG_009478	hg19:10:64243435-64253013:-	9579
SAMPLE_009479	FRAG_009479	hg38:1:164846736-164862379:+	15644
SAMPLE_009480	FRAG_009480	hg19:Y:186736050-186812733:+	76684
SAMPLE_009481	FRAG_009481	hg38:14:186557570-186558496:-	927
SAMPLE_009482	FRAG_009482	hg19:20:49853926-49911436:-	57511
SAMPLE_009483	FRAG_009483	hg38:11:18180534-18267997:+	87464
SAMPLE_009484	FRAG_009484	hg19:9:67892968-67942865:+	49898
SAMPLE_009485	FRAG_009485	hg38:4:75839807-75860385:-	20579
SAMPLE_009486	FRAG_009486	hg19:10:163146510-163209729:+	63220
SAMPLE_009487	FRAG_009487	hg38:14:180604731-180699440:-	94710
SAMPLE_009488	FRAG_009488	hg19:14:19765110-19781184:-	16075
SAMPLE_009489	FRAG_009489	hg38:14:108927936-109001099:+	73164
SAMPLE_009490	FRAG_009490	hg19:X:189235146-189252987:+	17842
SAMPLE_009491	FRAG_009491	hg38:2:8576018-8637509:-	61492
SAMPLE_009492	FRAG_009492	hg19:11:68732491-68813375:+	80885
SAMPLE_009493	FRAG_009493	hg38:11:28417488-28448404:-	30917
SAMPLE_009494	FRAG_009494	hg19:2:190663881-190681592:+	17712
SAMPLE_009495	FRAG_009495	hg38:15:81398852-81482668:+	83817
SAMPLE_009496	FRAG_009496	hg19:8:58225023-58232450:-	7428
SAMPLE_009497	FRAG_009497	hg38:22:175635488-175659089:-	23602
SAMPLE_009498	FRAG_009498	hg19:3:112093722-112164592:+	70871
SAMPLE_009499	FRAG_009499	hg38:10:123559109-123598700:-	39592
SAMPLE_009500	FRAG_009500	hg19:14:17811313-17836460:+	25148
SAMPLE_009501	FRAG_009501	hg38:5:21534758-21617248:+	82491
SAMPLE_009502	FRAG_009502	hg19:18:4848355-4940411:-	92057
SAMPLE_009503	FRAG_009503	hg38:18:150679787-150704666:-	24880
SAMPLE_009504	FRAG_009504	hg19:18:13746945-13846835:-	99891
SAMPLE_009505	FRAG_009505	hg38:14:86617475-86628141:-	10667
SAMPLE_009506	FRAG_009506	hg19:12:138078462-138160564:-	82103
SAMPLE_009507	FRAG_009507	hg38:17:102122047-102175150:+	53104
SAMPLE_009508	FRAG_009508	hg19:12:88537731-88594985:-	57255
SAMPLE_009509	FRAG_009509	hg38:3:8710091-8779125:+	69035
SAMPLE_009510	FRAG_009510	hg19:21:183713813-183786529:+	72717
SAMPLE_009511	FRAG_009511	hg38:11:21408205-21426989:+	18785
SAMPLE_009512	FRAG_009512	hg19:22:190218251-190287341:-	69091
SAMPLE_009513	FRAG_009513	hg38:14:12141042-12218087:-	77046
SAMPLE_009514	FRAG_009514	hg19:20:105720235-105756452:-	36218
SAMPLE_009515	FRAG_009515	hg38:6:135620791-135691656:+	70866
SAMPLE_009516	FRAG_009516	hg19:X:77922455-77992764:-	70310
SAMPLE_009517	FRAG_009517	hg38:2:42370044-42413578:+	43535
SAMPLE_009518	FRAG_009518	hg19:8:180811178-180822063:+	10886
SAMPLE_009519	FRAG_009519	hg38:22:166596166-166618627:-	22462
SAMPLE_009520	FRAG_009520	hg19:3:45986296-46082947:+	96652
SAMPLE_009521	FRAG_009521	hg38:Y:5501818-5523202:+	21385
SAMPLE_009522	FRAG_009522	hg19:14:141379472-141429992:-	50521
SAMPLE_009523	FRAG_009523	hg38:10:119786437-119803552:-	17116
SAMPLE_009524	FRAG_009524	hg19:18:37556620-37608132:-	51513
SAMPLE_009525	FRAG_009525	hg38:18:179080691-179173258:-	92568
SAMPLE_009526	FRAG_009526	hg19:6:39661455-39723714:-	62260
SAMPLE_009527	FRAG_009527	hg38:Y:8800800-8850938:+	50139
SAMPLE_009528	FRAG_009528	hg19:5:136779744-136781067:-	1324
SAMPLE_009529	FRAG_009529	hg38:15:61799743-61873778:-	74036
SAMPLE_009530	FRAG_009530	hg19:15:2947004-2957987:-	10984
SAMPLE_009531	FRAG_009531	hg38:6:145134800-145222571:+	87772
SAMPLE_009532	FRAG_009532	hg19:8:172188477-172223835:-	35359
SAMPLE_009533	FRAG_009533	hg38:21:99860193-99952997:-	92805
SAMPLE_009534	FRAG_009534	hg19:8:115160991-115206332:+	45342
SAMPLE_009535	FRAG_009535	hg38:7:35645700-35731444:-	85745
SAMPLE_009536	FRAG_009536	hg19:16:192619176-192704126:+	84951
SAMPLE_009537	FRAG_009537	hg38:2:89742522-89776403:+	33882
SAMPLE_009538	FRAG_009538	hg19:11:96684586-96754650:-	70065
SAMPLE_009539	FRAG_009539	hg38:7:34776459-34784939:-	8481
SAMPLE_009540	FRAG_009540	hg19:8:171732563-171830771:+	98209
SAMPLE_009541	FRAG_009541	hg38:6:93446735-93519422:-	72688
SAMPLE_009542	FRAG_009542	hg19:1:191370610-191412026:+	41417
SAMPLE_009543	FRAG_009543	hg38:9:196104494-196110466:+	5973
SAMPLE_009544	FRAG_009544	hg19:11:91664384-91709733:-	45350
SAMPLE_009545	FRAG_009545	hg38:14:163036013-163104827:+	68815
SAMPLE_009546	FRAG_009546	hg19:19:123984607-124044071:+	59465
SAMPLE_009547	FRAG_009547	hg38:10:28917006-28931170:-	14165
SAMPLE_009548	FRAG_009548	hg19:16:145267153-145340779:+	73627
SAMPLE_009549	FRAG_009549	hg38:12:114098779-114175795:-	77017
SAMPLE_009550	FRAG_009550	hg19:13:124543319-124628349:+	85031
SAMPLE_009551	FRAG_009551	hg38:17:93145757-93197501:-	51745
SAMPLE_009552	FRAG_009552	hg19:20:80730690-80732520:-	1831
SAMPLE_009553	FRAG_009553	hg38:17:72016399-72104873:-	88475
SAMPLE_009554	FRAG_009554	hg19:16:62274177-62372470:+	98294
SAMPLE_009555	FRAG_009555	hg38:6:48866284-48960063:+	93780
SAMPLE_009556	FRAG_009556	hg19:X:77080910-77102778:-	21869
SAMPLE_009557	FRAG_009557	hg38:12:125888239-125958816:-	70578
SAMPLE_009558	FRAG_009558	hg19:1:177962171-177964055:-	1885
SAMPLE_009559	FRAG_009559	hg38:6:182835548-182867393:-	31846
SAMPLE_009560	FRAG_009560	hg19:11:160135151-160212023:-	76873
SAMPLE_009561	FRAG_009561	hg38:6:74708863-74764641:+	55779
SAMPLE_009562	FRAG_009562	hg19:16:7450355-7504931:-	54577
SAMPLE_009563	FRAG_009563	hg38:7:23855469-23863721:+	8253
SAMPLE_009564	FRAG_009564	hg19:X:61502378-61509063:+	6686
SAMPLE_009565	FRAG_009565	hg38:19:8767408-8834970:+	67563
SAMPLE_009566	FRAG_009566	hg19:8:136440328-136535374:-	95047
SAMPLE_009567	FRAG_009567	hg38:3:39595850-39645621:+	49772
SAMPLE_009568	FRAG_009568	hg19:8:114896725-114943866:+	47142
SAMPLE_009569	FRAG_009569	hg38:11:21319595-21391936:+	72342
SAMPLE_009570	FRAG_009570	hg19:18:5538865-5627661:+	88797
SAMPLE_009571	FRAG_009571	hg38:12:56487232-56516364:-	29133
SAMPLE_009572	FRAG_009572	hg19:9:88530731-88557146:-	26416
SAMPLE_009573	FRAG_009573	hg38:15:35708815-35712089:-	3275
SAMPLE_009574	FRAG_009574	hg19:16:138303063-138325280:-	22218
SAMPLE_009575	FRAG_009575	hg38:3:103266286-103308566:-	42281
SAMPLE_009576	FRAG_009576	hg19:20:178180888-178237943:-	57056
SAMPLE_009577	FRAG_009577	hg38:15:157059259-157151093:-	91835
SAMPLE_009578	FRAG_009578	hg19:12:92436257-92501589:-	65333
SAMPLE_009579	FRAG_009579	hg38:20:100550242-100625457:-	75216
SAMPLE_009580	FRAG_009580	hg19:1:88029496-88074900:+	45405
SAMPLE_009581	FRAG_009581	hg38:X:104810083-104893051:+	82969
SAMPLE_009582	FRAG_009582	hg19:19:170528067-170621636:+	93570
SAMPLE_009583	FRAG_009583	hg38:15:81627944-81643481:-	15538
SAMPLE_009584	FRAG_009584	hg19:10:151095893-151106131:+	10239
SAMPLE_009585	FRAG_009585	hg38:20:44071455-44117170:-	45716
SAMPLE_009586	FRAG_009586	hg19:5:178920137-179017507:-	97371
SAMPLE_009587	FRAG_009587	hg38:5:122636422-122645008:+	8587
SAMPLE_009588	FRAG_009588	hg19:3:175512932-175565120:-	52189
SAMPLE_009589	FRAG_009589	hg38:4:164814990-164824284:+	9295
SAMPLE_009590	FRAG_009590	hg19:3:101464886-101504623:-	39738
SAMPLE_009591	FRAG_009591	hg38:10:80417040-80510669:-	93630
SAMPLE_009592	FRAG_009592	hg19:5:55897596-55905964:+	8369
SAMPLE_009593	FRAG_009593	hg38:22:128126813-128145073:-	18261
SAMPLE_009594	FRAG_009594	hg19:20:125347197-125382046:+	34850
SAMPLE_009595	FRAG_009595	hg38:1:197132663-197200387:+	67725
SAMPLE_009596	FRAG_009596	hg19:10:51614268-51622196:-	7929
SAMPLE_009597	FRAG_009597	hg38:22:47252199-47284413:+	32215
SAMPLE_009598	FRAG_009598	hg19:6:77373474-77470681:-	97208
SAMPLE_009599	FRAG_009599	hg38:1:189503611-189600681:+	97071
SAMPLE_009600	FRAG_009600	hg19:19:118174224-118200973:+	26750
SAMPLE_009601	FRAG_009601	hg38:10:6919536-7004443:-	84908
SAMPLE_009602	FRAG_009602	hg19:3:193347291-193370862:+	23572
SAMPLE_009603	FRAG_009603	hg38:18:98092408-98097990:+	5583
SAMPLE_009604	FRAG_009604	hg19:12:154457604-154520781:-	63178
SAMPLE_009605	FRAG_009605	hg38:19:17409624-17484595:+	74972
SAMPLE_009606	FRAG_009606	hg19:10:164150274-164213484:-	63211
SAMPLE_009607	FRAG_009607	hg38:3:176934688-176953051:+	18364
SAMPLE_009608	FRAG_009608	hg19:5:82198166-82241252:-	43087
SAMPLE_009609	FRAG_009609	hg38:1:149629534-149641350:+	11817
SAMPLE_009610	FRAG_009610	hg19:4:82229796-82257026:+	27231
SAMPLE_009611	FRAG_009611	hg38:9:191603225-191669566:-	66342
SAMPLE_009612	FRAG_009612	hg19:16:55258486-55267984:+	9499
SAMPLE_009613	FRAG_009613	hg38:20:168346085-168436449:-	90365
SAMPLE_009614	FRAG_009614	hg19:X:124931472-124955026:-	23555
SAMPLE_009615	FRAG_009615	hg38:18:24403339-24458365:+	55027
SAMPLE_009616	FRAG_009616	hg19:16:78941343-78973196:+	31854
SAMPLE_009617	FRAG_009617	hg38:4:41463238-41479006:+	15769
SAMPLE_009618	FRAG_009618	hg19:6:24169307-24250971:+	81665
SAMPLE_009619	FRAG_009619	hg38:17:61072721-61084175:+	11455
SAMPLE_009620	FRAG_009620	hg19:3:159930707-159969216:-	38510
SAMPLE_009621	FRAG_009621	hg38:18:44690864-44695867:+	5004
SAMPLE_009622	FRAG_009622	hg19:18:174067013-174138950:+	71938
SAMPLE_009623	FRAG_009623	hg38:19:182845449-182895735:-	50287
SAMPLE_009624	FRAG_009624	hg19:10:43354628-43402373:+	47746
SAMPLE_009625	FRAG_009625	hg38:4:29908456-29983964:+	75509
SAMPLE_009626	FRAG_009626	hg19:17:19818301-19838995:+	20695
SAMPLE_009627	FRAG_009627	hg38:7:106375703-106418267:+	42565
SAMPLE_009628	FRAG_009628	hg19:4:41696014-41754482:+	58469
SAMPLE_009629	FRAG_009629	hg38:14:108023168-108105722:-	82555
SAMPLE_009630	FRAG_009630	hg19:2:191998489-192038361:+	39873
SAMPLE_009631	FRAG_009631	hg38:16:4045448-4057098:+	11651
SAMPLE_009632	FRAG_009632	hg19:X:152178783-152251090:+	72308
SAMPLE_009633	FRAG_009633	hg38:20:136876026-136891618:-	15593
SAMPLE_009634	FRAG_009634	hg19:10:87183737-87188923:+	5187
SAMPLE_009635	FRAG_009635	hg38:4:194857902-194889750:+	31849
SAMPLE_009636	FRAG_009636	hg19:6:67844560-67848063:-	3504
SAMPLE_009637	FRAG_009637	hg38:9:99751993-99830143:-	78151
SAMPLE_009638	FRAG_009638	hg19:1:21565691-21630820:-	65130
SAMPLE_009639	FRAG_009639	hg38:17:105915459-105978184:-	62726
SAMPLE_009640	FRAG_009640	hg19:2:134125594-134219882:-	94289
SAMPLE_009641	FRAG_009641	hg38:12:189805617-189904568:+	98952
SAMPLE_009642	FRAG_009642	hg19:12:176293397-176386627:-	93231
SAMPLE_009643	FRAG_009643	hg38:5:21197511-21227644:-	30134
SAMPLE_009644	FRAG_009644	hg19:Y:32587312-32615200:-	27889
SAMPLE_009645	FRAG_009645	hg38:1:178741052-178767220:-	26169
SAMPLE_009646	FRAG_009646	hg19:21:196444985-196511521:+	66537
SAMPLE_009647	FRAG_009647	hg38:3:181345108-181431108:+	86001
SAMPLE_009648	FRAG_009648	hg19:11:118975342-119066284:+	90943
SAMPLE_009649	FRAG_009649	hg38:7:165296326-165371972:-	75647
SAMPLE_009650	FRAG_009650	hg19:7:114957708-114966127:-	8420
SAMPLE_009651	FRAG_009651	hg38:15:4667974-4671449:-	3476
SAMPLE_009652	FRAG_009652	hg19:20:76413024-76493153:-	80130
SAMPLE_009653	FRAG_009653	hg38:20:107626083-107678604:+	52522
SAMPLE_009654	FRAG_009654	hg19:X:67523297-67541743:+	18447
SAMPLE_009655	FRAG_009655	hg38:X:16908884-16969835:+	60952
SAMPLE_009656	FRAG_009656	hg19:16:183854808-183869475:-	14668
SAMPLE_009657	FRAG_009657	hg38:17:8094214-8095879:-	1666
SAMPLE_009658	FRAG_009658	hg19:3:177084093-177120551:+	36459
SAMPLE_009659	FRAG_009659	hg38:18:54123572-54179233:+	55662
SAMPLE_009660	FRAG_009660	hg19:6:81059396-81088233:+	28838
SAMPLE_009661	FRAG_009661	hg38:1:110044069-110143217:-	99149
SAMPLE_009662	FRAG_009662	hg19:18:79692549-79757393:-	64845
SAMPLE_009663	FRAG_009663	hg38:X:187157179-187228681:+	71503
SAMPLE_009664	FRAG_009664	hg19:20:46929176-47015014:+	85839
SAMPLE_009665	FRAG_009665	hg38:15:162001859-162046274:+	44416
SAMPLE_009666	FRAG_009666	hg19:19:51064327-51129429:+	65103
SAMPLE_009667	FRAG_009667	hg38:17:146422029-146465129:+	43101
SAMPLE_009668	FRAG_009668	hg19:22:148749459-148798957:-	49499
SAMPLE_009669	FRAG_009669	hg38:Y:96582007-96618465:-	36459
SAMPLE_009670	FRAG_009670	hg19:4:167485314-167513544:+	28231
SAMPLE_009671	FRAG_009671	hg38:19:7422648-7478306:+	55659
SAMPLE_009672	FRAG_009672	hg19:10:45316859-45385434:+	68576
SAMPLE_009673	FRAG_009673	hg38:14:146669446-146734905:+	65460
SAMPLE_009674	FRAG_009674	hg19:18:132275425-132369042:+	93618
SAMPLE_009675	FRAG_009675	hg38:13:171431255-171505494:+	74240
SAMPLE_009676	FRAG_009676	hg19:5:143777889-143809913:+	32025
SAMPLE_009677	FRAG_009677	hg38:2:187524247-187558575:+	34329
SAMPLE_009678	FRAG_009678	hg19:14:118836649-118870615:-	33967
SAMPLE_009679	FRAG_009679	hg38:17:111943089-111984377:-	41289
SAMPLE_009680	FRAG_009680	hg19:9:116622556-116690853:-	68298
SAMPLE_009681	FRAG_009681	hg38:X:27377789-27413120:-	35332
SAMPLE_009682	FRAG_009682	hg19:8:24712656-24777523:+	64868
SAMPLE_009683	FRAG_009683	hg38:2:62199244-62252214:+	52971
SAMPLE_009684	FRAG_009684	hg19:15:93665849-93709984:+	44136
SAMPLE_009685	FRAG_009685	hg38:19:130059979-130118446:-	58468
SAMPLE_009686	FRAG_009686	hg19:2:70832974-70849441:-	16468
SAMPLE_009687	FRAG_009687	hg38:17:2307518-2347588:+	40071
SAMPLE_009688	FRAG_009688	hg19:4:73304367-73403077:-	98711
SAMPLE_009689	FRAG_009689	hg38:3:118953863-119002841:+	48979
SAMPLE_009690	FRAG_009690	hg19:18:190712360-190727636:-	15277
SAMPLE_009691	FRAG_009691	hg38:X:189722889-189751460:-	28572
SAMPLE_009692	FRAG_009692	hg19:3:112151428-112161454:-	10027
SAMPLE_009693	FRAG_009693	hg38:4:83387064-83400929:-	13866
SAMPLE_009694	FRAG_009694	hg19:1:101677285-101703768:+	26484
SAMPLE_009695	FRAG_009695	hg38:3:164093816-164162000:+	68185
SAMPLE_009696	FRAG_009696	hg19:13:6941892-7040500:-	98609
SAMPLE_009697	FRAG_009697	hg38:11:191395165-191440200:-	45036
SAMPLE_009698	FRAG_009698	hg19:13:70311209-70357666:+	46458
SAMPLE_009699	FRAG_009699	hg38:Y:135426094-135478790:+	52697
SAMPLE_009700	FRAG_009700	hg19:13:69582028-69648922:+	66895
SAMPLE_009701	FRAG_009701	hg38:16:25026275-25086028:-	59754
SAMPLE_009702	FRAG_009702	hg19:1:78864482-78890986:-	26505
SAMPLE_009703	FRAG_009703	hg38:21:85492985-85583397:-	90413
SAMPLE_009704	FRAG_009704	hg19:11:96072407-96147171:-	74765
SAMPLE_009705	FRAG_009705	hg38:14:3380139-3384394:+	4256
SAMPLE_009706	FRAG_009706	hg19:1:25888217-25900018:-	11802
SAMPLE_009707	FRAG_009707	hg38:21:41852589-41871132:-	18544
SAMPLE_009708	FRAG_009708	hg19:5:141300298-141329704:-	29407
SAMPLE_009709	FRAG_009709	hg38:19:72687208-72749517:+	62310
SAMPLE_009710	FRAG_009710	hg19:X:175921414-175934887:-	13474
SAMPLE_009711	FRAG_009711	hg38:Y:105845215-105872932:+	27718
SAMPLE_009712	FRAG_009712	hg19:18:177662794-177711481:+	48688
SAMPLE_009713	FRAG_009713	hg38:19:183316047-183359123:-	43077
SAMPLE_009714	FRAG_009714	hg19:1:52990228-53067466:-	77239
SAMPLE_009715	FRAG_009715	hg38:1:163285159-163379523:+	94365
SAMPLE_009716	FRAG_009716	hg19:14:97827713-97917730:+	90018
SAMPLE_009717	FRAG_009717	hg38:18:19692017-19707392:+	15376
SAMPLE_009718	FRAG_009718	hg19:14:70691661-70783015:+	91355
SAMPLE_009719	FRAG_009719	hg38:8:142650749-142687305:-	36557
SAMPLE_009720	FRAG_009720	hg19:18:51685830-51721981:-	36152
SAMPLE_009721	FRAG_009721	hg38:15:5186446-5191391:-	4946
SAMPLE_009722	FRAG_009722	hg19:6:154118933-154183265:-	64333
SAMPLE_009723	FRAG_009723	hg38:X:155726633-155813739:-	87107
SAMPLE_009724	FRAG_009724	hg19:X:82840850-82857616:+	16767
SAMPLE_009725	FRAG_009725	hg38:20:69473332-69520413:-	47082
SAMPLE_009726	FRAG_009726	hg19:20:104937661-105036312:-	98652
SAMPLE_009727	FRAG_009727	hg38:19:79835112-79878773:+	43662
SAMPLE_009728	FRAG_009728	hg19:3:188018783-188116521:-	97739
SAMPLE_009729	FRAG_009729	hg38:X:95953238-96045246:-	92009
SAMPLE_009730	FRAG_009730	hg19:5:93018319-93081031:+	62713
SAMPLE_009731	FRAG_009731	hg38:17:4216080-4217595:+	1516
SAMPLE_009732	FRAG_009732	hg19:14:193857431-193955249:+	97819
SAMPLE_009733	FRAG_009733	hg38:21:55947038-56006103:-	59066
SAMPLE_009734	FRAG_009734	hg19:10:156681369-156742286:-	60918
SAMPLE_009735	FRAG_009735	hg38:X:86610572-86709540:+	98969
SAMPLE_009736	FRAG_009736	hg19:8:181967883-182009413:+	41531
SAMPLE_009737	FRAG_009737	hg38:14:58138790-58232559:+	93770
SAMPLE_009738	FRAG_009738	hg19:6:75758708-75814593:-	55886
SAMPLE_009739	FRAG_009739	hg38:X:185375310-185387749:+	12440
SAMPLE_009740	FRAG_009740	hg19:2:120441973-120454333:+	12361
SAMPLE_009741	FRAG_009741	hg38:15:28766920-28840319:+	73400
SAMPLE_009742	FRAG_009742	hg19:22:168225221-168319056:-	93836
SAMPLE_009743	FRAG_009743	hg38:21:91688473-91774970:-	86498
SAMPLE_009744	FRAG_009744	hg19:13:199015962-199026277:+	10316
SAMPLE_009745	FRAG_009745	hg38:2:153009245-153045209:-	35965
SAMPLE_009746	FRAG_009746	hg19:18:25122197-25159637:-	37441
SAMPLE_009747	FRAG_009747	hg38:6:190411798-190494284:+	82487
SAMPLE_009748	FRAG_009748	hg19:11:95114705-95208741:+	94037
SAMPLE_009749	FRAG_009749	hg38:18:172773656-172800630:+	26975
SAMPLE_009750	FRAG_009750	hg19:16:182060503-182083150:-	22648
SAMPLE_009751	FRAG_009751	hg38:X:109819280-109866860:-	47581
SAMPLE_009752	FRAG_009752	hg19:19:34472387-34545604:+	73218
SAMPLE_009753	FRAG_009753	hg38:2:112281528-112300183:-	18656
SAMPLE_009754	FRAG_009754	hg19:13:172050747-172087149:-	36403
SAMPLE_009755	FRAG_009755	hg38:X:26731230-26793641:+	62412
SAMPLE_009756	FRAG_009756	hg19:11:151422541-151490889:+	68349
SAMPLE_009757	FRAG_009757	hg38:Y:18381007-18477050:-	96044
SAMPLE_009758	FRAG_009758	hg19:2:141053671-141142661:-	88991
SAMPLE_009759	FRAG_009759	hg38:3:1544672-1639743:-	95072
SAMPLE_009760	FRAG_009760	hg19:Y:33432701-33508809:+	76109
SAMPLE_009761	FRAG_009761	hg38:14:21418969-21435099:-	16131
SAMPLE_009762	FRAG_009762	hg19:13:69337923-69372211:-	34289
SAMPLE_009763	FRAG_009763	hg38:X:22938125-23023773:+	85649
SAMPLE_009764	FRAG_009764	hg19:19:65724471-65791140:+	66670
SAMPLE_009765	FRAG_009765	hg38:19:98506725-98567186:-	60462
SAMPLE_009766	FRAG_009766	hg19:6:82060434-82156806:-	96373
SAMPLE_009767	FRAG_009767	hg38:7:180989609-181086009:-	96401
SAMPLE_009768	FRAG_009768	hg19:X:65740035-65764746:-	24712
SAMPLE_009769	FRAG_009769	hg38:Y:130614785-130702984:-	88200
SAMPLE_009770	FRAG_009770	hg19:18:196423430-196512362:-	88933
SAMPLE_009771	FRAG_009771	hg38:15:16168240-16169359:-	1120
SAMPLE_009772	FRAG_009772	hg19:18:33480593-33554559:+	73967
SAMPLE_009773	FRAG_009773	hg38:11:47327093-47359344:-	32252
SAMPLE_009774	FRAG_009774	hg19:4:24232060-24253114:+	21055
SAMPLE_009775	FRAG_009775	hg38:18:45559508-45581427:-	21920
SAMPLE_009776	FRAG_009776	hg19:16:158183974-158259413:+	75440
SAMPLE_009777	FRAG_009777	hg38:20:179736196-179790316:-	54121
SAMPLE_009778	FRAG_009778	hg19:14:6242195-6338116:+	95922
SAMPLE_009779	FRAG_009779	hg38:18:97794006-97850915:+	56910
SAMPLE_009780	FRAG_009780	hg19:18:154301038-154329718:-	28681
SAMPLE_009781	FRAG_009781	hg38:15:111022886-111031665:-	8780
SAMPLE_009782	FRAG_009782	hg19:13:180485737-180585586:+	99850
SAMPLE_009783	FRAG_009783	hg38:4:1312416-1406930:+	94515
SAMPLE_009784	FRAG_009784	hg19:7:127805301-127895304:+	90004
SAMPLE_009785	FRAG_009785	hg38:Y:6684115-6762435:-	78321
SAMPLE_009786	FRAG_009786	hg19:2:131840314-131873052:+	32739
SAMPLE_009787	FRAG_009787	hg38:17:138470064-138553336:-	83273
SAMPLE_009788	FRAG_009788	hg19:X:117673750-117766661:+	92912
SAMPLE_009789	FRAG_009789	hg38:6:134871576-134876870:+	5295
SAMPLE_009790	FRAG_009790	hg19:19:63969153-64037134:-	67982
SAMPLE_009791	FRAG_009791	hg38:17:160415181-160451242:+	36062
SAMPLE_009792	FRAG_009792	hg19:22:186640441-186732067:-	91627
SAMPLE_009793	FRAG_009793	hg38:16:82730122-82825325:-	95204
SAMPLE_009794	FRAG_009794	hg19:14:48245286-48335453:-	90168
SAMPLE_009795	FRAG_009795	hg38:12:128445623-128453890:-	8268
SAMPLE_009796	FRAG_009796	hg19:22:92352292-92388052:-	35761
SAMPLE_009797	FRAG_009797	hg38:11:36764105-36822490:-	58386
SAMPLE_009798	FRAG_009798	hg19:16:97757726-97810020:-	52295
SAMPLE_009799	FRAG_009799	hg38:3:137856770-137935660:+	78891
SAMPLE_009800	FRAG_009800	hg19:17:120923155-120937149:-	13995
SAMPLE_009801	FRAG_009801	hg38:16:155993233-156056204:-	62972
SAMPLE_009802	FRAG_009802	hg19:1:53031109-53036897:-	5789
SAMPLE_009803	FRAG_009803	hg38:11:41041297-41059146:+	17850
SAMPLE_009804	FRAG_009804	hg19:6:49197916-49255754:-	57839
SAMPLE_009805	FRAG_009805	hg38:20:16662560-16692650:+	30091
SAMPLE_009806	FRAG_009806	hg19:5:105405290-105503200:-	97911
SAMPLE_009807	FRAG_009807	hg38:12:100647805-100670826:-	23022
SAMPLE_009808	FRAG_009808	hg19:8:3713640-3745795:+	32156
SAMPLE_009809	FRAG_009809	hg38:15:70232301-70331560:+	99260
SAMPLE_009810	FRAG_009810	hg19:Y:61961770-62012220:-	50451
SAMPLE_009811	FRAG_009811	hg38:3:139228275-139285486:-	57212
SAMPLE_009812	FRAG_009812	hg19:5:40858780-40944121:-	85342
SAMPLE_009813	FRAG_009813	hg38:15:129482795-129535685:-	52891
SAMPLE_009814	FRAG_009814	hg19:4:92965452-92982353:+	16902
SAMPLE_009815	FRAG_009815	hg38:16:155284856-155368307:+	83452
SAMPLE_009816	FRAG_009816	hg19:2:97143088-97237974:+	94887
SAMPLE_009817	FRAG_009817	hg38:13:110573913-110669220:+	95308
SAMPLE_009818	FRAG_009818	hg19:7:133222431-133240756:-	18326
SAMPLE_009819	FRAG_009819	hg38:8:70221981-70250935:+	28955
SAMPLE_009820	FRAG_009820	hg19:5:96281808-96352140:-	70333
SAMPLE_009821	FRAG_009821	hg38:6:62975795-63044403:-	68609
SAMPLE_009822	FRAG_009822	hg19:5:134490926-134520144:+	29219
SAMPLE_009823	FRAG_009823	hg38:6:156620106-156664778:+	44673
SAMPLE_009824	FRAG_009824	hg19:4:63566297-63571428:+	5132
SAMPLE_009825	FRAG_009825	hg38:X:197856894-197919198:+	62305
SAMPLE_009826	FRAG_009826	hg19:1:187006001-187077700:-	71700
SAMPLE_009827	FRAG_009827	hg38:5:56731579-56817927:-	86349
SAMPLE_009828	FRAG_009828	hg19:2:120660708-120687999:+	27292
SAMPLE_009829	FRAG_009829	hg38:9:52294631-52321018:+	26388
SAMPLE_009830	FRAG_009830	hg19:7:34229500-34319494:+	89995
SAMPLE_009831	FRAG_009831	hg38:18:99551875-99589196:-	37322
SAMPLE_009832	FRAG_009832	hg19:21:35328236-35339547:-	11312
SAMPLE_009833	FRAG_009833	hg38:21:147948329-148012642:+	64314
SAMPLE_009834	FRAG_009834	hg19:9:59819717-59881130:-	61414
SAMPLE_009835	FRAG_009835	hg38:4:141597040-141675191:-	78152
SAMPLE_009836	FRAG_009836	hg19:22:31513542-31602846:-	89305
SAMPLE_009837	FRAG_009837	hg38:14:177825173-177900562:-	75390
SAMPLE_009838	FRAG_009838	hg19:18:176167061-176169730:-	2670
SAMPLE_009839	FRAG_009839	hg38:10:190520940-190569873:-	48934
SAMPLE_009840	FRAG_009840	hg19:10:196395890-196436031:+	40142
SAMPLE_009841	FRAG_009841	hg38:4:132390459-132439146:+	48688
SAMPLE_009842	FRAG_009842	hg19:15:180507412-180589270:+	81859
SAMPLE_009843	FRAG_009843	hg38:14:9084585-9123011:-	38427
SAMPLE_009844	FRAG_009844	hg19:7:40049197-40143188:-	93992
SAMPLE_009845	FRAG_009845	hg38:7:162741700-162827093:-	85394
SAMPLE_009846	FRAG_009846	hg19:17:98350679-98420556:+	69878
SAMPLE_009847	FRAG_009847	hg38:9:36644605-36740239:+	95635
SAMPLE_009848	FRAG_009848	hg19:21:11204881-11280374:+	75494
SAMPLE_009849	FRAG_009849	hg38:20:165714449-165774823:-	60375
SAMPLE_009850	FRAG_009850	hg19:22:140017785-140106381:+	88597
SAMPLE_009851	FRAG_009851	hg38:22:22556080-22584264:-	28185
SAMPLE_009852	FRAG_009852	hg19:1:45286710-45318407:+	31698
SAMPLE_009853	FRAG_009853	hg38:20:101430005-101497325:-	67321
SAMPLE_009854	FRAG_009854	hg19:12:22661985-22710037:+	48053
SAMPLE_009855	FRAG_009855	hg38:5:4136221-4180186:-	43966
SAMPLE_009856	FRAG_009856	hg19:14:198686911-198744347:-	57437
SAMPLE_009857	FRAG_009857	hg38:21:10884745-10973205:-	88461
SAMPLE_009858	FRAG_009858	hg19:21:60902445-60962941:-	60497
SAMPLE_009859	FRAG_009859	hg38:16:127441489-127496717:+	55229
SAMPLE_009860	FRAG_009860	hg19:10:155888882-155963861:-	74980
SAMPLE_009861	FRAG_009861	hg38:8:151193366-151212519:-	19154
SAMPLE_009862	FRAG_009862	hg19:Y:24897980-24979171:+	81192
SAMPLE_009863	FRAG_009863	hg38:8:90912210-90981880:+	69671
SAMPLE_009864	FRAG_009864	hg19:10:127084874-127104592:-	19719
SAMPLE_009865	FRAG_009865	hg38:6:28692706-28713220:-	20515
SAMPLE_009866	FRAG_009866	hg19:12:108492560-108567243:+	74684
SAMPLE_009867	FRAG_009867	hg38:22:80176753-80235155:+	58403
SAMPLE_009868	FRAG_009868	hg19:19:112301971-112391161:+	89191
SAMPLE_009869	FRAG_009869	hg38:20:70033826-70113455:-	79630
SAMPLE_009870	FRAG_009870	hg19:20:2938823-2977205:+	38383
SAMPLE_009871	FRAG_009871	hg38:18:94379659-94453936:-	74278
SAMPLE_009872	FRAG_009872	hg19:Y:112335790-112373775:-	37986
SAMPLE_009873	FRAG_009873	hg38:14:176266398-176353735:-	87338
SAMPLE_009874	FRAG_009874	hg19:7:127145914-127156176:+	10263
SAMPLE_009875	FRAG_009875	hg38:17:59304296-59369098:+	64803
SAMPLE_009876	FRAG_009876	hg19:2:199194173-199214282:+	20110
SAMPLE_009877	FRAG_009877	hg38:1:40318105-40405398:-	87294
SAMPLE_009878	FRAG_009878	hg19:7:181249300-181299628:-	50329
SAMPLE_009879	FRAG_009879	hg38:8:46028658-46118665:-	90008
SAMPLE_009880	FRAG_009880	hg19:Y:177311556-177363241:-	51686
SAMPLE_009881	FRAG_009881	hg38:7:190106571-190201417:+	94847
SAMPLE_009882	FRAG_009882	hg19:6:55896419-55992563:-	96145
SAMPLE_009883	FRAG_009883	hg38:17:72914319-72974064:+	59746
SAMPLE_009884	FRAG_009884	hg19:20:115376193-115385252:-	9060
SAMPLE_009885	FRAG_009885	hg38:1:156762440-156775526:+	13087
SAMPLE_009886	FRAG_009886	hg19:2:3785426-3864988:-	79563
SAMPLE_009887	FRAG_009887	hg38:18:116639682-116708259:-	68578
SAMPLE_009888	FRAG_009888	hg19:Y:7148608-7244430:-	95823
SAMPLE_009889	FRAG_009889	hg38:7:42406684-42504947:-	98264
SAMPLE_009890	FRAG_009890	hg19:10:121064213-121104584:+	40372
SAMPLE_009891	FRAG_009891	hg38:22:139002141-139064116:-	61976
SAMPLE_009892	FRAG_009892	hg19:20:170141429-170189515:-	48087
SAMPLE_009893	FRAG_009893	hg38:3:116627360-116691342:+	63983
SAMPLE_009894	FRAG_009894	hg19:20:7230088-7318522:+	88435
SAMPLE_009895	FRAG_009895	hg38:16:112356058-112369235:-	13178
SAMPLE_009896	FRAG_009896	hg19:X:178665564-178752168:-	86605
SAMPLE_009897	FRAG_009897	hg38:21:29841331-29915129:+	73799
SAMPLE_009898	FRAG_009898	hg19:10:132759504-132805887:+	46384
SAMPLE_009899	FRAG_009899	hg38:X:113331353-113367490:-	36138
SAMPLE_009900	FRAG_009900	hg19:19:69435362-69475201:-	39840
SAMPLE_009901	FRAG_009901	hg38:7:63762696-63853459:-	90764
SAMPLE_009902	FRAG_009902	hg19:18:192002414-192010378:-	7965
SAMPLE_009903	FRAG_009903	hg38:5:154706147-154772335:+	66189
SAMPLE_009904	FRAG_009904	hg19:22:105418996-105462978:-	43983
SAMPLE_009905	FRAG_009905	hg38:12:149478578-149490595:+	12018
SAMPLE_009906	FRAG_009906	hg19:15:82320619-82392201:-	71583
SAMPLE_009907	FRAG_009907	hg38:15:160293631-160306001:+	12371
SAMPLE_009908	FRAG_009908	hg19:15:66904014-66940353:-	36340
SAMPLE_009909	FRAG_009909	hg38:12:163733672-163739859:-	6188
SAMPLE_009910	FRAG_009910	hg19:17:167153398-167195697:+	42300
SAMPLE_009911	FRAG_009911	hg38:17:107051163-107056980:+	5818
SAMPLE_009912	FRAG_009912	hg19:Y:16504252-16547135:+	42884
SAMPLE_009913	FRAG_009913	hg38:8:138305807-138312214:-	6408
SAMPLE_009914	FRAG_009914	hg19:9:164278519-164330566:+	52048
SAMPLE_009915	FRAG_009915	hg38:9:81039470-81069105:+	29636
SAMPLE_009916	FRAG_009916	hg19:12:142838530-142871945:-	33416
SAMPLE_009917	FRAG_009917	hg38:20:48460491-48504240:+	43750
SAMPLE_009918	FRAG_009918	hg19:6:185154574-185168458:-	13885
SAMPLE_009919	FRAG_009919	hg38:13:64118439-64123157:-	4719
SAMPLE_009920	FRAG_009920	hg19:3:140885206-140886374:+	1169
SAMPLE_009921	FRAG_009921	hg38:7:84306625-84350393:-	43769
SAMPLE_009922	FRAG_009922	hg19:20:103478137-103516743:-	38607
SAMPLE_009923	FRAG_009923	hg38:1:158680456-158720231:+	39776
SAMPLE_009924	FRAG_009924	hg19:7:109008012-109071024:-	63013
SAMPLE_009925	FRAG_009925	hg38:15:124361087-124397788:-	36702
SAMPLE_009926	FRAG_009926	hg19:Y:33890235-33967127:+	76893
SAMPLE_009927	FRAG_009927	hg38:14:50999511-51010635:+	11125
SAMPLE_009928	FRAG_009928	hg19:4:12886248-12931053:+	44806
SAMPLE_009929	FRAG_009929	hg38:Y:183691661-183767467:-	75807
SAMPLE_009930	FRAG_009930	hg19:X:95260529-95302054:-	41526
SAMPLE_009931	FRAG_009931	hg38:X:191846076-191912466:+	66391
SAMPLE_009932	FRAG_009932	hg19:21:172484759-172559055:+	74297
SAMPLE_009933	FRAG_009933	hg38:2:33916416-33956590:-	40175
SAMPLE_009934	FRAG_009934	hg19:17:60488223-60567650:+	79428
SAMPLE_009935	FRAG_009935	hg38:7:36170988-36220351:-	49364
SAMPLE_009936	FRAG_009936	hg19:X:178572110-178666341:-	94232
SAMPLE_009937	FRAG_009937	hg38:1:60975067-60988727:-	13661
SAMPLE_009938	FRAG_009938	hg19:11:1086895-1185594:+	98700
SAMPLE_009939	FRAG_009939	hg38:6:91928746-92006069:-	77324
SAMPLE_009940	FRAG_009940	hg19:7:4103574-4172054:+	68481
SAMPLE_009941	FRAG_009941	hg38:1:50488612-50498099:-	9488
SAMPLE_009942	FRAG_009942	hg19:12:26414635-26476173:+	61539
SAMPLE_009943	FRAG_009943	hg38:12:15709998-15783757:-	73760
SAMPLE_009944	FRAG_009944	hg19:Y:25324653-25410882:-	86230
SAMPLE_009945	FRAG_009945	hg38:20:156262636-156337610:+	74975
SAMPLE_009946	FRAG_009946	hg19:7:168898945-168952026:-	53082
SAMPLE_009947	FRAG_009947	hg38:2:91205840-91253032:+	47193
SAMPLE_009948	FRAG_009948	hg19:19:181346469-181359405:+	12937
SAMPLE_009949	FRAG_009949	hg38:19:143876056-143930528:-	54473
SAMPLE_009950	FRAG_009950	hg19:3:117259258-117325511:-	66254
SAMPLE_009951	FRAG_009951	hg38:3:3090259-3154069:+	63811
SAMPLE_009952	FRAG_009952	hg19:21:164831446-164872733:+	41288
SAMPLE_009953	FRAG_009953	hg38:20:190820193-190847431:+	27239
SAMPLE_009954	FRAG_009954	hg19:18:99150827-99245093:+	94267
SAMPLE_009955	FRAG_009955	hg38:16:28222894-28315404:-	92511
SAMPLE_009956	FRAG_009956	hg19:3:159643088-159663732:+	20645
SAMPLE_009957	FRAG_009957	hg38:7:20924829-20943743:+	18915
SAMPLE_009958	FRAG_009958	hg19:9:95761576-95837636:+	76061
SAMPLE_009959	FRAG_009959	hg38:5:152005035-152011050:-	6016
SAMPLE_009960	FRAG_009960	hg19:2:15002163-15089919:+	87757
SAMPLE_009961	FRAG_009961	hg38:16:20606999-20696131:-	89133
SAMPLE_009962	FRAG_009962	hg19:16:141163652-141211758:-	48107
SAMPLE_009963	FRAG_009963	hg38:13:193293207-193313956:-	20750
SAMPLE_009964	FRAG_009964	hg19:9:2853560-2924956:-	71397
SAMPLE_009965	FRAG_009965	hg38:13:19332337-19346758:+	14422
SAMPLE_009966	FRAG_009966	hg19:14:36247778-36345356:+	97579
SAMPLE_009967	FRAG_009967	hg38:21:16984139-17014725:-	30587
SAMPLE_009968	FRAG_009968	hg19:19:20711763-20760837:-	49075
SAMPLE_009969	FRAG_009969	hg38:11:181864892-181929666:+	64775
SAMPLE_009970	FRAG_009970	hg19:6:32643080-32658018:-	14939
SAMPLE_009971	FRAG_009971	hg38:2:18038239-18123046:+	84808
SAMPLE_009972	FRAG_009972	hg19:4:196921593-197009546:+	87954
SAMPLE_009973	FRAG_009973	hg38:22:174159603-174253222:+	93620
SAMPLE_009974	FRAG_009974	hg19:22:164396808-164477861:+	81054
SAMPLE_009975	FRAG_009975	hg38:7:49884685-49892954:-	8270
SAMPLE_009976	FRAG_009976	hg19:12:137356741-137433748:-	77008
SAMPLE_009977	FRAG_009977	hg38:19:37415428-37510383:+	94956
SAMPLE_009978	FRAG_009978	hg19:14:60367651-60387895:+	20245
SAMPLE_009979	FRAG_009979	hg38:10:92494516-92581882:-	87367
SAMPLE_009980	FRAG_009980	hg19:18:185555813-185642571:+	86759
SAMPLE_009981	FRAG_009981	hg38:1:189949763-190026634:-	76872
SAMPLE_009982	FRAG_009982	hg19:21:154201628-154216248:-	14621
SAMPLE_009983	FRAG_009983	hg38:18:78365047-78371890:-	6844
SAMPLE_009984	FRAG_009984	hg19:1:44829419-44874977:+	45559
SAMPLE_009985	FRAG_009985	hg38:3:14140771-14159748:+	18978
SAMPLE_009986	FRAG_009986	hg19:14:140282236-140283506:+	1271
SAMPLE_009987	FRAG_009987	hg38:13:28707537-28743960:+	36424
SAMPLE_009988	FRAG_009988	hg19:9:110271964-110305900:+	33937
SAMPLE_009989	FRAG_009989	hg38:18:21233785-21326226:-	92442
SAMPLE_009990	FRAG_009990	hg19:4:11238410-11272549:+	34140
SAMPLE_009991	FRAG_009991	hg38:9:152376925-152433110:-	56186
SAMPLE_009992	FRAG_009992	hg19:9:152944968-152982231:-	37264
SAMPLE_009993	FRAG_009993	hg38:1:4101736-4155180:-	53445
SAMPLE_009994	FRAG_009994	hg19:17:112124468-112129519:+	5052
SAMPLE_009995	FRAG_009995	hg38:X:71404101-71464464:-	60364
SAMPLE_009996	FRAG_009996	hg19:13:160483145-160540293:+	57149
SAMPLE_009997	FRAG_009997	hg38:22:172175423-172256955:-	81533
SAMPLE_009998	FRAG_009998	hg19:19:11904274-11990475:-	86202
SAMPLE_009999	FRAG_009999	hg38:9:164313071-164332137:-	19067
SAMPLE_010000	FRAG_010000	hg19:3:39406449-39446931:+	40483
